Batch_File,Job_Name,AA_Change,WT_AA,Position,Mut_AA,Type2_Subtype,ACMG_Classification,Transcript_Consequence,Protein_Consequence,RSID,Variant_Type,Allele_Frequency,Clinical_Classification,Sequence_Length,Sequence_MD5,AlphaGenome_Max_Score,Splice_Delta,Notes,VWF_Domain
af3_type2_batch_01,VWF_WT,WT,-,-,-,WT_Control,Benign,-,Wild Type,-,WT,-,WT,2813,674896408,-,-,Wild type control for structural comparison,
af3_type2_batch_01,VWF_S2775C,S2775C,S,2775,C,type2A,Uncertain signifi-cance,c.8324C>G,p.Ser2775Cys,-,missense,6.19482e-07,type2A,2813,197905517,-,-,Type 2 VWD - type2A,CT (C-terminal)
af3_type2_batch_01,VWF_V2465M,V2465M,V,2465,M,type2A,Uncertain signifi-cance,c.7393G>A,p.Val2465Met,rs375655409,missense,6.19545e-05,type2A,2813,718916536,0.2188,0.0002,Type 2 VWD - type2A,CT (C-terminal)
af3_type2_batch_01,VWF_P1790S,P1790S,P,1790,S,type2A,Uncertain signifi-cance,c.5368C>T,p.Pro1790Ser,rs1944054577,missense,6.19566e-07,type2A,2813,137330264,-,-,Type 2 VWD - type2A,D4 (Multimerization)
af3_type2_batch_01,VWF_S1783A,S1783A,S,1783,A,type2M,Uncertain signifi-cance,c.5347T>G,p.Ser1783Ala,rs267607353,missense,4.39854e-05,type2M,2813,257845534,2.5,0.0001,Type 2 VWD - type2M,D4 (Multimerization)
af3_type2_batch_01,VWF_M1761K,M1761K,M,1761,K,type2M,Uncertain signifi-cance,c.5282T>A,p.Met1761Lys,rs1490774216,missense,2.29236e-05,type2M,2813,962048846,-,-,Type 2 VWD - type2M,D4 (Multimerization)
af3_type2_batch_01,VWF_W1745C,W1745C,W,1745,C,type2M,Likely pathogenic,c.5235G>T,p.Trp1745Cys,rs267607352,missense,6.19509e-07,type2M,2813,909500933,2.5,0.0233,Type 2 VWD - type2M,D4 (Multimerization)
af3_type2_batch_01,VWF_S1731L,S1731L,S,1731,L,type2M,Uncertain signifi-cance,c.5192C>T,p.Ser1731Leu,rs764077750,missense,6.19543e-06,type2M,2813,985331374,4.0,0.0004999999999999999,Type 2 VWD - type2M,D4 (Multimerization)
af3_type2_batch_01,VWF_G1672R,G1672R,G,1672,R,type2A,Uncertain signifi-cance,c.5014G>A,p.Gly1672Arg,rs61750598,missense,0.000187935,type2A,2813,69544735,4.0,0.0,Type 2 VWD - type2A,"A3 (Collagen binding, type 2M mutations)"
af3_type2_batch_01,VWF_L1657I,L1657I,L,1657,I,type2A,Likely pathogenic,c.4969C>A,p.Leu1657Ile,rs61750592,missense,6.19882e-07,type2A,2813,774184329,2.5,0.00019999999999999998,Type 2 VWD - type2A,"A3 (Collagen binding, type 2M mutations)"
af3_type2_batch_01,VWF_I1649N,I1649N,I,1649,N,type2A,Likely pathogenic,c.4946T>A,p.Ile1649Asn,-,missense,6.19706e-07,type2A,2813,558561259,-,-,Type 2 VWD - type2A,"A3 (Collagen binding, type 2M mutations)"
af3_type2_batch_01,VWF_N1635I,N1635I,N,1635,I,type2A,Uncertain signifi-cance,c.4904A>T,p.Asn1635Ile,rs778661133,missense,1.54907e-05,type2A,2813,537605327,-,-,Type 2 VWD - type2A,"A3 (Collagen binding, type 2M mutations)"
af3_type2_batch_01,VWF_V1630M,V1630M,V,1630,M,type2A,Likely pathogenic,c.4888G>A,p.Val1630Met,-,missense,6.19599e-07,type2A,2813,543173122,4.0,0.0003,Type 2 VWD - type2A,"A3 (Collagen binding, type 2M mutations)"
af3_type2_batch_01,VWF_I1628T,I1628T,I,1628,T,type2A,Pathogenic,c.4883T>C,p.Ile1628Thr,rs61750584,missense,1.85891e-06,type2A,2813,485338976,4.0,0.0,Type 2 VWD - type2A,"A3 (Collagen binding, type 2M mutations)"
af3_type2_batch_01,VWF_D1614G,D1614G,D,1614,G,type2A,Likely pathogenic,c.4841A>G,p.Asp1614Gly,rs61750582,missense,1.23924e-06,type2A,2813,178545668,2.5,0.1494,Type 2 VWD - type2A,"A3 (Collagen binding, type 2M mutations)"
af3_type2_batch_01,VWF_D1614N,D1614N,D,1614,N,type2A,Likely pathogenic,c.4840G>A,p.Asp1614Asn,rs1478977315,missense,1.23913e-06,type2A,2813,874737856,4.0,0.0,Type 2 VWD - type2A,"A3 (Collagen binding, type 2M mutations)"
af3_type2_batch_01,VWF_G1609R,G1609R,G,1609,R,type2A,Likely pathogenic,c.4825G>A,p.Gly1609Arg,rs61750580,missense,3.09764e-06,type2A,2813,369567688,4.0,-,Type 2 VWD - type2A,"A3 (Collagen binding, type 2M mutations)"
af3_type2_batch_01,VWF_R1597W,R1597W,R,1597,W,type2A,Pathogenic,c.4789C>T,p.Arg1597Trp,rs61750117,missense,6.19568e-07,type2A,2813,872283579,4.0,0.0,Type 2 VWD - type2A,"A3 (Collagen binding, type 2M mutations)"
af3_type2_batch_01,VWF_G1573S,G1573S,G,1573,S,type2A,Likely pathogenic,c.4717G>A,p.Gly1573Ser,rs267607349,missense,1.11552e-05,type2A,2813,348964459,2.5,0.00010000000000000005,Type 2 VWD - type2A,"A3 (Collagen binding, type 2M mutations)"
af3_type2_batch_01,VWF_R1527Q,R1527Q,R,1527,Q,type2A,Uncertain signifi-cance,c.4580G>A,p.Arg1527Gln,rs780538558,missense,2.85042e-05,type2A,2813,445295459,4.0,-,Type 2 VWD - type2A,"A3 (Collagen binding, type 2M mutations)"
af3_type2_batch_01,VWF_K1518E,K1518E,K,1518,E,type2A,Likely pathogenic,c.4552A>G,p.Lys1518Glu,rs61750102,missense,6.19612e-07,type2A,2813,992562397,2.5,-,Type 2 VWD - type2A,"A3 (Collagen binding, type 2M mutations)"
af3_type2_batch_01,VWF_L1503Q,L1503Q,L,1503,Q,type2A,Pathogenic,c.4508T>A,p.Leu1503Gln,rs61750097,missense,6.21394e-07,type2A,2813,461711732,2.5,0.0014,Type 2 VWD - type2A,"A3 (Collagen binding, type 2M mutations)"
af3_type2_batch_01,VWF_D1498N,D1498N,D,1498,N,type2A,Uncertain signifi-cance,c.4492G>A,p.Asp1498Asn,rs1009808532,missense,1.17731e-05,type2A,2813,433216540,4.0,0.0,Type 2 VWD - type2A,"A3 (Collagen binding, type 2M mutations)"
af3_type2_batch_01,VWF_A1461V,A1461V,A,1461,V,type2B,Likely pathogenic,c.4382C>T,p.Ala1461Val,rs61750089,missense,6.19623e-07,type2B,2813,287882607,4.0,0.0003,Type 2 VWD - type2B,A2 (ADAMTS13 cleavage)
af3_type2_batch_01,VWF_L1460F,L1460F,L,1460,F,type2B,Uncertain signifi-cance,c.4378C>T,p.Leu1460Phe,rs61750088,missense,7.31132e-05,type2B,2813,301530111,4.0,0.0001,Type 2 VWD - type2B,A2 (ADAMTS13 cleavage)
af3_type2_batch_01,VWF_A1437T,A1437T,A,1437,T,type2M,Pathogenic,c.4309G>A,p.Ala1437Thr,rs61750084,missense,3.71802e-06,type2M,2813,469554544,4.0,0.0001,Type 2 VWD - type2M,A2 (ADAMTS13 cleavage)
af3_type2_batch_01,VWF_R1426C,R1426C,R,1426,C,type2M,Uncertain signifi-cance,c.4276C>T,p.Arg1426Cys,rs555366738,missense,6.19614e-06,type2M,2813,330058824,-,-,Type 2 VWD - type2M,A2 (ADAMTS13 cleavage)
af3_type2_batch_01,VWF_I1425F,I1425F,I,1425,F,type2M,Pathogenic,c.4273A>T,p.Ile1425Phe,rs61750083,missense,6.19626e-07,type2M,2813,620432765,2.5,0.0006,Type 2 VWD - type2M,A2 (ADAMTS13 cleavage)
af3_type2_batch_01,VWF_H1419N,H1419N,H,1419,N,type2A,Uncertain signifi-cance,c.4255C>A,p.His1419Asn,rs375498783,missense,3.71797e-05,type2A,2813,264065859,4.0,0.0,Type 2 VWD - type2A,A2 (ADAMTS13 cleavage)
af3_type2_batch_01,VWF_G1417W,G1417W,G,1417,W,type2M,Pathogenic,c.4249G>T,p.Gly1417Trp,rs2136412846,missense,6.19593e-07,type2M,2813,369002440,4.0,0.0,Type 2 VWD - type2M,A2 (ADAMTS13 cleavage)
af3_type2_batch_02,VWF_I1416T,I1416T,I,1416,T,type2M,Pathogenic,c.4247T>C,p.Ile1416Thr,rs61750081,missense,4.3374e-06,type2M,2813,327057492,4.0,-,Type 2 VWD - type2M,A2 (ADAMTS13 cleavage)
af3_type2_batch_02,VWF_I1416N,I1416N,I,1416,N,type2A,Pathogenic,c.4247T>A,p.Ile1416Asn,rs61750081,missense,1.85889e-06,type2A,2813,462692670,4.0,-,Type 2 VWD - type2A,A2 (ADAMTS13 cleavage)
af3_type2_batch_02,VWF_Q1402P,Q1402P,Q,1402,P,type2M,Likely pathogenic,c.4205A>C,p.Gln1402Pro,-,missense,6.19611e-07,type2M,2813,381965370,2.5,0.0,Type 2 VWD - type2M,A2 (ADAMTS13 cleavage)
af3_type2_batch_02,VWF_R1399C,R1399C,R,1399,C,type2M,Likely pathogenic,c.4195C>T,p.Arg1399Cys,rs61750077,missense,5.14322e-05,type2M,2813,217452674,2.5,0.0001,Type 2 VWD - type2M,A2 (ADAMTS13 cleavage)
af3_type2_batch_02,VWF_R1395W,R1395W,R,1395,W,type2M,Uncertain signifi-cance,c.4183C>T,p.Arg1395Trp,rs751394243,missense,1.23932e-05,type2M,2813,649116913,2.5,0.0,Type 2 VWD - type2M,A2 (ADAMTS13 cleavage)
af3_type2_batch_02,VWF_S1394F,S1394F,S,1394,F,type2M,Uncertain signifi-cance,c.4181C>T,p.Ser1394Phe,rs1033516182,missense,5.57682e-06,type2M,2813,275145807,4.0,-,Type 2 VWD - type2M,A2 (ADAMTS13 cleavage)
af3_type2_batch_02,VWF_R1379C,R1379C,R,1379,C,type2B,Pathogenic,c.4135C>T,p.Arg1379Cys,rs61750074,missense,2.54041e-05,type2B,2813,531655430,4.0,-,Type 2 VWD - type2B,A2 (ADAMTS13 cleavage)
af3_type2_batch_02,VWF_R1374H,R1374H,R,1374,H,type2M,Pathogenic,c.4121G>A,p.Arg1374His,rs61750072,missense,1.23925e-06,type2M,2813,694462197,2.5,0.0,Type 2 VWD - type2M,A2 (ADAMTS13 cleavage)
af3_type2_batch_02,VWF_R1374C,R1374C,R,1374,C,type2M,Pathogenic,c.4120C>T,p.Arg1374Cys,rs61750071,missense,3.09829e-06,type2M,2813,705861047,4.0,0.0,Type 2 VWD - type2M,A2 (ADAMTS13 cleavage)
af3_type2_batch_02,VWF_D1373Y,D1373Y,D,1373,Y,type2M,Likely pathogenic,c.4117G>T,p.Asp1373Tyr,rs1332206266,missense,1.23926e-06,type2M,2813,204173557,-,-,Type 2 VWD - type2M,A2 (ADAMTS13 cleavage)
af3_type2_batch_02,VWF_I1372S,I1372S,I,1372,S,type2B,Uncertain signifi-cance,c.4115T>G,p.Ile1372Ser,rs61750070,missense,3.53198e-05,type2B,2813,849085587,2.5,-,Type 2 VWD - type2B,A2 (ADAMTS13 cleavage)
af3_type2_batch_02,VWF_F1369I,F1369I,F,1369,I,type2M,Pathogenic,c.4105T>A,p.Phe1369Ile,rs61750069,missense,6.19684e-06,type2M,2813,476322729,4.0,0.0,Type 2 VWD - type2M,A2 (ADAMTS13 cleavage)
af3_type2_batch_02,VWF_L1365R,L1365R,L,1365,R,type2M,Likely pathogenic,c.4094T>G,p.Leu1365Arg,-,missense,6.19609e-07,type2M,2813,946407063,-,-,Type 2 VWD - type2M,A2 (ADAMTS13 cleavage)
af3_type2_batch_02,VWF_V1360A,V1360A,V,1360,A,type2M,Uncertain signifi-cance,c.4079T>C,p.Val1360Ala,rs267607338,missense,1.1156e-05,type2M,2813,803305762,4.0,0.003,Type 2 VWD - type2M,A2 (ADAMTS13 cleavage)
af3_type2_batch_02,VWF_E1359K,E1359K,E,1359,K,type2M,Pathogenic,c.4075G>A,p.Glu1359Lys,rs61749407,missense,4.95721e-06,type2M,2813,840210701,4.0,0.0001,Type 2 VWD - type2M,A2 (ADAMTS13 cleavage)
af3_type2_batch_02,VWF_R1341Q,R1341Q,R,1341,Q,type2B,Pathogenic,c.4022G>A,p.Arg1341Gln,rs61749403,missense,1.2392e-06,type2B,2813,351713219,2.5,0.0,Type 2 VWD - type2B,A2 (ADAMTS13 cleavage)
af3_type2_batch_02,VWF_R1341W,R1341W,R,1341,W,type2B,Pathogenic,c.4021C>T,p.Arg1341Trp,rs61749402,missense,1.85892e-05,type2B,2813,887851723,2.5,-,Type 2 VWD - type2B,A2 (ADAMTS13 cleavage)
af3_type2_batch_02,VWF_P1337L,P1337L,P,1337,L,type2B,Pathogenic,c.4010C>T,p.Pro1337Leu,rs61749400,missense,4.95684e-06,type2B,2813,52993295,2.5,0.00019999999999999993,Type 2 VWD - type2B,A2 (ADAMTS13 cleavage)
af3_type2_batch_02,VWF_R1334Q,R1334Q,R,1334,Q,type2M,Uncertain signifi-cance,c.4001G>A,p.Arg1334Gln,rs775812331,missense,6.19642e-06,type2M,2813,991911388,4.0,0.0001,Type 2 VWD - type2M,A2 (ADAMTS13 cleavage)
af3_type2_batch_02,VWF_R1334W,R1334W,R,1334,W,type2M,Uncertain signifi-cance,c.4000C>T,p.Arg1334Trp,rs746810319,missense,2.41665e-05,type2M,2813,827136119,4.0,0.0002000000000000001,Type 2 VWD - type2M,A2 (ADAMTS13 cleavage)
af3_type2_batch_02,VWF_S1325F,S1325F,S,1325,F,type2M,Likely pathogenic,c.3974C>T,p.Ser1325Phe,rs538488005,missense,6.1961e-07,type2M,2813,454215600,4.0,0.0,Type 2 VWD - type2M,A2 (ADAMTS13 cleavage)
af3_type2_batch_02,VWF_G1324S,G1324S,G,1324,S,type2M,Pathogenic,c.3970G>A,p.Gly1324Ser,rs61749398,missense,4.33773e-06,type2M,2813,812836643,4.0,0.0,Type 2 VWD - type2M,A2 (ADAMTS13 cleavage)
af3_type2_batch_02,VWF_R1308L,R1308L,R,1308,L,type2B,Pathogenic,c.3923G>T,p.Arg1308Leu,rs61749388,missense,6.196e-07,type2B,2813,933979081,4.0,0.0,Type 2 VWD - type2B,A2 (ADAMTS13 cleavage)
af3_type2_batch_02,VWF_R1308H,R1308H,R,1308,H,type2A,Uncertain signifi-cance,c.3923G>A,p.Arg1308His,rs61749388,missense,1.67292e-05,type2A,2813,668516834,4.0,0.0,Type 2 VWD - type2A,A2 (ADAMTS13 cleavage)
af3_type2_batch_02,VWF_R1306L,R1306L,R,1306,L,type2B,Pathogenic,c.3917G>T,p.Arg1306Leu,rs61749385,missense,6.19596e-07,type2B,2813,296434572,4.0,0.0,Type 2 VWD - type2B,A2 (ADAMTS13 cleavage)
af3_type2_batch_02,VWF_R1306Q,R1306Q,R,1306,Q,type2B,Pathogenic,c.3917G>A,p.Arg1306Gln,rs61749385,missense,1.23928e-06,type2B,2813,201162839,4.0,0.0,Type 2 VWD - type2B,A2 (ADAMTS13 cleavage)
af3_type2_batch_02,VWF_P1266L,P1266L,P,1266,L,type2B,Uncertain signifi-cance,c.3797C>T,p.Pro1266Leu,rs61749370,missense,0.000667761,type2B,2813,593723739,-,-,Type 2 VWD - type2B,A2 (ADAMTS13 cleavage)
af3_type2_batch_02,VWF_P1266Q,P1266Q,P,1266,Q,type2M,Uncertain signifi-cance,c.3797C>A,p.Pro1266Gln,rs61749370,missense,0.000541879,type2M,2813,909205265,4.0,-,Type 2 VWD - type2M,A2 (ADAMTS13 cleavage)
af3_type2_batch_02,VWF_Y1258C,Y1258C,Y,1258,C,type2B,Uncertain signifi-cance,c.3773A>G,p.Tyr1258Cys,rs781111573,missense,2.16893e-05,type2B,2813,17347860,-,-,Type 2 VWD - type2B,A2 (ADAMTS13 cleavage)
af3_type2_batch_02,VWF_C1234Y,C1234Y,C,1234,Y,type2A,Likely pathogenic,c.3701G>A,p.Cys1234Tyr,-,missense,6.19769e-07,type2A,2813,214597395,-,-,Type 2 VWD - type2A,"A1 (Collagen binding, type 2B mutations)"
af3_type2_batch_03,VWF_C1196R,C1196R,C,1196,R,type2A,Likely pathogenic,c.3586T>C,p.Cys1196Arg,rs61749365,missense,1.23899e-06,type2A,2813,299809810,2.5,-,Type 2 VWD - type2A,"A1 (Collagen binding, type 2B mutations)"
af3_type2_batch_03,VWF_D1195Y,D1195Y,D,1195,Y,type2A,Likely pathogenic,c.3583G>T,p.Asp1195Tyr,rs374591991,missense,1.36299e-05,type2A,2813,866888979,-,-,Type 2 VWD - type2A,"A1 (Collagen binding, type 2B mutations)"
af3_type2_batch_03,VWF_C1190Y,C1190Y,C,1190,Y,type2A,Pathogenic,c.3569G>A,p.Cys1190Tyr,rs1591865026,missense,6.19497e-07,type2A,2813,408582447,4.0,0.00010000000000000005,Type 2 VWD - type2A,"A1 (Collagen binding, type 2B mutations)"
af3_type2_batch_03,VWF_Y1146C,Y1146C,Y,1146,C,type2A,Pathogenic,c.3437A>G,p.Tyr1146Cys,rs267607326,missense,1.83987e-06,type2A,2813,295836830,4.0,0.0004,Type 2 VWD - type2A,"A1 (Collagen binding, type 2B mutations)"
af3_type2_batch_03,VWF_W1120S,W1120S,W,1120,S,type2A,Pathogenic,c.3359G>C,p.Trp1120Ser,rs267607321,missense,1.23924e-06,type2A,2813,743950580,36.0156,0.0007,Type 2 VWD - type2A,"A1 (Collagen binding, type 2B mutations)"
af3_type2_batch_03,VWF_Y1107C,Y1107C,Y,1107,C,type2A,Likely pathogenic,c.3320A>G,p.Tyr1107Cys,rs267607319,missense,6.19645e-07,type2A,2813,813347611,2.5,0.0001,Type 2 VWD - type2A,"A1 (Collagen binding, type 2B mutations)"
af3_type2_batch_03,VWF_C1091R,C1091R,C,1091,R,type2A,Likely pathogenic,c.3271T>C,p.Cys1091Arg,-,missense,6.19692e-07,type2A,2813,118405127,-,-,Type 2 VWD - type2A,"A1 (Collagen binding, type 2B mutations)"
af3_type2_batch_03,VWF_E1078K,E1078K,E,1078,K,type2N,Pathogenic,c.3232G>A,p.Glu1078Lys,rs267607316,missense,2.48081e-06,type2N,2813,795745868,37.6016,0.0003,Type 2 VWD - type2N,"A1 (Collagen binding, type 2B mutations)"
af3_type2_batch_03,VWF_Q1053H,Q1053H,Q,1053,H,type2N,Uncertain signifi-cance,c.3159G>T,p.Gln1053His,rs61748496,missense,7.58653e-06,type2N,2813,620834112,2.5,0.0,Type 2 VWD - type2N,"A1 (Collagen binding, type 2B mutations)"
af3_type2_batch_03,VWF_R976C,R976C,R,976,C,type2A,Uncertain signifi-cance,c.2926C>T,p.Arg976Cys,rs764251476,missense,5.45265e-05,type2A,2813,378354609,4.0,0.0,Type 2 VWD - type2A,"A1 (Collagen binding, type 2B mutations)"
af3_type2_batch_03,VWF_D879N,D879N,D,879,N,type2N,Pathogenic,c.2635G>A,p.Asp879Asn,rs61748485,missense,9.91307e-06,type2N,2813,381361524,2.5,0.0,Type 2 VWD - type2N,"A1 (Collagen binding, type 2B mutations)"
af3_type2_batch_03,VWF_C858S,C858S,C,858,S,type2N,Likely pathogenic,c.2572T>A,p.Cys858Ser,rs1845232939,missense,6.19535e-07,type2N,2813,93740461,-,-,Type 2 VWD - type2N,"A1 (Collagen binding, type 2B mutations)"
af3_type2_batch_03,VWF_R854Q,R854Q,R,854,Q,type2N,Pathogenic,c.2561G>A,p.Arg854Gln,rs41276738,missense,0.004955972,type2N,2813,175792747,4.0,0.0,Type 2 VWD - type2N,"A1 (Collagen binding, type 2B mutations)"
af3_type2_batch_03,VWF_R854W,R854W,R,854,W,type2N,Pathogenic,c.2560C>T,p.Arg854Trp,rs61748482,missense,1.54887e-05,type2N,2813,636016435,2.5,0.08989999999999998,Type 2 VWD - type2N,"A1 (Collagen binding, type 2B mutations)"
af3_type2_batch_03,VWF_C849F,C849F,C,849,F,type2N,Pathogenic,c.2546G>T,p.Cys849Phe,rs772796741,missense,3.09761e-06,type2N,2813,347243015,4.0,0.18359999999999999,Type 2 VWD - type2N,"A1 (Collagen binding, type 2B mutations)"
af3_type2_batch_03,VWF_R816Q,R816Q,R,816,Q,type2N,Pathogenic,c.2447G>A,p.Arg816Gln,rs62643634,missense,1.30113e-05,type2N,2813,797663516,4.0,9.999999999999983e-05,Type 2 VWD - type2N,"A1 (Collagen binding, type 2B mutations)"
af3_type2_batch_03,VWF_R816W,R816W,R,816,W,type2N,Pathogenic,c.2446C>T,p.Arg816Trp,rs121964894,missense,1.98274e-05,type2N,2813,859694813,4.0,0.0,Type 2 VWD - type2N,"A1 (Collagen binding, type 2B mutations)"
af3_type2_batch_03,VWF_P812L,P812L,P,812,L,type2N,Uncertain signifi-cance,c.2435C>T,p.Pro812Leu,rs62643631,missense,4.58561e-05,type2N,2813,608924765,2.5,0.0001,Type 2 VWD - type2N,"A1 (Collagen binding, type 2B mutations)"
af3_type2_batch_03,VWF_P811L,P811L,P,811,L,type2N,Likely pathogenic,c.2432C>T,p.Pro811Leu,rs1478975030,missense,1.23918e-06,type2N,2813,307248256,-,-,Type 2 VWD - type2N,"A1 (Collagen binding, type 2B mutations)"
af3_type2_batch_03,VWF_C799F,C799F,C,799,F,type2N,Likely pathogenic,c.2396G>T,p.Cys799Phe,-,missense,6.19499e-07,type2N,2813,447972960,-,-,Type 2 VWD - type2N,"A1 (Collagen binding, type 2B mutations)"
af3_type2_batch_03,VWF_C799Y,C799Y,C,799,Y,type2N,Likely pathogenic,c.2396G>A,p.Cys799Tyr,rs954273691,missense,1.85863e-06,type2N,2813,605669309,4.0,0.0004,Type 2 VWD - type2N,"A1 (Collagen binding, type 2B mutations)"
af3_type2_batch_03,VWF_L797R,L797R,L,797,R,type2N,Likely pathogenic,c.2390T>G,p.Leu797Arg,rs1219013109,missense,6.19521e-07,type2N,2813,87755630,-,-,Type 2 VWD - type2N,"A1 (Collagen binding, type 2B mutations)"
af3_type2_batch_03,VWF_Y795C,Y795C,Y,795,C,type2N,Likely pathogenic,c.2384A>G,p.Tyr795Cys,rs61748478,missense,1.23901e-06,type2N,2813,614781668,2.5,0.0002,Type 2 VWD - type2N,"A1 (Collagen binding, type 2B mutations)"
af3_type2_batch_03,VWF_T791M,T791M,T,791,M,type2N,Pathogenic,c.2372C>T,p.Thr791Met,rs61748477,missense,1.79674e-05,type2N,2813,243387981,2.5,0.0,Type 2 VWD - type2N,"A1 (Collagen binding, type 2B mutations)"
af3_type2_batch_03,VWF_C788Y,C788Y,C,788,Y,type2N,Pathogenic,c.2363G>A,p.Cys788Tyr,rs61748476,missense,6.19514e-07,type2N,2813,706512087,4.0,9.999999999999996e-05,Type 2 VWD - type2N,"A1 (Collagen binding, type 2B mutations)"
af3_type2_batch_03,VWF_E787K,E787K,E,787,K,type2N,Uncertain signifi-cance,c.2359G>A,p.Glu787Lys,rs61748474,missense,3.71709e-06,type2N,2813,695134048,2.5,-,Type 2 VWD - type2N,"A1 (Collagen binding, type 2B mutations)"
af3_type2_batch_03,VWF_R782W,R782W,R,782,W,type2N,Uncertain signifi-cance,c.2344C>T,p.Arg782Trp,rs61748471,missense,3.40753e-05,type2N,2813,690061782,4.0,0.0001,Type 2 VWD - type2N,"A1 (Collagen binding, type 2B mutations)"
af3_type2_batch_03,VWF_R760H,R760H,R,760,H,type2A,Uncertain signifi-cance,c.2279G>A,p.Arg760His,rs61748467,missense,1.61102e-05,type2A,2813,43361732,2.5,0.0,Type 2 VWD - type2A,D'D3 (GP1b binding)
af3_type2_batch_03,VWF_R760C,R760C,R,760,C,type2N,Uncertain signifi-cance,c.2278C>T,p.Arg760Cys,rs61748466,missense,6.19559e-06,type2N,2813,864843875,4.0,0.00019999999999999993,Type 2 VWD - type2N,D'D3 (GP1b binding)
af3_type2_batch_03,VWF_C623W,C623W,C,623,W,type2A,Uncertain signifi-cance,c.1869C>G,p.Cys623Trp,rs61754017,missense,4.55956e-06,type2A,2813,912452095,4.0,-,Type 2 VWD - type2A,D'D3 (GP1b binding)
af3_type2_batch_04,VWF_T588P,T588P,T,588,P,type2A,Uncertain signifi-cance,c.1762A>C,p.Thr588Pro,-,missense,6.46524e-07,type2A,2813,118515400,-,-,Type 2 VWD - type2A,D'D3 (GP1b binding)
af3_type2_batch_04,VWF_G550R,G550R,G,550,R,type2A,Likely pathogenic,c.1648G>A,p.Gly550Arg,rs61754011,missense,6.19698e-07,type2A,2813,776909020,4.0,0.0,Type 2 VWD - type2A,D'D3 (GP1b binding)
af3_type2_batch_04,VWF_L536P,L536P,L,536,P,type2A,Pathogenic,c.1607T>C,p.Leu536Pro,rs1591890769,missense,3.71841e-06,type2A,2813,548895260,4.0,0.0,Type 2 VWD - type2A,D'D3 (GP1b binding)
af3_type2_batch_04,VWF_R202P,R202P,R,202,P,type2A,Uncertain signifi-cance,c.605G>C,p.Arg202Pro,rs369737556,missense,5.57637e-06,type2A,2813,8589686,2.5,0.0003,Type 2 VWD - type2A,D1-D2 (Signal peptide + Propeptide)
af3_type2_batch_04,VWF_R202Q,R202Q,R,202,Q,type2A,Uncertain signifi-cance,c.605G>A,p.Arg202Gln,rs369737556,missense,1.05332e-05,type2A,2813,991505300,2.5,0.0003,Type 2 VWD - type2A,D1-D2 (Signal peptide + Propeptide)
af3_type2_batch_04,VWF_R202W,R202W,R,202,W,type2A,Uncertain signifi-cance,c.604C>T,p.Arg202Trp,rs990682639,missense,1.85877e-05,type2A,2813,131274576,2.5,-,Type 2 VWD - type2A,D1-D2 (Signal peptide + Propeptide)
af3_type2_batch_04,VWF_D172N,D172N,D,172,N,type2A,Likely pathogenic,c.514G>A,p.Asp172Asn,rs766305860,missense,1.85856e-06,type2A,2813,305961232,-,-,Type 2 VWD - type2A,D1-D2 (Signal peptide + Propeptide)
af3_type2_batch_04,VWF_Y87S,Y87S,Y,87,S,type2A,Uncertain signifi-cance,c.260A>C,p.Tyr87Ser,rs62643621,missense,1.48701e-05,type2A,2813,955140496,4.0,-,Type 2 VWD - type2A,D1-D2 (Signal peptide + Propeptide)
af3_type2_batch_04,VWF_L84F,L84F,L,84,F,type2A,Uncertain signifi-cance,c.250C>T,p.Leu84Phe,rs372664002,missense,0.000104711,type2A,2813,798207716,4.0,0.0,Type 2 VWD - type2A,D1-D2 (Signal peptide + Propeptide)
af3_type2_batch_04,VWF_G55E,G55E,G,55,E,type2A,Pathogenic,c.164G>A,p.Gly55Glu,-,missense,6.19493e-07,type2A,2813,894038220,-,-,Type 2 VWD - type2A,D1-D2 (Signal peptide + Propeptide)
