aa_change,wt_aa,position,mut_aa,subtype,domain
A1461D,A,1461,D,2B,A1
A1716P,A,1716,P,2B,A3
A2178S,A,2178,S,2B,D4
A2801D,A,2801,D,2B,CK
C1157F,C,1157,F,2B,D_D3
C1272F,C,1272,F,2B,A1
C1272R,C,1272,R,2B,A1
C1272S,C,1272,S,2B,A1
C410S,C,410,S,2B,D1_D2
D1472H,D,1472,H,2B,A1
E1389K,E,1389,K,2B,A1
G1629E,G,1629,E,2B,A2
G1629R,G,1629,R,2B,A2
G785E,G,785,E,2B,D1_D2
H1268D,H,1268,D,2B,A1
H1268N,H,1268,N,2B,A1
H1268Q,H,1268,Q,2B,A1
H817Q,H,817,Q,2B,D1_D2
I1309V,I,1309,V,2B,A1
L1340P,L,1340,P,2B,A1
L1446P,L,1446,P,2B,A1
L1460P,L,1460,P,2B,A1
L1460V,L,1460,V,2B,A1
L1503R,L,1503,R,2B,A2
L1540P,L,1540,P,2B,D_D3
L1580P,L,1580,P,2B,D_D3
M1303M,M,1303,M,2B,A1
M1304V,M,1304,V,2B,A1
M771I,M,771,I,2B,D_D3
N1421K,N,1421,K,2B,A1
N528S,N,528,S,2B,D1_D2
P1824H,P,1824,H,2B,A3
P2063S,P,2063,S,2B,D4
P1627H,P,1627,H,2B,D_D3
Q1311X,Q,1311,X,2B,A1
Q895H,Q,895,H,2B,D_D3
R1205H,R,1205,H,2B,D_D3
R1306E,R,1306,E,2B,A1
R1306P,R,1306,P,2B,A1
R1306W,R,1306,W,2B,A1
R1308C,R,1308,C,2B,A1
R1308P,R,1308,P,2B,A1
R1308S,R,1308,S,2B,A1
R1341E,R,1341,E,2B,A1
R1341L,R,1341,L,2B,A1
R578Q,R,578,Q,2B,D1_D2
R1374C,R,1374,C,2B,D1_D2
R1374H,R,1374,H,2B,D1_D2
R1597Q,R,1597,Q,2B,D_D3
R854Q,R,854,Q,2B,D1_D2
R924Q,R,924,Q,2B,D_D3
S1285F,S,1285,F,2B,A1
S1310F,S,1310,F,2B,A1
S1310P,S,1310,P,2B,A1
S1731T,S,1731,T,2B,D_D3
V1314D,V,1314,D,2B,A1
V1314F,V,1314,F,2B,A1
V1314L,V,1314,L,2B,A1
V1314M,V,1314,M,2B,A1
V1316M,V,1316,M,2B,A1
V1499E,V,1499,E,2B,A2
W1313C,W,1313,C,2B,A1
Y1456X,Y,1456,X,2B,A1
Y1605A,Y,1605,A,2B,A2
