aa_change,wt_aa,position,mut_aa,subtype,conflict,domain,sources,has_features
A1461D,A,1461,D,2B,False,A1,"lit_2B_S3,master",False
A1716P,A,1716,P,2B,False,A3,master,False
A2178S,A,2178,S,2B,False,D4,"lit_2B_S3,master",False
A2801D,A,2801,D,2B,False,CK,master,False
C1157F,C,1157,F,2B,False,D_D3,master,False
C1272F,C,1272,F,2B,False,A1,master,False
C1272R,C,1272,R,2B,False,A1,"lit_2B_S3,master",False
C1272S,C,1272,S,2B,False,A1,master,False
C410S,C,410,S,2B,False,D1_D2,master,False
D1472H,D,1472,H,2B,False,A1,master,False
E1389K,E,1389,K,2B,False,A1,"lit_2B_S3,master",False
F606I,F,606,I,2B,False,D1_D2,master,False
G1629E,G,1629,E,2B,False,A2,master,False
G1629R,G,1629,R,2B,False,A2,master,False
G22E,G,22,E,2B,False,D1_D2,master,False
H1268D,H,1268,D,2B,False,A1,"lit_2B_S3,master",False
H1268N,H,1268,N,2B,False,A1,"lit_2B_S3,master",False
H1268Q,H,1268,Q,2B,False,A1,"lit_2B_S3,master",False
H54Q,H,54,Q,2B,False,D1_D2,master,False
I1309V,I,1309,V,2B,False,A1,"lit_2B_S3,master",False
L1340P,L,1340,P,2B,False,A1,"lit_2B_S3,master",False
L1446P,L,1446,P,2B,False,A1,master,False
L1460P,L,1460,P,2B,False,A1,"lit_2B_S3,master",False
L1460V,L,1460,V,2B,False,A1,"lit_2B_S3,master",False
L1503R,L,1503,R,2B,False,A2,master,False
L777P,L,777,P,2B,False,D_D3,master,False
L817P,L,817,P,2B,False,D_D3,master,False
M1303M,M,1303,M,2B,False,A1,master,False
M1304V,M,1304,V,2B,False,A1,"lit_2B_S3,master",False
M16B,M,16,B,2B,False,D1_D2,master,False
M771I,M,771,I,2B,False,D_D3,master,False
N1421K,N,1421,K,2B,False,A1,master,False
N528S,N,528,S,2B,False,D1_D2,master,False
P1824H,P,1824,H,2B,False,A3,master,False
P2063S,P,2063,S,2B,False,D4,master,False
P864H,P,864,H,2B,False,D_D3,master,False
Q1311X,Q,1311,X,2B,False,A1,master,False
Q895H,Q,895,H,2B,False,D_D3,master,False
R1205H,R,1205,H,2B,False,D_D3,master,False
R1306E,R,1306,E,2B,False,A1,"lit_2B_S3,master",False
R1306P,R,1306,P,2B,False,A1,"lit_2B_S3,master",False
R1306W,R,1306,W,2B,False,A1,"lit_2B_S3,master",False
R1308C,R,1308,C,2B,False,A1,"lit_2B_S3,master",False
R1308P,R,1308,P,2B,False,A1,"lit_2B_S3,master",False
R1308S,R,1308,S,2B,False,A1,"lit_2B_S3,master",False
R1341E,R,1341,E,2B,False,A1,"lit_2B_S3,master",False
R1341L,R,1341,L,2B,False,A1,"lit_2B_S3,master",False
R543Q,R,543,Q,2B,False,D1_D2,master,False
R578Q,R,578,Q,2B,False,D1_D2,master,False
R611C,R,611,C,2B,False,D1_D2,master,False
R611H,R,611,H,2B,False,D1_D2,master,False
R834Q,R,834,Q,2B,False,D_D3,master,False
R834W,R,834,W,2B,False,D_D3,master,False
R91Q,R,91,Q,2B,False,D1_D2,master,False
R924Q,R,924,Q,2B,False,D_D3,"lit_2B_S3,master",False
S1285F,S,1285,F,2B,False,A1,master,False
S1310F,S,1310,F,2B,False,A1,"lit_2B_S3,master",False
S1310P,S,1310,P,2B,False,A1,"lit_2B_S3,master",False
S547F,S,547,F,2B,False,D1_D2,master,False
S968T,S,968,T,2B,False,D_D3,master,False
V1314D,V,1314,D,2B,False,A1,"lit_2B_S3,master",False
V1314F,V,1314,F,2B,False,A1,"lit_2B_S3,master",False
V1314L,V,1314,L,2B,False,A1,"lit_2B_S3,master",False
V1314M,V,1314,M,2B,False,A1,"lit_2B_S3,master",False
V1316M,V,1316,M,2B,False,A1,"lit_2B_S3,master",False
V1499E,V,1499,E,2B,False,A2,master,False
W1313C,W,1313,C,2B,False,A1,"lit_2B_S3,master",False
Y1456X,Y,1456,X,2B,False,A1,master,False
Y1605A,Y,1605,A,2B,False,A2,master,False
