variant_id,wt_aa,position,mut_aa,aa_change_3letter,source_labels,source_files,source_rows,source_domains,inferred_domain,wt_validation_status,domain_source_agrees_with_inferred
VWF_M1V,M,1,V,Met1Val,Type3,3型突变.xlsx,3,SP,SP,ok,True
VWF_G8R,G,8,R,Gly8Arg,Negative_GeneBe,更广泛的阴性对照196个（GeneBe注释）——非同义且良性的VWD突变列表xlsx_副本.xlsx,1,,SP,ok,
VWF_V9L,V,9,L,Val9Leu,Negative_GeneBe,更广泛的阴性对照196个（GeneBe注释）——非同义且良性的VWD突变列表xlsx_副本.xlsx,2,,SP,ok,
VWF_G19R,G,19,R,Gly19Arg,Type1,1型突变.xlsx,5,SP,SP,ok,True
VWF_T26S,T,26,S,Thr26Ser,Negative_GeneBe,更广泛的阴性对照196个（GeneBe注释）——非同义且良性的VWD突变列表xlsx_副本.xlsx,3,,D1,ok,
VWF_R27H,R,27,H,Arg27His,Negative_GeneBe,更广泛的阴性对照196个（GeneBe注释）——非同义且良性的VWD突变列表xlsx_副本.xlsx,4,,D1,ok,
VWF_T32A,T,32,A,Thr32Ala,Negative_GeneBe,更广泛的阴性对照196个（GeneBe注释）——非同义且良性的VWD突变列表xlsx_副本.xlsx,5,,D1,ok,
VWF_R34G,R,34,G,Arg34Gly,Type3,3型突变.xlsx,4,D1,D1,ok,True
VWF_C35R,C,35,R,Cys35Arg,Type3,3型突变.xlsx,5,D1,D1,ok,True
VWF_G39R,G,39,R,Gly39Arg,Type1|Type3,1型突变.xlsx|3型突变.xlsx,6,D1,D1,ok,True
VWF_D47H,D,47,H,Asp47His,Type3,3型突变.xlsx,7,D1,D1,ok,True
VWF_S49R,S,49,R,Ser49Arg,Type1,1型突变.xlsx,7,D1,D1,ok,True
VWF_L60P,L,60,P,Leu60Pro,Type1,1型突变.xlsx,8,D1,D1,ok,True
VWF_Q66K,Q,66,K,Gln66Lys,Negative_GeneBe,更广泛的阴性对照196个（GeneBe注释）——非同义且良性的VWD突变列表xlsx_副本.xlsx,6,,D1,ok,
VWF_G79V,G,79,V,Gly79Val,Type3,3型突变.xlsx,8,D1,D1,ok,True
VWF_R81E,R,81,E,Arg81Glu,Type3,3型突变.xlsx,9,D1,D1,ok,True
VWF_L84F,L,84,F,Leu84Phe,Negative_GeneBe,更广泛的阴性对照196个（GeneBe注释）——非同义且良性的VWD突变列表xlsx_副本.xlsx,7,,D1,ok,
VWF_Y87S,Y,87,S,Tyr87Ser,Type2A,2A型突变.xlsx,4,D1,D1,ok,True
VWF_G91R,G,91,R,Gly91Arg,Type3,3型突变.xlsx,10,D1,D1,wt_mismatch_expected_G_found_F,True
VWF_N99S,N,99,S,Asn99Ser,Type1,1型突变.xlsx,9,D1,D1,ok,True
VWF_V102M,V,102,M,Val102Met,Negative_GeneBe,更广泛的阴性对照196个（GeneBe注释）——非同义且良性的VWD突变列表xlsx_副本.xlsx,8,,D1,ok,
VWF_L120V,L,120,V,Leu120Val,Negative_GeneBe,更广泛的阴性对照196个（GeneBe注释）——非同义且良性的VWD突变列表xlsx_副本.xlsx,9,,D1,ok,
VWF_L129M,L,129,M,Leu129Met,Negative_GeneBe|Type3,3型突变.xlsx|更广泛的阴性对照196个（GeneBe注释）——非同义且良性的VWD突变列表xlsx_副本.xlsx,10|11,D1,D1,ok,True
VWF_G131S,G,131,S,Gly131Ser,Negative_ClinVar|Negative_GeneBe,更广泛的阴性对照196个（GeneBe注释）——非同义且良性的VWD突变列表xlsx_副本.xlsx|阴性对照43个（Clinvar注释）——非同义且良性的VWD突变列表xlsx.xlsx,11|21,,D1,ok,
VWF_V137L,V,137,L,Val137Leu,Negative_GeneBe,更广泛的阴性对照196个（GeneBe注释）——非同义且良性的VWD突变列表xlsx_副本.xlsx,12,,D1,ok,
VWF_A138D,A,138,D,Ala138Asp,Type1,1型突变.xlsx,10,D1,D1,ok,True
VWF_D141G,D,141,G,Asp141Gly,Type1,1型突变.xlsx,12,D1,D1,ok,True
VWF_D141N,D,141,N,Asp141Asn,Type1|Type3,1型突变.xlsx|3型突变.xlsx,11|12,D1,D1,ok,True
VWF_D141Y,D,141,Y,Asp141Tyr,Type3,3型突变.xlsx,13,D1,D1,ok,True
VWF_L150E,L,150,E,Leu150Glu,Type3,3型突变.xlsx,14,D1,D1,ok,True
VWF_K157E,K,157,E,Lys157Glu,Type3,3型突变.xlsx,15,D1,D1,ok,True
VWF_G160R,G,160,R,Gly160Arg,Type3,3型突变.xlsx,16,D1,D1,ok,True
VWF_G160W,G,160,W,Gly160Trp,Type1,1型突变.xlsx,13,D1,D1,ok,True
VWF_N166I,N,166,I,Asn166Ile,Type1,1型突变.xlsx,14,D1,D1,ok,True
VWF_D172N,D,172,N,Asp172Asn,Type2A,2A型突变.xlsx,5,D1,D1,ok,True
VWF_W191R,W,191,R,Trp191Arg,Type1,1型突变.xlsx,15,D1,D1,ok,True
VWF_E216K,E,216,K,Glu216Lys,Negative_GeneBe,更广泛的阴性对照196个（GeneBe注释）——非同义且良性的VWD突变列表xlsx_副本.xlsx,13,,D1,ok,
VWF_P266A,P,266,A,Pro266Ala,Negative_GeneBe,更广泛的阴性对照196个（GeneBe注释）——非同义且良性的VWD突变列表xlsx_副本.xlsx,14,,D1,ok,
VWF_R273W,R,273,W,Arg273Trp,Type1|Type2A|Type3,1型突变.xlsx|2A型突变.xlsx|3型突变.xlsx,6|16|17,D1,D1,ok,True
VWF_C275R,C,275,R,Cys275Arg,Type1,1型突变.xlsx,17,D1,D1,ok,True
VWF_C275S,C,275,S,Cys275Ser,Type1|Type3,1型突变.xlsx|3型突变.xlsx,18,D1,D1,ok,True
VWF_A290E,A,290,E,Ala290Glu,Negative_GeneBe,更广泛的阴性对照196个（GeneBe注释）——非同义且良性的VWD突变列表xlsx_副本.xlsx,15,,D1,ok,
VWF_A290V,A,290,V,Ala290Val,Negative_GeneBe,更广泛的阴性对照196个（GeneBe注释）——非同义且良性的VWD突变列表xlsx_副本.xlsx,16,,D1,ok,
VWF_V294A,V,294,A,Val294Ala,Negative_ClinVar|Negative_GeneBe,更广泛的阴性对照196个（GeneBe注释）——非同义且良性的VWD突变列表xlsx_副本.xlsx|阴性对照43个（Clinvar注释）——非同义且良性的VWD突变列表xlsx.xlsx,17|40,,D1,ok,
VWF_Y301C,Y,301,C,Tyr301Cys,Type1|Type3,1型突变.xlsx|3型突变.xlsx,19,D1,D1,ok,True
VWF_T306M,T,306,M,Thr306Met,Negative_ClinVar,阴性对照43个（Clinvar注释）——非同义且良性的VWD突变列表xlsx.xlsx,41,,D1,wt_mismatch_expected_T_found_S,
VWF_A309S,A,309,S,Ala309Ser,Negative_GeneBe,更广泛的阴性对照196个（GeneBe注释）——非同义且良性的VWD突变列表xlsx_副本.xlsx,18,,D1,ok,
VWF_A318T,A,318,T,Ala318Thr,Negative_ClinVar,阴性对照43个（Clinvar注释）——非同义且良性的VWD突变列表xlsx.xlsx,42,,D1,wt_mismatch_expected_A_found_N,
VWF_N318K,N,318,K,Asn318Lys,Negative_ClinVar|Negative_GeneBe|Type3,3型突变.xlsx|更广泛的阴性对照196个（GeneBe注释）——非同义且良性的VWD突变列表xlsx_副本.xlsx|阴性对照43个（Clinvar注释）——非同义且良性的VWD突变列表xlsx.xlsx,20|43,D1,D1,ok,True
VWF_N318S,N,318,S,Asn318Ser,Negative_GeneBe,更广泛的阴性对照196个（GeneBe注释）——非同义且良性的VWD突变列表xlsx_副本.xlsx,19,,D1,ok,
VWF_R324Q,R,324,Q,Arg324Gln,Type1,1型突变.xlsx,20,D1,D1,ok,True
VWF_C325F,C,325,F,Cys325Phe,Type1,1型突变.xlsx,21,D1,D1,ok,True
VWF_T346I,T,346,I,Thr346Ile,Negative_ClinVar|Negative_GeneBe,更广泛的阴性对照196个（GeneBe注释）——非同义且良性的VWD突变列表xlsx_副本.xlsx|阴性对照43个（Clinvar注释）——非同义且良性的VWD突变列表xlsx.xlsx,1|21,,D1,ok,
VWF_V351M,V,351,M,Val351Met,Negative_GeneBe,更广泛的阴性对照196个（GeneBe注释）——非同义且良性的VWD突变列表xlsx_副本.xlsx,22,,D1,ok,
VWF_C370Y,C,370,Y,Cys370Tyr,Type2A|Type3,2A型突变.xlsx|3型突变.xlsx,7|21,D1,D1,ok,True
VWF_F371V,F,371,V,Phe371Val,Negative_ClinVar,阴性对照43个（Clinvar注释）——非同义且良性的VWD突变列表xlsx.xlsx,2,,D1,wt_mismatch_expected_F_found_I,
VWF_W377C,W,377,C,Trp377Cys,Type3,3型突变.xlsx,22,D1,D1,ok,True
VWF_C379G,C,379,G,Cys379Gly,Type1,1型突变.xlsx,22,D1,D1,ok,True
VWF_R402K,R,402,K,Arg402Lys,Negative_GeneBe,更广泛的阴性对照196个（GeneBe注释）——非同义且良性的VWD突变列表xlsx_副本.xlsx,23,,D2,ok,
VWF_C410S,C,410,S,Cys410Ser,Type2A,2A型突变.xlsx,8,D2,D2,ok,True
VWF_R436C,R,436,C,Arg436Cys,Negative_GeneBe,更广泛的阴性对照196个（GeneBe注释）——非同义且良性的VWD突变列表xlsx_副本.xlsx,24,,D2,ok,
VWF_V444I,V,444,I,Val444Ile,Negative_GeneBe,更广泛的阴性对照196个（GeneBe注释）——非同义且良性的VWD突变列表xlsx_副本.xlsx,25,,D2,ok,
VWF_R447W,R,447,W,Arg447Trp,Type3,3型突变.xlsx,23,D2,D2,ok,True
VWF_V471I,V,471,I,Val471Ile,Negative_ClinVar|Negative_GeneBe,更广泛的阴性对照196个（GeneBe注释）——非同义且良性的VWD突变列表xlsx_副本.xlsx|阴性对照43个（Clinvar注释）——非同义且良性的VWD突变列表xlsx.xlsx,3|26,,D2,ok,
VWF_H484N,H,484,N,His484Asn,Negative_GeneBe,更广泛的阴性对照196个（GeneBe注释）——非同义且良性的VWD突变列表xlsx_副本.xlsx,27,,D2,ok,
VWF_H484R,H,484,R,His484Arg,Negative_ClinVar|Negative_GeneBe,更广泛的阴性对照196个（GeneBe注释）——非同义且良性的VWD突变列表xlsx_副本.xlsx|阴性对照43个（Clinvar注释）——非同义且良性的VWD突变列表xlsx.xlsx,4|28,,D2,ok,
VWF_T487M,T,487,M,Thr487Met,Negative_ClinVar|Negative_GeneBe,更广泛的阴性对照196个（GeneBe注释）——非同义且良性的VWD突变列表xlsx_副本.xlsx|阴性对照43个（Clinvar注释）——非同义且良性的VWD突变列表xlsx.xlsx,5|29,,D2,ok,
VWF_A488G,A,488,G,Ala488Gly,Negative_GeneBe,更广泛的阴性对照196个（GeneBe注释）——非同义且良性的VWD突变列表xlsx_副本.xlsx,30,,D2,ok,
VWF_R491H,R,491,H,Arg491His,Negative_GeneBe,更广泛的阴性对照196个（GeneBe注释）——非同义且良性的VWD突变列表xlsx_副本.xlsx,31,,D2,ok,
VWF_G495R,G,495,R,Gly495Arg,Negative_GeneBe,更广泛的阴性对照196个（GeneBe注释）——非同义且良性的VWD突变列表xlsx_副本.xlsx,32,,D2,ok,
VWF_Q499H,Q,499,H,Gln499His,Type1,1型突变.xlsx,23,D2,D2,ok,True
VWF_R507G,R,507,G,Arg507Gly,Negative_GeneBe,更广泛的阴性对照196个（GeneBe注释）——非同义且良性的VWD突变列表xlsx_副本.xlsx,33,,D2,ok,
VWF_N518T,N,518,T,Asn518Thr,Negative_ClinVar,阴性对照43个（Clinvar注释）——非同义且良性的VWD突变列表xlsx.xlsx,6,,D2,wt_mismatch_expected_N_found_G,
VWF_C521S,C,521,S,Cys521Ser,Negative_GeneBe,更广泛的阴性对照196个（GeneBe注释）——非同义且良性的VWD突变列表xlsx_副本.xlsx,34,,D2,ok,
VWF_N528S,N,528,S,Asn528Ser,Type2A,2A型突变.xlsx,9,D2,D2,ok,True
VWF_P538L,P,538,L,Pro538Leu,Negative_GeneBe,更广泛的阴性对照196个（GeneBe注释）——非同义且良性的VWD突变列表xlsx_副本.xlsx,35,,D2,ok,
VWF_A542G,A,542,G,Ala542Gly,Negative_GeneBe|Type1,1型突变.xlsx|更广泛的阴性对照196个（GeneBe注释）——非同义且良性的VWD突变列表xlsx_副本.xlsx,24|36,D2,D2,ok,True
VWF_G550R,G,550,R,Gly550Arg,Type2A,2A型突变.xlsx,10,D2,D2,ok,True
VWF_W553R,W,553,R,Trp553Arg,Type1,1型突变.xlsx,25,D2,D2,ok,True
VWF_Q560R,Q,560,R,Gln560Arg,Negative_GeneBe,更广泛的阴性对照196个（GeneBe注释）——非同义且良性的VWD突变列表xlsx_副本.xlsx,37,,D2,ok,
VWF_C570S,C,570,S,Cys570Ser,Type2A,2A型突变.xlsx,11,D2,D2,ok,True
VWF_M576I,M,576,I,Met576Ile,Negative_ClinVar|Negative_GeneBe|Type1,1型突变.xlsx|更广泛的阴性对照196个（GeneBe注释）——非同义且良性的VWD突变列表xlsx_副本.xlsx|阴性对照43个（Clinvar注释）——非同义且良性的VWD突变列表xlsx.xlsx,7|26|38,D2,D2,ok,True
VWF_C584F,C,584,F,Cys584Phe,Type3,3型突变.xlsx,24,D2,D2,ok,True
VWF_A585T,A,585,T,Ala585Thr,Negative_GeneBe,更广泛的阴性对照196个（GeneBe注释）——非同义且良性的VWD突变列表xlsx_副本.xlsx,39,,D2,ok,
VWF_T588P,T,588,P,Thr588Pro,Type2A,2A型突变.xlsx,12,D2,D2,ok,True
VWF_A594G,A,594,G,Ala594Gly,Type1,1型突变.xlsx,27,D2,D2,ok,True
VWF_H596N,H,596,N,His596Asn,Type3,3型突变.xlsx,25,D2,D2,ok,True
VWF_R606Q,R,606,Q,Arg606Gln,Negative_GeneBe,更广泛的阴性对照196个（GeneBe注释）——非同义且良性的VWD突变列表xlsx_副本.xlsx,40,,D2,ok,
VWF_C623T,C,623,T,Cys623Thr,Type3,3型突变.xlsx,26,D2,D2,ok,True
VWF_C623W,C,623,W,Cys623Trp,Type2A,2A型突变.xlsx,13,D2,D2,ok,True
VWF_G624S,G,624,S,Gly624Ser,Negative_GeneBe,更广泛的阴性对照196个（GeneBe注释）——非同义且良性的VWD突变列表xlsx_副本.xlsx,41,,D2,ok,
VWF_A631V,A,631,V,Ala631Val,Negative_GeneBe,更广泛的阴性对照196个（GeneBe注释）——非同义且良性的VWD突变列表xlsx_副本.xlsx,42,,D2,ok,
VWF_C633R,C,633,R,Cys633Arg,Type3,3型突变.xlsx,27,D2,D2,ok,True
VWF_A641V,A,641,V,Ala641Val,Negative_GeneBe|Type1,1型突变.xlsx|更广泛的阴性对照196个（GeneBe注释）——非同义且良性的VWD突变列表xlsx_副本.xlsx,28|43,D2,D2,ok,True
VWF_P664L,P,664,L,Pro664Leu,Negative_GeneBe,更广泛的阴性对照196个（GeneBe注释）——非同义且良性的VWD突变列表xlsx_副本.xlsx,44,,D2,ok,
VWF_Y674H,Y,674,H,Tyr674His,Negative_ClinVar|Negative_GeneBe,更广泛的阴性对照196个（GeneBe注释）——非同义且良性的VWD突变列表xlsx_副本.xlsx|阴性对照43个（Clinvar注释）——非同义且良性的VWD突变列表xlsx.xlsx,8|45,,D2,ok,
VWF_P691T,P,691,T,Pro691Thr,Negative_GeneBe,更广泛的阴性对照196个（GeneBe注释）——非同义且良性的VWD突变列表xlsx_副本.xlsx,46,,D2,ok,
VWF_R698K,R,698,K,Arg698Lys,Negative_GeneBe,更广泛的阴性对照196个（GeneBe注释）——非同义且良性的VWD突变列表xlsx_副本.xlsx,47,,D2,ok,
VWF_R698S,R,698,S,Arg698Ser,Negative_GeneBe,更广泛的阴性对照196个（GeneBe注释）——非同义且良性的VWD突变列表xlsx_副本.xlsx,48,,D2,ok,
VWF_M736I,M,736,I,Met736Ile,Type3,3型突变.xlsx,28,D2,D2,ok,True
VWF_M736T,M,736,T,Met736Thr,Type1,1型突变.xlsx,29,D2,D2,ok,True
VWF_M740I,M,740,I,Met740Ile,Negative_ClinVar|Negative_GeneBe,更广泛的阴性对照196个（GeneBe注释）——非同义且良性的VWD突变列表xlsx_副本.xlsx|阴性对照43个（Clinvar注释）——非同义且良性的VWD突变列表xlsx.xlsx,9|49,,D2,ok,
VWF_R760C,R,760,C,Arg760Cys,Type2N,2N型突变.xlsx,3,D2,D2,ok,True
VWF_R763G,R,763,G,Arg763Gly,Type1|Type2N,1型突变.xlsx|2N型突变.xlsx,4|30,D2,D2,ok,True
VWF_R763M,R,763,M,Arg763Met,Type1,1型突变.xlsx,31,D2,D2,ok,True
VWF_R763S,R,763,S,Arg763Ser,Type2A|Type2N,2A型突变.xlsx|2N型突变.xlsx,5|14,D2,D2,ok,True
VWF_R768Q,R,768,Q,Arg768Gln,Type1|Type2N|Type3,1型突变.xlsx|2N型突变.xlsx|3型突变.xlsx,6|29|32,D_prime,D_prime,ok,True
VWF_M771I,M,771,I,Met771Ile,Type1,1型突变.xlsx,33,D_prime,D_prime,ok,True
VWF_A778T,A,778,T,Ala778Thr,Negative_GeneBe,更广泛的阴性对照196个（GeneBe注释）——非同义且良性的VWD突变列表xlsx_副本.xlsx,50,,D_prime,ok,
VWF_N780K,N,780,K,Asn780Lys,Negative_GeneBe,更广泛的阴性对照196个（GeneBe注释）——非同义且良性的VWD突变列表xlsx_副本.xlsx,51,,D_prime,ok,
VWF_R782Q,R,782,Q,Arg782Gln,Type1,1型突变.xlsx,34,D_prime,D_prime,ok,True
VWF_G785E,G,785,E,Gly785Glu,Type2N,2N型突变.xlsx,7,D_prime,D_prime,ok,True
VWF_E787K,E,787,K,Glu787Lys,Type2N,2N型突变.xlsx,8,D_prime,D_prime,ok,True
VWF_C788R,C,788,R,Cys788Arg,Type2A|Type2N,2A型突变.xlsx|2N型突变.xlsx,9|15,D_prime,D_prime,ok,True
VWF_C788Y,C,788,Y,Cys788Tyr,Type2N,2N型突变.xlsx,10,D_prime,D_prime,ok,True
VWF_T789A,T,789,A,Thr789Ala,Negative_ClinVar|Negative_GeneBe,更广泛的阴性对照196个（GeneBe注释）——非同义且良性的VWD突变列表xlsx_副本.xlsx|阴性对照43个（Clinvar注释）——非同义且良性的VWD突变列表xlsx.xlsx,10|52,,D_prime,ok,
VWF_T789P,T,789,P,Thr789Pro,Type2N,2N型突变.xlsx,11,D_prime,D_prime,ok,True
VWF_T791M,T,791,M,Thr791Met,Type2N,2N型突变.xlsx,12,D_prime,D_prime,ok,True
VWF_Y795C,Y,795,C,Tyr795Cys,Type2N,2N型突变.xlsx,13,D_prime,D_prime,ok,True
VWF_M800V,M,800,V,Met800Val,Type2N,2N型突变.xlsx,14,D_prime,D_prime,ok,True
VWF_L809P,L,809,P,Leu809Pro,Type2N,2N型突变.xlsx,15,D_prime,D_prime,ok,True
VWF_P812L,P,812,L,Pro812Leu,Type1|Type2N,1型突变.xlsx|2N型突变.xlsx,16|35,D_prime,D_prime,ok,True
VWF_M814I,M,814,I,Met814Ile,Type3,3型突变.xlsx,30,D_prime,D_prime,ok,True
VWF_R816Q,R,816,Q,Arg816Gln,Type2N,2N型突变.xlsx,17,D_prime,D_prime,ok,True
VWF_R816W,R,816,W,Arg816Trp,Type1|Type2N,1型突变.xlsx|2N型突变.xlsx,18|36,D_prime,D_prime,ok,True
VWF_H817Q,H,817,Q,His817Gln,Negative_ClinVar|Negative_GeneBe|Type2N,2N型突变.xlsx|更广泛的阴性对照196个（GeneBe注释）——非同义且良性的VWD突变列表xlsx_副本.xlsx|阴性对照43个（Clinvar注释）——非同义且良性的VWD突变列表xlsx.xlsx,11|19|53,D_prime,D_prime,ok,True
VWF_C827Y,C,827,Y,Cys827Tyr,Type2A|Type3,2A型突变.xlsx|3型突变.xlsx,16|31,D_prime,D_prime,ok,True
VWF_A837D,A,837,D,Ala837Asp,Negative_ClinVar|Negative_GeneBe,更广泛的阴性对照196个（GeneBe注释）——非同义且良性的VWD突变列表xlsx_副本.xlsx|阴性对照43个（Clinvar注释）——非同义且良性的VWD突变列表xlsx.xlsx,12|54,,D_prime,ok,
VWF_C849S,C,849,S,Cys849Ser,Type3,3型突变.xlsx,32,D_prime,D_prime,ok,True
VWF_R854E,R,854,E,Arg854Glu,Type2N,2N型突变.xlsx,21,D_prime,D_prime,ok,True
VWF_R854Q,R,854,Q,Arg854Gln,Type1|Type2N,1型突变.xlsx|2N型突变.xlsx,20|37,D_prime,D_prime,ok,True
VWF_R854W,R,854,W,Arg854Trp,Type2N|Type3,2N型突变.xlsx|3型突变.xlsx,22|33,D_prime,D_prime,ok,True
VWF_D857S,D,857,S,Asp857Ser,Type1,1型突变.xlsx,38,D_prime,D_prime,wt_mismatch_expected_D_found_N,True
VWF_C858W,C,858,W,Cys858Trp,Type1,1型突变.xlsx,39,D_prime,D_prime,ok,True
VWF_D879N,D,879,N,Asp879Asn,Type2N,2N型突变.xlsx,23,D3,D3,ok,True
VWF_C887R,C,887,R,Cys887Arg,Type2N,2N型突变.xlsx,24,D3,D3,wt_mismatch_expected_C_found_G,True
VWF_G899S,G,899,S,Gly899Ser,Negative_GeneBe,更广泛的阴性对照196个（GeneBe注释）——非同义且良性的VWD突变列表xlsx_副本.xlsx,55,,D3,ok,
VWF_R924Q,R,924,Q,Arg924Gln,Negative_GeneBe|Type1|Type2B|Type2N,1型突变.xlsx|2B型突变.xlsx|2N型突变.xlsx|更广泛的阴性对照196个（GeneBe注释）——非同义且良性的VWD突变列表xlsx_副本.xlsx,25|40|45|56,D3,D3,ok,True
VWF_R924W,R,924,W,Arg924Trp,Type1,1型突变.xlsx,41,D3,D3,ok,True
VWF_M947V,M,947,V,Met947Val,Negative_GeneBe,更广泛的阴性对照196个（GeneBe注释）——非同义且良性的VWD突变列表xlsx_副本.xlsx,57,,D3,ok,
VWF_V955L,V,955,L,Val955Leu,Negative_GeneBe,更广泛的阴性对照196个（GeneBe注释）——非同义且良性的VWD突变列表xlsx_副本.xlsx,58,,D3,ok,
VWF_V956A,V,956,A,Val956Ala,Type2A,2A型突变.xlsx,17,D3,D3,ok,True
VWF_G967D,G,967,D,Gly967Asp,Negative_ClinVar|Negative_GeneBe,更广泛的阴性对照196个（GeneBe注释）——非同义且良性的VWD突变列表xlsx_副本.xlsx|阴性对照43个（Clinvar注释）——非同义且良性的VWD突变列表xlsx.xlsx,13|59,,D3,ok,
VWF_R976C,R,976,C,Arg976Cys,Type2A,2A型突变.xlsx,18,D3,D3,ok,True
VWF_R976H,R,976,H,Arg976His,Negative_GeneBe,更广泛的阴性对照196个（GeneBe注释）——非同义且良性的VWD突变列表xlsx_副本.xlsx,60,,D3,ok,
VWF_C996E,C,996,E,Cys996Glu,Type1,1型突变.xlsx,42,D3,D3,ok,True
VWF_F1021C,F,1021,C,Phe1021Cys,Type1,1型突变.xlsx,43,D3,D3,ok,True
VWF_Q1030R,Q,1030,R,Gln1030Arg,Negative_GeneBe,更广泛的阴性对照196个（GeneBe注释）——非同义且良性的VWD突变列表xlsx_副本.xlsx,61,,D3,ok,
VWF_R1035G,R,1035,G,Arg1035Gly,Negative_GeneBe,更广泛的阴性对照196个（GeneBe注释）——非同义且良性的VWD突变列表xlsx_副本.xlsx,62,,D3,ok,
VWF_Q1053H,Q,1053,H,Gln1053His,Type2N,2N型突变.xlsx,26,D3,D3,ok,True
VWF_C1060R,C,1060,R,Cys1060Arg,Type2N,2N型突变.xlsx,27,D3,D3,ok,True
VWF_C1060Y,C,1060,Y,Cys1060Tyr,Type1|Type2N,1型突变.xlsx|2N型突变.xlsx,28|44,D3,D3,ok,True
VWF_C1071F,C,1071,F,Cys1071Phe,Type3,3型突变.xlsx,34,D3,D3,ok,True
VWF_C1091R,C,1091,R,Cys1091Arg,Type2A,2A型突变.xlsx,19,D3,D3,ok,True
VWF_I1094T,I,1094,T,Ile1094Thr,Type1,1型突变.xlsx,45,D3,D3,ok,True
VWF_C1099P,C,1099,P,Cys1099Pro,Type2A,2A型突变.xlsx,20,D3,D3,ok,True
VWF_C1101R,C,1101,R,Cys1101Arg,Type2A|Type3,2A型突变.xlsx|3型突变.xlsx,21|35,D3,D3,ok,True
VWF_A1105D,A,1105,D,Ala1105Asp,Type2A,2A型突变.xlsx,22,D3,D3,ok,True
VWF_Y1107C,Y,1107,C,Tyr1107Cys,Type2A,2A型突变.xlsx,23,D3,D3,ok,True
VWF_C1111Y,C,1111,Y,Cys1111Tyr,Type1,1型突变.xlsx,46,D3,D3,ok,True
VWF_W1120S,W,1120,S,Trp1120Ser,Type2A,2A型突变.xlsx,24,D3,D3,ok,True
VWF_R1121M,R,1121,M,Arg1121Met,Type2A,2A型突变.xlsx,25,D3,D3,ok,True
VWF_T1122M,T,1122,M,Thr1122Met,Negative_GeneBe,更广泛的阴性对照196个（GeneBe注释）——非同义且良性的VWD突变列表xlsx_副本.xlsx,64,,D3,ok,
VWF_C1126F,C,1126,F,Cys1126Phe,Type2A,2A型突变.xlsx,26,D3,D3,ok,True
VWF_C1130F,C,1130,F,Cys1130Phe,Type1|Type2A,1型突变.xlsx|2A型突变.xlsx,28|49,D3,D3,ok,True
VWF_C1130G,C,1130,G,Cys1130Gly,Type1,1型突变.xlsx,48,D3,D3,ok,True
VWF_C1130R,C,1130,R,Cys1130Arg,Type1|Type2A,1型突变.xlsx|2A型突变.xlsx,27|47,D3,D3,ok,True
VWF_C1130W,C,1130,W,Cys1130Trp,Type2A,2A型突变.xlsx,29,D3,D3,ok,True
VWF_C1130Y,C,1130,Y,Cys1130Tyr,Type2A,2A型突变.xlsx,30,D3,D3,ok,True
VWF_R1136Q,R,1136,Q,Arg1136Gln,Negative_GeneBe,更广泛的阴性对照196个（GeneBe注释）——非同义且良性的VWD突变列表xlsx_副本.xlsx,65,,D3,ok,
VWF_N1138N,N,1138,N,Asn1138Asn,Type3,3型突变.xlsx,36,D3,D3,ok,True
VWF_C1143Y,C,1143,Y,Cys1143Tyr,Type2A,2A型突变.xlsx,32,D3,D3,wt_mismatch_expected_C_found_E,True
VWF_W1144G,W,1144,G,Trp1144Gly,Type1|Type2A,1型突变.xlsx|2A型突变.xlsx,33|50,D3,D3,ok,True
VWF_R1145C,R,1145,C,Arg1145Cys,Type2A,2A型突变.xlsx,34,D3,D3,ok,True
VWF_Y1146C,Y,1146,C,Tyr1146Cys,Type1|Type2A,1型突变.xlsx|2A型突变.xlsx,35|51,D3,D3,ok,True
VWF_C1149R,C,1149,R,Cys1149Arg,Type1|Type2A,1型突变.xlsx|2A型突变.xlsx,36|52,D3,D3,ok,True
VWF_C1149Y,C,1149,Y,Cys1149Tyr,Type2A,2A型突变.xlsx,37,D3,D3,ok,True
VWF_C1153Y,C,1153,Y,Cys1153Tyr,Type2A,2A型突变.xlsx,38,D3,D3,ok,True
VWF_T1156M,T,1156,M,Thr1156Met,Type1,1型突变.xlsx,53,D3,D3,ok,True
VWF_C1157F,C,1157,F,Cys1157Phe,Type2A,2A型突变.xlsx,39,D3,D3,ok,True
VWF_E1161K,E,1161,K,Glu1161Lys,Type1,1型突变.xlsx,54,D3,D3,ok,True
VWF_P1162L,P,1162,L,Pro1162Leu,Negative_ClinVar|Negative_GeneBe|Type3,3型突变.xlsx|更广泛的阴性对照196个（GeneBe注释）——非同义且良性的VWD突变列表xlsx_副本.xlsx|阴性对照43个（Clinvar注释）——非同义且良性的VWD突变列表xlsx.xlsx,14|15|37|66,D3,D3,ok,True
VWF_C1165F,C,1165,F,Cys1165Phe,Type1,1型突变.xlsx,55,D3,D3,ok,True
VWF_C1165R,C,1165,R,Cys1165Arg,Type3,3型突变.xlsx,38,D3,D3,ok,True
VWF_C1169R,C,1169,R,Cys1169Arg,Type2A,2A型突变.xlsx,41,D3,D3,ok,True
VWF_C1169W,C,1169,W,Cys1169Trp,Type2A,2A型突变.xlsx,40,D3,D3,ok,True
VWF_E1171Q,E,1171,Q,Glu1171Gln,Type2A,2A型突变.xlsx,42,D3,D3,ok,True
VWF_G1172C,G,1172,C,Gly1172Cys,Type2A,2A型突变.xlsx,44,D3,D3,ok,True
VWF_G1172V,G,1172,V,Gly1172Val,Type2A,2A型突变.xlsx,43,D3,D3,ok,True
VWF_C1173F,C,1173,F,Cys1173Phe,Type2A,2A型突变.xlsx,46,D3,D3,ok,True
VWF_C1173R,C,1173,R,Cys1173Arg,Type2A,2A型突变.xlsx,45,D3,D3,ok,True
VWF_G1180R,G,1180,R,Gly1180Arg,Type2A,2A型突变.xlsx,47,D3,D3,ok,True
VWF_C1190R,C,1190,R,Cys1190Arg,Type2A,2A型突变.xlsx,48,D3,D3,ok,True
VWF_C1190S,C,1190,S,Cys1190Ser,Type2A,2A型突变.xlsx,50,D3,D3,ok,True
VWF_C1190Y,C,1190,Y,Cys1190Tyr,Type2A,2A型突变.xlsx,49,D3,D3,ok,True
VWF_V1191I,V,1191,I,Val1191Ile,Negative_ClinVar,阴性对照43个（Clinvar注释）——非同义且良性的VWD突变列表xlsx.xlsx,16,,D3,ok,
VWF_D1195Y,D,1195,Y,Asp1195Tyr,Type2A,2A型突变.xlsx,51,D3,D3,ok,True
VWF_R1205C,R,1205,C,Arg1205Cys,Type1,1型突变.xlsx,56,D3,D3,ok,True
VWF_R1205H,R,1205,H,Arg1205His,Type1,1型突变.xlsx,57,D3,D3,ok,True
VWF_R1205L,R,1205,L,Arg1205Leu,Type1,1型突变.xlsx,58,D3,D3,ok,True
VWF_R1205S,R,1205,S,Arg1205Ser,Type1,1型突变.xlsx,59,D3,D3,ok,True
VWF_C1225G,C,1225,G,Cys1225Gly,Type2A|Type2N,2A型突变.xlsx|2N型突变.xlsx,29|52,D3,D3,ok,True
VWF_C1227R,C,1227,R,Cys1227Arg,Type2A|Type3,2A型突变.xlsx|3型突变.xlsx,39|53,D3,D3,ok,True
VWF_V1229G,V,1229,G,Val1229Gly,Negative_ClinVar|Negative_GeneBe|Type1,1型突变.xlsx|更广泛的阴性对照196个（GeneBe注释）——非同义且良性的VWD突变列表xlsx_副本.xlsx|阴性对照43个（Clinvar注释）——非同义且良性的VWD突变列表xlsx.xlsx,17|60|68,D3,D3,ok,True
VWF_V1229I,V,1229,I,Val1229Ile,Negative_GeneBe,更广泛的阴性对照196个（GeneBe注释）——非同义且良性的VWD突变列表xlsx_副本.xlsx,67,,D3,ok,
VWF_N1231H,N,1231,H,Asn1231His,Type1,1型突变.xlsx,61,D3,D3,ok,True
VWF_N1231S,N,1231,S,Asn1231Ser,Negative_GeneBe,更广泛的阴性对照196个（GeneBe注释）——非同义且良性的VWD突变列表xlsx_副本.xlsx,70,,D3,ok,
VWF_N1231T,N,1231,T,Asn1231Thr,Negative_ClinVar|Negative_GeneBe|Type1,1型突变.xlsx|更广泛的阴性对照196个（GeneBe注释）——非同义且良性的VWD突变列表xlsx_副本.xlsx|阴性对照43个（Clinvar注释）——非同义且良性的VWD突变列表xlsx.xlsx,18|62|69,D3,D3,ok,True
VWF_C1234W,C,1234,W,Cys1234Trp,Type2A,2A型突变.xlsx,54,D3,A1_N_flank,ok,False
VWF_C1234Y,C,1234,Y,Cys1234Tyr,Type2A,2A型突变.xlsx,55,D3,A1_N_flank,ok,False
VWF_P1240L,P,1240,L,Pro1240Leu,Negative_GeneBe,更广泛的阴性对照196个（GeneBe注释）——非同义且良性的VWD突变列表xlsx_副本.xlsx,71,,A1_N_flank,ok,
VWF_D1249V,D,1249,V,Asp1249Val,Negative_GeneBe,更广泛的阴性对照196个（GeneBe注释）——非同义且良性的VWD突变列表xlsx_副本.xlsx,72,,A1_N_flank,ok,
VWF_A1250G,A,1250,G,Ala1250Gly,Negative_GeneBe,更广泛的阴性对照196个（GeneBe注释）——非同义且良性的VWD突变列表xlsx_副本.xlsx,73,,A1_N_flank,ok,
VWF_Y1258C,Y,1258,C,Tyr1258Cys,Type2B,2B型突变.xlsx,3,D3,A1_N_flank,ok,False
VWF_S1263L,S,1263,L,Ser1263Leu,Type1,1型突变.xlsx,63,A1,A1,ok,True
VWF_P1266L,P,1266,L,Pro1266Leu,Negative_ClinVar|Negative_GeneBe|Type2B,2B型突变.xlsx|更广泛的阴性对照196个（GeneBe注释）——非同义且良性的VWD突变列表xlsx_副本.xlsx|阴性对照43个（Clinvar注释）——非同义且良性的VWD突变列表xlsx.xlsx,5|19|74,D3,A1,ok,False
VWF_P1266Q,P,1266,Q,Pro1266Gln,Type2B,2B型突变.xlsx,4,D3,A1,ok,False
VWF_H1268D,H,1268,D,His1268Asp,Type2B,2B型突变.xlsx,7,D3,A1,ok,False
VWF_H1268N,H,1268,N,His1268Asn,Type2B,2B型突变.xlsx,6,D3,A1,ok,False
VWF_H1268Q,H,1268,Q,His1268Gln,Type2B,2B型突变.xlsx,8,D3,A1,ok,False
VWF_C1272F,C,1272,F,Cys1272Phe,Type2A,2A型突变.xlsx,58,A1,A1,ok,True
VWF_C1272G,C,1272,G,Cys1272Gly,Type2A,2A型突变.xlsx,57,A1,A1,ok,True
VWF_C1272R,C,1272,R,Cys1272Arg,Type2A|Type2B,2A型突变.xlsx|2B型突变.xlsx,9|56,A1,A1,ok,True
VWF_C1272S,C,1272,S,Cys1272Ser,Type2A,2A型突变.xlsx,60,A1,A1,ok,True
VWF_C1272Y,C,1272,Y,Cys1272Tyr,Type2A,2A型突变.xlsx,59,A1,A1,ok,True
VWF_L1276P,L,1276,P,Leu1276Pro,Type2M,2M型突变.xlsx,4,A1,A1,ok,True
VWF_L1276R,L,1276,R,Leu1276Arg,Type2M,2M型突变.xlsx,3,A1,A1,ok,True
VWF_L1278P,L,1278,P,Leu1278Pro,Type2A|Type2M,2A型突变.xlsx|2M型突变.xlsx,5|62,A1,A1,ok,True
VWF_L1278R,L,1278,R,Leu1278Arg,Type2A,2A型突变.xlsx,61,A1,A1,ok,True
VWF_V1279F,V,1279,F,Val1279Phe,Type2A|Type2M,2A型突变.xlsx|2M型突变.xlsx,6|63,A1,A1,ok,True
VWF_V1279I,V,1279,I,Val1279Ile,Negative_GeneBe|Type2M|Type3,2M型突变.xlsx|3型突变.xlsx|更广泛的阴性对照196个（GeneBe注释）——非同义且良性的VWD突变列表xlsx_副本.xlsx,7|40|75,A1,A1,ok,True
VWF_L1282R,L,1282,R,Leu1282Arg,Type2M,2M型突变.xlsx,8,A1,A1,ok,True
VWF_S1285F,S,1285,F,Ser1285Phe,Type2A|Type2M,2A型突变.xlsx|2M型突变.xlsx,9|64,A1,A1,ok,True
VWF_S1285P,S,1285,P,Ser1285Pro,Type1,1型突变.xlsx,64,A1,A1,ok,True
VWF_L1288R,L,1288,R,Leu1288Arg,Type2A|Type2M,2A型突变.xlsx|2M型突变.xlsx,10|65,A1,A1,ok,True
VWF_L1288V,L,1288,V,Leu1288Val,Type3,3型突变.xlsx,41,A1,A1,ok,True
VWF_E1290K,E,1290,K,Glu1290Lys,Negative_GeneBe,更广泛的阴性对照196个（GeneBe注释）——非同义且良性的VWD突变列表xlsx_副本.xlsx,76,,A1,ok,
VWF_E1290L,E,1290,L,Glu1290Leu,Type2M,2M型突变.xlsx,11,A1,A1,ok,True
VWF_L1296P,L,1296,P,Leu1296Pro,Type2M,2M型突变.xlsx,12,A1,A1,ok,True
VWF_A1298V,A,1298,V,Ala1298Val,Negative_ClinVar|Negative_GeneBe,更广泛的阴性对照196个（GeneBe注释）——非同义且良性的VWD突变列表xlsx_副本.xlsx|阴性对照43个（Clinvar注释）——非同义且良性的VWD突变列表xlsx.xlsx,20|77,,A1,ok,
VWF_D1302G,D,1302,G,Asp1302Gly,Type2M,2M型突变.xlsx,13,A1,A1,ok,True
VWF_M1303M,M,1303,M,Met1303Met,Type2B,2B型突变.xlsx,10,A1,A1,ok,True
VWF_M1304R,M,1304,R,Met1304Arg,Type1|Type2A|Type2M,1型突变.xlsx|2A型突变.xlsx|2M型突变.xlsx,14|65|66,A1,A1,ok,True
VWF_M1304V,M,1304,V,Met1304Val,Type2B,2B型突变.xlsx,11,A1,A1,ok,True
VWF_R1306E,R,1306,E,Arg1306Glu,Type2B,2B型突变.xlsx,13,A1,A1,ok,True
VWF_R1306L,R,1306,L,Arg1306Leu,Type2B,2B型突变.xlsx,14,A1,A1,ok,True
VWF_R1306P,R,1306,P,Arg1306Pro,Type2B,2B型突变.xlsx,15,A1,A1,ok,True
VWF_R1306Q,R,1306,Q,Arg1306Gln,Type2B,2B型突变.xlsx,12,A1,A1,ok,True
VWF_R1306W,R,1306,W,Arg1306Trp,Type2B,2B型突变.xlsx,16,A1,A1,ok,True
VWF_L1307P,L,1307,P,Leu1307Pro,Type2A,2A型突变.xlsx,67,A1,A1,ok,True
VWF_R1308C,R,1308,C,Arg1308Cys,Type2B,2B型突变.xlsx,17,A1,A1,ok,True
VWF_R1308L,R,1308,L,Arg1308Leu,Type2B,2B型突变.xlsx,18,A1,A1,ok,True
VWF_R1308P,R,1308,P,Arg1308Pro,Type2B,2B型突变.xlsx,19,A1,A1,ok,True
VWF_R1308S,R,1308,S,Arg1308Ser,Type2B,2B型突变.xlsx,20,A1,A1,ok,True
VWF_I1309V,I,1309,V,Ile1309Val,Type2B,2B型突变.xlsx,21,A1,A1,ok,True
VWF_S1310F,S,1310,F,Ser1310Phe,Type2B,2B型突变.xlsx,22,A1,A1,ok,True
VWF_S1310P,S,1310,P,Ser1310Pro,Type2B,2B型突变.xlsx,23,A1,A1,ok,True
VWF_W1313C,W,1313,C,Trp1313Cys,Type2B,2B型突变.xlsx,24,A1,A1,ok,True
VWF_V1314D,V,1314,D,Val1314Asp,Type2B,2B型突变.xlsx,25,A1,A1,ok,True
VWF_V1314F,V,1314,F,Val1314Phe,Type2B,2B型突变.xlsx,28,A1,A1,ok,True
VWF_V1314L,V,1314,L,Val1314Leu,Type2B,2B型突变.xlsx,26,A1,A1,ok,True
VWF_V1314M,V,1314,M,Val1314Met,Type2B,2B型突变.xlsx,27,A1,A1,ok,True
VWF_R1315C,R,1315,C,Arg1315Cys,Type1|Type2A|Type2M|Type3,1型突变.xlsx|2A型突变.xlsx|2M型突变.xlsx|3型突变.xlsx,15|42|66|68,A1,A1,ok,True
VWF_R1315G,R,1315,G,Arg1315Gly,Type2M,2M型突变.xlsx,17,A1,A1,ok,True
VWF_R1315H,R,1315,H,Arg1315His,Type1|Type2M,1型突变.xlsx|2M型突变.xlsx,18|67,A1,A1,ok,True
VWF_R1315L,R,1315,L,Arg1315Leu,Type2M,2M型突变.xlsx,16,A1,A1,ok,True
VWF_R1315P,R,1315,P,Arg1315Pro,Type2M,2M型突变.xlsx,19,A1,A1,ok,True
VWF_V1316M,V,1316,M,Val1316Met,Type2B,2B型突变.xlsx,29,A1,A1,ok,True
VWF_Y1321C,Y,1321,C,Tyr1321Cys,Type2M,2M型突变.xlsx,20,A1,A1,ok,True
VWF_Y1321W,Y,1321,W,Tyr1321Trp,Type2M,2M型突变.xlsx,21,A1,A1,ok,True
VWF_H1322P,H,1322,P,His1322Pro,Type2M,2M型突变.xlsx,22,A1,A1,ok,True
VWF_G1324A,G,1324,A,Gly1324Ala,Type2M,2M型突变.xlsx,23,A1,A1,ok,True
VWF_G1324R,G,1324,R,Gly1324Arg,Type2M,2M型突变.xlsx,25,A1,A1,ok,True
VWF_G1324S,G,1324,S,Gly1324Ser,Type2M,2M型突变.xlsx,24,A1,A1,ok,True
VWF_P1337L,P,1337,L,Pro1337Leu,Type2B,2B型突变.xlsx,30,A1,A1,ok,True
VWF_L1340P,L,1340,P,Leu1340Pro,Type2B,2B型突变.xlsx,31,A1,A1,ok,True
VWF_R1341E,R,1341,E,Arg1341Glu,Type2B,2B型突变.xlsx,33,A1,A1,ok,True
VWF_R1341L,R,1341,L,Arg1341Leu,Type2B,2B型突变.xlsx,34,A1,A1,ok,True
VWF_R1341Q,R,1341,Q,Arg1341Gln,Type2B,2B型突变.xlsx,32,A1,A1,ok,True
VWF_R1341W,R,1341,W,Arg1341Trp,Type2B,2B型突变.xlsx,35,A1,A1,ok,True
VWF_R1342C,R,1342,C,Arg1342Cys,Type1,1型突变.xlsx,68,A1,A1,ok,True
VWF_Y1349C,Y,1349,C,Tyr1349Cys,Type2M,2M型突变.xlsx,26,A1,A1,ok,True
VWF_A1350V,A,1350,V,Ala1350Val,Negative_GeneBe,更广泛的阴性对照196个（GeneBe注释）——非同义且良性的VWD突变列表xlsx_副本.xlsx,78,,A1,ok,
VWF_A1355D,A,1355,D,Ala1355Asp,Type2M,2M型突变.xlsx,28,A1,A1,ok,True
VWF_S1358N,S,1358,N,Ser1358Asn,Type2M,2M型突变.xlsx,29,A1,A1,ok,True
VWF_E1359K,E,1359,K,Glu1359Lys,Type2M,2M型突变.xlsx,30,A1,A1,ok,True
VWF_V1360A,V,1360,A,Val1360Ala,Type2M,2M型突变.xlsx,31,A1,A1,ok,True
VWF_L1361S,L,1361,S,Leu1361Ser,Type1|Type2M,1型突变.xlsx|2M型突变.xlsx,33|69,A1,A1,ok,True
VWF_L1361W,L,1361,W,Leu1361Trp,Type2M,2M型突变.xlsx,32,A1,A1,ok,True
VWF_K1362T,K,1362,T,Lys1362Thr,Type2M,2M型突变.xlsx,34,A1,A1,ok,True
VWF_Y1363C,Y,1363,C,Tyr1363Cys,Type2M,2M型突变.xlsx,35,A1,A1,ok,True
VWF_L1365R,L,1365,R,Leu1365Arg,Type2M,2M型突变.xlsx,36,A1,A1,ok,True
VWF_F1369I,F,1369,I,Phe1369Ile,Type2M,2M型突变.xlsx,37,A1,A1,ok,True
VWF_I1372S,I,1372,S,Ile1372Ser,Type2B,2B型突变.xlsx,36,A1,A1,ok,True
VWF_D1373Y,D,1373,Y,Asp1373Tyr,Type2M,2M型突变.xlsx,38,A1,A1,ok,True
VWF_R1374C,R,1374,C,Arg1374Cys,Type1|Type2A|Type2M,1型突变.xlsx|2A型突变.xlsx|2M型突变.xlsx,39|70,A1,A1,ok,True
VWF_R1374H,R,1374,H,Arg1374His,Type2A|Type2B|Type2M,2A型突变.xlsx|2B型突变.xlsx|2M型突变.xlsx,37|40|69,A1,A1,ok,True
VWF_R1374L,R,1374,L,Arg1374Leu,Type2M,2M型突变.xlsx,41,A1,A1,ok,True
VWF_R1374S,R,1374,S,Arg1374Ser,Type2M,2M型突变.xlsx,42,A1,A1,ok,True
VWF_A1377V,A,1377,V,Ala1377Val,Type2M,2M型突变.xlsx,45,A1,A1,ok,True
VWF_S1378F,S,1378,F,Ser1378Phe,Type1|Type2M,1型突变.xlsx|2M型突变.xlsx,43|71,A1,A1,ok,True
VWF_R1379C,R,1379,C,Arg1379Cys,Type1|Type2B|Type2M,1型突变.xlsx|2B型突变.xlsx|2M型突变.xlsx,38|44|72,A1,A1,ok,True
VWF_I1380V,I,1380,V,Ile1380Val,Negative_ClinVar|Negative_GeneBe,更广泛的阴性对照196个（GeneBe注释）——非同义且良性的VWD突变列表xlsx_副本.xlsx|阴性对照43个（Clinvar注释）——非同义且良性的VWD突变列表xlsx.xlsx,22|79,,A1,ok,
VWF_T1381A,T,1381,A,Thr1381Ala,Negative_ClinVar|Negative_GeneBe,更广泛的阴性对照196个（GeneBe注释）——非同义且良性的VWD突变列表xlsx_副本.xlsx|阴性对照43个（Clinvar注释）——非同义且良性的VWD突变列表xlsx.xlsx,23|80,,A1,ok,
VWF_L1382P,L,1382,P,Leu1382Pro,Type2M,2M型突变.xlsx,46,A1,A1,ok,True
VWF_L1383R,L,1383,R,Leu1383Arg,Type2M,2M型突变.xlsx,47,A1,A1,ok,True
VWF_S1387I,S,1387,I,Ser1387Ile,Type2M,2M型突变.xlsx,49,A1,A1,ok,True
VWF_S1387R,S,1387,R,Ser1387Arg,Type2M,2M型突变.xlsx,48,A1,A1,ok,True
VWF_E1389K,E,1389,K,Glu1389Lys,Type2A|Type2B,2A型突变.xlsx|2B型突变.xlsx,39|71,A1,A1,ok,True
VWF_S1394F,S,1394,F,Ser1394Phe,Type2M,2M型突变.xlsx,51,A1,A1,ok,True
VWF_R1399C,R,1399,C,Arg1399Cys,Type2M,2M型突变.xlsx,52,A1,A1,ok,True
VWF_R1399H,R,1399,H,Arg1399His,Type1,1型突变.xlsx,73,A1,A1,ok,True
VWF_V1401I,V,1401,I,Val1401Ile,Negative_GeneBe,更广泛的阴性对照196个（GeneBe注释）——非同义且良性的VWD突变列表xlsx_副本.xlsx,81,,A1,ok,
VWF_Q1402P,Q,1402,P,Gln1402Pro,Type2M,2M型突变.xlsx,53,A1,A1,ok,True
VWF_P1413L,P,1413,L,Pro1413Leu,Type1,1型突变.xlsx,74,A1,A1,ok,True
VWF_G1415D,G,1415,D,Gly1415Asp,Type1,1型突变.xlsx,75,A1,A1,ok,True
VWF_I1416N,I,1416,N,Ile1416Asn,Type1|Type2A,1型突变.xlsx|2A型突变.xlsx,72|76,A1,A1,ok,True
VWF_N1421K,N,1421,K,Asn1421Lys,Type1,1型突变.xlsx,77,A1,A1,ok,True
VWF_N1435S,N,1435,S,Asn1435Ser,Negative_ClinVar|Negative_GeneBe,更广泛的阴性对照196个（GeneBe注释）——非同义且良性的VWD突变列表xlsx_副本.xlsx|阴性对照43个（Clinvar注释）——非同义且良性的VWD突变列表xlsx.xlsx,24|82,,A1,ok,
VWF_A1437T,A,1437,T,Ala1437Thr,Type1,1型突变.xlsx,78,A1,A1,ok,True
VWF_V1439M,V,1439,M,Val1439Met,Negative_GeneBe,更广泛的阴性对照196个（GeneBe注释）——非同义且良性的VWD突变列表xlsx_副本.xlsx,83,,A1,ok,
VWF_L1446P,L,1446,P,Leu1446Pro,Type2A,2A型突变.xlsx,73,A1,A1,ok,True
VWF_E1447Q,E,1447,Q,Glu1447Gln,Type1,1型突变.xlsx,79,A1,A1,ok,True
VWF_V1454I,V,1454,I,Val1454Ile,Negative_GeneBe,更广泛的阴性对照196个（GeneBe注释）——非同义且良性的VWD突变列表xlsx_副本.xlsx,84,,A1,ok,
VWF_C1458Y,C,1458,Y,Cys1458Tyr,Type2A,2A型突变.xlsx,74,A1,A1,ok,True
VWF_L1460F,L,1460,F,Leu1460Phe,Type2B,2B型突变.xlsx,40,A1,A1,ok,True
VWF_L1460P,L,1460,P,Leu1460Pro,Type2B,2B型突变.xlsx,41,A1,A1,ok,True
VWF_L1460V,L,1460,V,Leu1460Val,Type2B,2B型突变.xlsx,42,A1,A1,ok,True
VWF_A1461D,A,1461,D,Ala1461Asp,Type2B,2B型突变.xlsx,43,A1,A1,ok,True
VWF_A1461V,A,1461,V,Ala1461Val,Type2B,2B型突变.xlsx,44,A1,A1,ok,True
VWF_D1472H,D,1472,H,Asp1472His,Negative_ClinVar|Negative_GeneBe|Type1,1型突变.xlsx|更广泛的阴性对照196个（GeneBe注释）——非同义且良性的VWD突变列表xlsx_副本.xlsx|阴性对照43个（Clinvar注释）——非同义且良性的VWD突变列表xlsx.xlsx,25|80|86,A1,A1,ok,True
VWF_D1472N,D,1472,N,Asp1472Asn,Negative_GeneBe,更广泛的阴性对照196个（GeneBe注释）——非同义且良性的VWD突变列表xlsx_副本.xlsx,85,,A1,ok,
VWF_D1472Y,D,1472,Y,Asp1472Tyr,Negative_GeneBe,更广泛的阴性对照196个（GeneBe注释）——非同义且良性的VWD突变列表xlsx_副本.xlsx,87,,A1,ok,
VWF_V1485I,V,1485,I,Val1485Ile,Negative_GeneBe,更广泛的阴性对照196个（GeneBe注释）——非同义且良性的VWD突变列表xlsx_副本.xlsx,88,,A2,ok,
VWF_S1486L,S,1486,L,Ser1486Leu,Negative_GeneBe,更广泛的阴性对照196个（GeneBe注释）——非同义且良性的VWD突变列表xlsx_副本.xlsx,89,,A2,ok,
VWF_R1492S,R,1492,S,Arg1492Ser,Negative_GeneBe,更广泛的阴性对照196个（GeneBe注释）——非同义且良性的VWD突变列表xlsx_副本.xlsx,90,,A2,ok,
VWF_M1495L,M,1495,L,Met1495Leu,Type2A,2A型突变.xlsx,75,A2,A2,ok,True
VWF_V1499E,V,1499,E,Val1499Glu,Type2A,2A型突变.xlsx,76,A2,A2,ok,True
VWF_A1500E,A,1500,E,Ala1500Glu,Type2A,2A型突变.xlsx,77,A2,A2,ok,True
VWF_A1500T,A,1500,T,Ala1500Thr,Type2A,2A型突变.xlsx,79,A2,A2,ok,True
VWF_A1500V,A,1500,V,Ala1500Val,Negative_GeneBe|Type1|Type2A,1型突变.xlsx|2A型突变.xlsx|更广泛的阴性对照196个（GeneBe注释）——非同义且良性的VWD突变列表xlsx_副本.xlsx,78|81|91,A2,A2,ok,True
VWF_L1503P,L,1503,P,Leu1503Pro,Type2A,2A型突变.xlsx,80,A2,A2,ok,True
VWF_L1503Q,L,1503,Q,Leu1503Gln,Type2A,2A型突变.xlsx,81,A2,A2,ok,True
VWF_L1503R,L,1503,R,Leu1503Arg,Type2A,2A型突变.xlsx,82,A2,A2,ok,True
VWF_G1505E,G,1505,E,Gly1505Glu,Type2A,2A型突变.xlsx,84,A2,A2,ok,True
VWF_G1505R,G,1505,R,Gly1505Arg,Type2A,2A型突变.xlsx,83,A2,A2,ok,True
VWF_S1506L,S,1506,L,Ser1506Leu,Type2A,2A型突变.xlsx,85,A2,A2,ok,True
VWF_I1509V,I,1509,V,Ile1509Val,Type2A|Type3,2A型突变.xlsx|3型突变.xlsx,43|86,A2,A2,ok,True
VWF_D1513N,D,1513,N,Asp1513Asn,Negative_ClinVar|Negative_GeneBe,更广泛的阴性对照196个（GeneBe注释）——非同义且良性的VWD突变列表xlsx_副本.xlsx|阴性对照43个（Clinvar注释）——非同义且良性的VWD突变列表xlsx.xlsx,26|92,,A2,ok,
VWF_C1514F,C,1514,F,Cys1514Phe,Type2A,2A型突变.xlsx,88,A2,A2,wt_mismatch_expected_C_found_F,True
VWF_F1514C,F,1514,C,Phe1514Cys,Type2A,2A型突变.xlsx,87,A2,A2,ok,True
VWF_K1518E,K,1518,E,Lys1518Glu,Type2A,2A型突变.xlsx,89,A2,A2,ok,True
VWF_F1520L,F,1520,L,Phe1520Leu,Type1,1型突变.xlsx,82,A2,A2,ok,True
VWF_V1524G,V,1524,G,Val1524Gly,Type2A,2A型突变.xlsx,90,A2,A2,ok,True
VWF_I1525S,I,1525,S,Ile1525Ser,Type2A,2A型突变.xlsx,91,A2,A2,ok,True
VWF_Q1526H,Q,1526,H,Gln1526His,Type3,3型突变.xlsx,44,A2,A2,ok,True
VWF_Q1526R,Q,1526,R,Gln1526Arg,Negative_GeneBe,更广泛的阴性对照196个（GeneBe注释）——非同义且良性的VWD突变列表xlsx_副本.xlsx,93,,A2,ok,
VWF_R1527Q,R,1527,Q,Arg1527Gln,Type2A,2A型突变.xlsx,92,A2,A2,ok,True
VWF_M1528V,M,1528,V,Met1528Val,Type2A,2A型突变.xlsx,93,A2,A2,ok,True
VWF_V1537G,V,1537,G,Val1537Gly,Type2A,2A型突变.xlsx,94,A2,A2,ok,True
VWF_V1539E,V,1539,E,Val1539Glu,Type2A,2A型突变.xlsx,95,A2,A2,ok,True
VWF_L1540P,L,1540,P,Leu1540Pro,Type2A,2A型突变.xlsx,96,A2,A2,ok,True
VWF_Y1542C,Y,1542,C,Tyr1542Cys,Type2A,2A型突变.xlsx,97,A2,A2,ok,True
VWF_S1543F,S,1543,F,Ser1543Phe,Type2A,2A型突变.xlsx,98,A2,A2,ok,True
VWF_Q1556R,Q,1556,R,Gln1556Arg,Type2A,2A型突变.xlsx,99,A2,A2,ok,True
VWF_L1562P,L,1562,P,Leu1562Pro,Type2A,2A型突变.xlsx,100,A2,A2,ok,True
VWF_R1564P,R,1564,P,Arg1564Pro,Type2A,2A型突变.xlsx,101,A2,A2,ok,True
VWF_R1564W,R,1564,W,Arg1564Trp,Type1,1型突变.xlsx,83,A2,A2,ok,True
VWF_V1565L,V,1565,L,Val1565Leu,Negative_ClinVar|Negative_GeneBe,更广泛的阴性对照196个（GeneBe注释）——非同义且良性的VWD突变列表xlsx_副本.xlsx|阴性对照43个（Clinvar注释）——非同义且良性的VWD突变列表xlsx.xlsx,27|94,,A2,ok,
VWF_I1568N,I,1568,N,Ile1568Asn,Type2A,2A型突变.xlsx,102,A2,A2,ok,True
VWF_D1574Y,D,1574,Y,Asp1574Tyr,Type2A,2A型突变.xlsx,103,A2,A2,wt_mismatch_expected_D_found_N,True
VWF_T1576P,T,1576,P,Thr1576Pro,Type2A,2A型突变.xlsx,104,A2,A2,ok,True
VWF_Y1578N,Y,1578,N,Tyr1578Asn,Type2A,2A型突变.xlsx,105,A2,A2,wt_mismatch_expected_Y_found_T,True
VWF_G1579R,G,1579,R,Gly1579Arg,Type2A,2A型突变.xlsx,106,A2,A2,ok,True
VWF_L1580P,L,1580,P,Leu1580Pro,Type2A,2A型突变.xlsx,107,A2,A2,ok,True
VWF_L1582P,L,1582,P,Leu1582Pro,Type2A,2A型突变.xlsx,108,A2,A2,ok,True
VWF_R1583Q,R,1583,Q,Arg1583Gln,Negative_ClinVar|Negative_GeneBe,更广泛的阴性对照196个（GeneBe注释）——非同义且良性的VWD突变列表xlsx_副本.xlsx|阴性对照43个（Clinvar注释）——非同义且良性的VWD突变列表xlsx.xlsx,28|95,,A2,ok,
VWF_R1583W,R,1583,W,Arg1583Trp,Type1|Type2A,1型突变.xlsx|2A型突变.xlsx,84|109,A2,A2,ok,True
VWF_Y1584C,Y,1584,C,Tyr1584Cys,Type1,1型突变.xlsx,85,A2,A2,ok,True
VWF_R1597G,R,1597,G,Arg1597Gly,Type2A,2A型突变.xlsx,114,A2,A2,ok,True
VWF_R1597L,R,1597,L,Arg1597Leu,Type2A,2A型突变.xlsx,111,A2,A2,ok,True
VWF_R1597P,R,1597,P,Arg1597Pro,Type2A,2A型突变.xlsx,113,A2,A2,ok,True
VWF_R1597Q,R,1597,Q,Arg1597Gln,Type2A,2A型突变.xlsx,112,A2,A2,ok,True
VWF_R1597W,R,1597,W,Arg1597Trp,Type2A,2A型突变.xlsx,110,A2,A2,ok,True
VWF_L1603P,L,1603,P,Leu1603Pro,Type2A,2A型突变.xlsx,115,A2,A2,ok,True
VWF_V1604F,V,1604,F,Val1604Phe,Type2A,2A型突变.xlsx,116,A2,A2,ok,True
VWF_V1607D,V,1607,D,Val1607Asp,Type2A,2A型突变.xlsx,117,A2,A2,ok,True
VWF_T1608P,T,1608,P,Thr1608Pro,Type2A,2A型突变.xlsx,118,A2,A2,ok,True
VWF_G1609R,G,1609,R,Gly1609Arg,Type2A,2A型突变.xlsx,119,A2,A2,ok,True
VWF_S1613P,S,1613,P,Ser1613Pro,Type2A,2A型突变.xlsx,120,A2,A2,ok,True
VWF_V1625G,V,1625,G,Val1625Gly,Type2A,2A型突变.xlsx,121,A2,A2,ok,True
VWF_P1627H,P,1627,H,Pro1627His,Type2A,2A型突变.xlsx,122,A2,A2,ok,True
VWF_I1628N,I,1628,N,Ile1628Asn,Type2A,2A型突变.xlsx,124,A2,A2,ok,True
VWF_I1628T,I,1628,T,Ile1628Thr,Type2A,2A型突变.xlsx,123,A2,A2,ok,True
VWF_G1629E,G,1629,E,Gly1629Glu,Type2A,2A型突变.xlsx,126,A2,A2,ok,True
VWF_G1629R,G,1629,R,Gly1629Arg,Type2A,2A型突变.xlsx,125,A2,A2,ok,True
VWF_V1630E,V,1630,E,Val1630Glu,Type2A,2A型突变.xlsx,128,A2,A2,ok,True
VWF_V1630M,V,1630,M,Val1630Met,Type2A,2A型突变.xlsx,127,A2,A2,ok,True
VWF_G1631D,G,1631,D,Gly1631Asp,Type2A,2A型突变.xlsx,129,A2,A2,ok,True
VWF_N1635I,N,1635,I,Asn1635Ile,Type2A,2A型突变.xlsx,130,A2,A2,ok,True
VWF_N1635T,N,1635,T,Asn1635Thr,Type1,1型突变.xlsx,86,A2,A2,ok,True
VWF_V1636M,V,1636,M,Val1636Met,Negative_GeneBe,更广泛的阴性对照196个（GeneBe注释）——非同义且良性的VWD突变列表xlsx_副本.xlsx,96,,A2,ok,
VWF_E1638K,E,1638,K,Glu1638Lys,Type2A,2A型突变.xlsx,131,A2,A2,ok,True
VWF_L1639P,L,1639,P,Leu1639Pro,Type2A,2A型突变.xlsx,132,A2,A2,ok,True
VWF_R1641K,R,1641,K,Arg1641Lys,Negative_GeneBe,更广泛的阴性对照196个（GeneBe注释）——非同义且良性的VWD突变列表xlsx_副本.xlsx,97,,A2,ok,
VWF_G1643S,G,1643,S,Gly1643Ser,Negative_GeneBe,更广泛的阴性对照196个（GeneBe注释）——非同义且良性的VWD突变列表xlsx_副本.xlsx,98,,A2,ok,
VWF_A1647D,A,1647,D,Ala1647Asp,Type2A,2A型突变.xlsx,133,A2,A2,ok,True
VWF_P1648S,P,1648,S,Pro1648Ser,Type2A,2A型突变.xlsx,134,A2,A2,ok,True
VWF_I1649N,I,1649,N,Ile1649Asn,Type2A,2A型突变.xlsx,135,A2,A2,ok,True
VWF_F1654L,F,1654,L,Phe1654Leu,Type2A,2A型突变.xlsx,136,A2,A2,ok,True
VWF_L1657H,L,1657,H,Leu1657His,Type2A,2A型突变.xlsx,137,A2,A2,ok,True
VWF_L1657I,L,1657,I,Leu1657Ile,Type2A,2A型突变.xlsx,138,A2,A2,ok,True
VWF_V1665E,V,1665,E,Val1665Glu,Type2A,2A型突变.xlsx,139,A2,A2,ok,True
VWF_V1665G,V,1665,G,Val1665Gly,Type2A,2A型突变.xlsx,140,A2,A2,ok,True
VWF_R1668S,R,1668,S,Arg1668Ser,Negative_GeneBe|Type1,1型突变.xlsx|更广泛的阴性对照196个（GeneBe注释）——非同义且良性的VWD突变列表xlsx_副本.xlsx,87|99,A2,A2,ok,True
VWF_G1672R,G,1672,R,Gly1672Arg,Negative_GeneBe|Type2A,2A型突变.xlsx|更广泛的阴性对照196个（GeneBe注释）——非同义且良性的VWD突变列表xlsx_副本.xlsx,100|141,A2,A2,ok,True
VWF_E1673K,E,1673,K,Glu1673Lys,Negative_GeneBe,更广泛的阴性对照196个（GeneBe注释）——非同义且良性的VWD突变列表xlsx_副本.xlsx,101,,A3,ok,
VWF_P1684R,P,1684,R,Pro1684Arg,Negative_GeneBe,更广泛的阴性对照196个（GeneBe注释）——非同义且良性的VWD突变列表xlsx_副本.xlsx,102,,A3,ok,
VWF_A1714T,A,1714,T,Ala1714Thr,Negative_GeneBe,更广泛的阴性对照196个（GeneBe注释）——非同义且良性的VWD突变列表xlsx_副本.xlsx,103,,A3,ok,
VWF_A1716P,A,1716,P,Ala1716Pro,Type1,1型突变.xlsx,88,A3,A3,ok,True
VWF_N1722D,N,1722,D,Asn1722Asp,Negative_GeneBe,更广泛的阴性对照196个（GeneBe注释）——非同义且良性的VWD突变列表xlsx_副本.xlsx,104,,A3,ok,
VWF_P1725S,P,1725,S,Pro1725Ser,Negative_ClinVar|Negative_GeneBe,更广泛的阴性对照196个（GeneBe注释）——非同义且良性的VWD突变列表xlsx_副本.xlsx|阴性对照43个（Clinvar注释）——非同义且良性的VWD突变列表xlsx.xlsx,29|105,,A3,ok,
VWF_R1726H,R,1726,H,Arg1726His,Negative_GeneBe,更广泛的阴性对照196个（GeneBe注释）——非同义且良性的VWD突变列表xlsx_副本.xlsx,106,,A3,ok,
VWF_I1741T,I,1741,T,Ile1741Thr,Negative_GeneBe,更广泛的阴性对照196个（GeneBe注释）——非同义且良性的VWD突变列表xlsx_副本.xlsx,107,,A3,ok,
VWF_P1749L,P,1749,L,Pro1749Leu,Negative_GeneBe,更广泛的阴性对照196个（GeneBe注释）——非同义且良性的VWD突变列表xlsx_副本.xlsx,108,,A3,ok,
VWF_V1760I,V,1760,I,Val1760Ile,Negative_GeneBe|Type1,1型突变.xlsx|更广泛的阴性对照196个（GeneBe注释）——非同义且良性的VWD突变列表xlsx_副本.xlsx,89|109,A3,A3,ok,True
VWF_Q1762R,Q,1762,R,Gln1762Arg,Negative_GeneBe,更广泛的阴性对照196个（GeneBe注释）——非同义且良性的VWD突变列表xlsx_副本.xlsx,110,,A3,ok,
VWF_R1763Q,R,1763,Q,Arg1763Gln,Negative_GeneBe,更广泛的阴性对照196个（GeneBe注释）——非同义且良性的VWD突变列表xlsx_副本.xlsx,111,,A3,ok,
VWF_L1774S,L,1774,S,Leu1774Ser,Type1,1型突变.xlsx,90,A3,A3,ok,True
VWF_R1779L,R,1779,L,Arg1779Leu,Type1,1型突变.xlsx,91,A3,A3,ok,True
VWF_L1794E,L,1794,E,Leu1794Glu,Type1,1型突变.xlsx,92,A3,A3,wt_mismatch_expected_L_found_K,True
VWF_A1795V,A,1795,V,Ala1795Val,Negative_GeneBe,更广泛的阴性对照196个（GeneBe注释）——非同义且良性的VWD突变列表xlsx_副本.xlsx,112,,A3,ok,
VWF_T1801M,T,1801,M,Thr1801Met,Negative_ClinVar|Negative_GeneBe,更广泛的阴性对照196个（GeneBe注释）——非同义且良性的VWD突变列表xlsx_副本.xlsx|阴性对照43个（Clinvar注释）——非同义且良性的VWD突变列表xlsx.xlsx,30|113,,A3,ok,
VWF_V1803I,V,1803,I,Val1803Ile,Negative_GeneBe,更广泛的阴性对照196个（GeneBe注释）——非同义且良性的VWD突变列表xlsx_副本.xlsx,114,,A3,ok,
VWF_N1818S,N,1818,S,Asn1818Ser,Negative_GeneBe,更广泛的阴性对照196个（GeneBe注释）——非同义且良性的VWD突变列表xlsx_副本.xlsx,115,,A3,ok,
VWF_V1822G,V,1822,G,Val1822Gly,Type1,1型突变.xlsx,93,A3,A3,ok,True
VWF_P1824H,P,1824,H,Pro1824His,Type1,1型突变.xlsx,94,A3,A3,ok,True
VWF_I1825V,I,1825,V,Ile1825Val,Negative_GeneBe,更广泛的阴性对照196个（GeneBe注释）——非同义且良性的VWD突变列表xlsx_副本.xlsx,116,,A3,ok,
VWF_R1837W,R,1837,W,Arg1837Trp,Type1,1型突变.xlsx,95,A3,A3,ok,True
VWF_D1845N,D,1845,N,Asp1845Asn,Negative_GeneBe,更广泛的阴性对照196个（GeneBe注释）——非同义且良性的VWD突变列表xlsx_副本.xlsx,117,,A3,ok,
VWF_C1879F,C,1879,F,Cys1879Phe,Type1,1型突变.xlsx,96,D4,D4,ok,True
VWF_M1880I,M,1880,I,Met1880Ile,Negative_GeneBe,更广泛的阴性对照196个（GeneBe注释）——非同义且良性的VWD突变列表xlsx_副本.xlsx,118,,D4,ok,
VWF_K1887N,K,1887,N,Lys1887Asn,Type1,1型突变.xlsx,97,D4,D4,ok,True
VWF_D1891E,D,1891,E,Asp1891Glu,Negative_GeneBe,更广泛的阴性对照196个（GeneBe注释）——非同义且良性的VWD突变列表xlsx_副本.xlsx,119,,D4,ok,
VWF_H1900P,H,1900,P,His1900Pro,Type1,1型突变.xlsx,98,D4,D4,ok,True
VWF_R1921W,R,1921,W,Arg1921Trp,Negative_GeneBe,更广泛的阴性对照196个（GeneBe注释）——非同义且良性的VWD突变列表xlsx_副本.xlsx,120,,D4,ok,
VWF_G1922E,G,1922,E,Gly1922Glu,Negative_GeneBe,更广泛的阴性对照196个（GeneBe注释）——非同义且良性的VWD突变列表xlsx_副本.xlsx,121,,D4,ok,
VWF_L1923P,L,1923,P,Leu1923Pro,Negative_GeneBe|Type1,1型突变.xlsx|更广泛的阴性对照196个（GeneBe注释）——非同义且良性的VWD突变列表xlsx_副本.xlsx,99|122,D4,D4,ok,True
VWF_P1928R,P,1928,R,Pro1928Arg,Negative_GeneBe,更广泛的阴性对照196个（GeneBe注释）——非同义且良性的VWD突变列表xlsx_副本.xlsx,123,,D4,ok,
VWF_Q1931H,Q,1931,H,Gln1931His,Type3,3型突变.xlsx,45,D4,D4,ok,True
VWF_P1933L,P,1933,L,Pro1933Leu,Type1,1型突变.xlsx,100,D4,D4,ok,True
VWF_V1934G,V,1934,G,Val1934Gly,Type1,1型突变.xlsx,101,D4,D4,ok,True
VWF_E1938D,E,1938,D,Glu1938Asp,Type1,1型突变.xlsx,102,D4,D4,ok,True
VWF_T1951A,T,1951,A,Thr1951Ala,Negative_GeneBe|Type1,1型突变.xlsx|更广泛的阴性对照196个（GeneBe注释）——非同义且良性的VWD突变列表xlsx_副本.xlsx,103|124,D4,D4,ok,True
VWF_Q1964K,Q,1964,K,Gln1964Lys,Type1,1型突变.xlsx,104,D4,D4,ok,True
VWF_A1997T,A,1997,T,Ala1997Thr,Negative_GeneBe,更广泛的阴性对照196个（GeneBe注释）——非同义且良性的VWD突变列表xlsx_副本.xlsx,125,,D4,ok,
VWF_R1998K,R,1998,K,Arg1998Lys,Negative_GeneBe,更广泛的阴性对照196个（GeneBe注释）——非同义且良性的VWD突变列表xlsx_副本.xlsx,126,,D4,ok,
VWF_S2010N,S,2010,N,Ser2010Asn,Negative_GeneBe,更广泛的阴性对照196个（GeneBe注释）——非同义且良性的VWD突变列表xlsx_副本.xlsx,127,,D4,ok,
VWF_V2014I,V,2014,I,Val2014Ile,Negative_GeneBe,更广泛的阴性对照196个（GeneBe注释）——非同义且良性的VWD突变列表xlsx_副本.xlsx,128,,D4,ok,
VWF_S2018G,S,2018,G,Ser2018Gly,Negative_GeneBe,更广泛的阴性对照196个（GeneBe注释）——非同义且良性的VWD突变列表xlsx_副本.xlsx,129,,D4,ok,
VWF_M2038V,M,2038,V,Met2038Val,Negative_GeneBe,更广泛的阴性对照196个（GeneBe注释）——非同义且良性的VWD突变列表xlsx_副本.xlsx,130,,D4,ok,
VWF_V2042I,V,2042,I,Val2042Ile,Negative_GeneBe,更广泛的阴性对照196个（GeneBe注释）——非同义且良性的VWD突变列表xlsx_副本.xlsx,131,,D4,ok,
VWF_N2053S,N,2053,S,Asn2053Ser,Negative_GeneBe,更广泛的阴性对照196个（GeneBe注释）——非同义且良性的VWD突变列表xlsx_副本.xlsx,132,,D4,ok,
VWF_P2063S,P,2063,S,Pro2063Ser,Negative_ClinVar|Negative_GeneBe|Type1,1型突变.xlsx|更广泛的阴性对照196个（GeneBe注释）——非同义且良性的VWD突变列表xlsx_副本.xlsx|阴性对照43个（Clinvar注释）——非同义且良性的VWD突变列表xlsx.xlsx,31|105|133,D4,D4,ok,True
VWF_T2081M,T,2081,M,Thr2081Met,Negative_ClinVar|Negative_GeneBe,更广泛的阴性对照196个（GeneBe注释）——非同义且良性的VWD突变列表xlsx_副本.xlsx|阴性对照43个（Clinvar注释）——非同义且良性的VWD突变列表xlsx.xlsx,32|134,,D4,ok,
VWF_C2085Y,C,2085,Y,Cys2085Tyr,Type2A,2A型突变.xlsx,142,D4,D4,ok,True
VWF_T2104I,T,2104,I,Thr2104Ile,Type1,1型突变.xlsx,106,D4,D4,ok,True
VWF_R2118Q,R,2118,Q,Arg2118Gln,Negative_GeneBe,更广泛的阴性对照196个（GeneBe注释）——非同义且良性的VWD突变列表xlsx_副本.xlsx,136,,D4,ok,
VWF_R2118W,R,2118,W,Arg2118Trp,Negative_GeneBe,更广泛的阴性对照196个（GeneBe注释）——非同义且良性的VWD突变列表xlsx_副本.xlsx,135,,D4,ok,
VWF_I2126T,I,2126,T,Ile2126Thr,Negative_GeneBe,更广泛的阴性对照196个（GeneBe注释）——非同义且良性的VWD突变列表xlsx_副本.xlsx,138,,D4,ok,
VWF_I2126V,I,2126,V,Ile2126Val,Negative_GeneBe,更广泛的阴性对照196个（GeneBe注释）——非同义且良性的VWD突变列表xlsx_副本.xlsx,137,,D4,ok,
VWF_D2135N,D,2135,N,Asp2135Asn,Negative_GeneBe,更广泛的阴性对照196个（GeneBe注释）——非同义且良性的VWD突变列表xlsx_副本.xlsx,139,,D4,ok,
VWF_S2136T,S,2136,T,Ser2136Thr,Negative_GeneBe,更广泛的阴性对照196个（GeneBe注释）——非同义且良性的VWD突变列表xlsx_副本.xlsx,140,,D4,ok,
VWF_V2141I,V,2141,I,Val2141Ile,Negative_GeneBe,更广泛的阴性对照196个（GeneBe注释）——非同义且良性的VWD突变列表xlsx_副本.xlsx,141,,D4,ok,
VWF_L2142F,L,2142,F,Leu2142Phe,Negative_GeneBe,更广泛的阴性对照196个（GeneBe注释）——非同义且良性的VWD突变列表xlsx_副本.xlsx,142,,D4,ok,
VWF_P2145A,P,2145,A,Pro2145Ala,Negative_GeneBe,更广泛的阴性对照196个（GeneBe注释）——非同义且良性的VWD突变列表xlsx_副本.xlsx,143,,D4,ok,
VWF_P2145S,P,2145,S,Pro2145Ser,Negative_GeneBe,更广泛的阴性对照196个（GeneBe注释）——非同义且良性的VWD突变列表xlsx_副本.xlsx,144,,D4,ok,
VWF_C2150W,C,2150,W,Cys2150Trp,Type1,1型突变.xlsx,107,D4,D4,ok,True
VWF_C2150Y,C,2150,Y,Cys2150Tyr,Type1,1型突变.xlsx,108,D4,D4,ok,True
VWF_H2151Y,H,2151,Y,His2151Tyr,Type1,1型突变.xlsx,109,D4,D4,ok,True
VWF_V2153F,V,2153,F,Val2153Phe,Type1,1型突变.xlsx,110,D4,D4,ok,True
VWF_C2174G,C,2174,G,Cys2174Gly,Type3,3型突变.xlsx,46,D4,D4,ok,True
VWF_A2178S,A,2178,S,Ala2178Ser,Negative_ClinVar|Negative_GeneBe|Type2B,2B型突变.xlsx|更广泛的阴性对照196个（GeneBe注释）——非同义且良性的VWD突变列表xlsx_副本.xlsx|阴性对照43个（Clinvar注释）——非同义且良性的VWD突变列表xlsx.xlsx,33|46|145,D4,D4,ok,True
VWF_S2179F,S,2179,F,Ser2179Phe,Type1,1型突变.xlsx,111,D4,D4,ok,True
VWF_C2184F,C,2184,F,Cys2184Phe,Type3,3型突变.xlsx,48,D4,D4,ok,True
VWF_C2184S,C,2184,S,Cys2184Ser,Type3,3型突变.xlsx,47,D4,D4,ok,True
VWF_C2184Y,C,2184,Y,Cys2184Tyr,Type1,1型突变.xlsx,112,D4,D4,ok,True
VWF_R2185Q,R,2185,Q,Arg2185Gln,Negative_ClinVar|Negative_GeneBe|Type1,1型突变.xlsx|更广泛的阴性对照196个（GeneBe注释）——非同义且良性的VWD突变列表xlsx_副本.xlsx|阴性对照43个（Clinvar注释）——非同义且良性的VWD突变列表xlsx.xlsx,34|113|146,D4,D4,ok,True
VWF_C2190W,C,2190,W,Cys2190Trp,Type1,1型突变.xlsx,114,D4,D4,ok,True
VWF_C2190Y,C,2190,Y,Cys2190Tyr,Type1,1型突变.xlsx,115,D4,D4,ok,True
VWF_L2207P,L,2207,P,Leu2207Pro,Type1,1型突变.xlsx,116,D4,D4,ok,True
VWF_C2212R,C,2212,R,Cys2212Arg,Type3,3型突变.xlsx,49,D4,D4,ok,True
VWF_C2212Y,C,2212,Y,Cys2212Tyr,Type1,1型突变.xlsx,117,D4,D4,ok,True
VWF_R2218Q,R,2218,Q,Arg2218Gln,Negative_GeneBe,更广泛的阴性对照196个（GeneBe注释）——非同义且良性的VWD突变列表xlsx_副本.xlsx,147,,D4,ok,
VWF_E2233K,E,2233,K,Glu2233Lys,Type1,1型突变.xlsx,118,D4,D4,ok,True
VWF_E2233V,E,2233,V,Glu2233Val,Type1,1型突变.xlsx,119,D4,D4,ok,True
VWF_C2237F,C,2237,F,Cys2237Phe,Type1,1型突变.xlsx,120,D4,D4,ok,True
VWF_C2237R,C,2237,R,Cys2237Arg,Type3,3型突变.xlsx,50,D4,D4,ok,True
VWF_C2248Y,C,2248,Y,Cys2248Tyr,Type1|Type3,1型突变.xlsx|3型突变.xlsx,51|121,D4,D4,ok,True
VWF_C2254Y,C,2254,Y,Cys2254Tyr,Type1,1型突变.xlsx,122,D4,D4,ok,True
VWF_C2257S,C,2257,S,Cys2257Ser,Type1,1型突变.xlsx,123,C1,C1,ok,True
VWF_I2258V,I,2258,V,Ile2258Val,Negative_GeneBe,更广泛的阴性对照196个（GeneBe注释）——非同义且良性的VWD突变列表xlsx_副本.xlsx,148,,C1,ok,
VWF_W2271G,W,2271,G,Trp2271Gly,Type1,1型突变.xlsx,124,C1,C1,ok,True
VWF_T2282I,T,2282,I,Thr2282Ile,Negative_GeneBe,更广泛的阴性对照196个（GeneBe注释）——非同义且良性的VWD突变列表xlsx_副本.xlsx,149,,C1,ok,
VWF_C2283R,C,2283,R,Cys2283Arg,Type3,3型突变.xlsx,52,C1,C1,ok,True
VWF_R2287Q,R,2287,Q,Arg2287Gln,Negative_GeneBe,更广泛的阴性对照196个（GeneBe注释）——非同义且良性的VWD突变列表xlsx_副本.xlsx,150,,C1,ok,
VWF_R2287W,R,2287,W,Arg2287Trp,Type1,1型突变.xlsx,125,C1,C1,ok,True
VWF_P2297L,P,2297,L,Pro2297Leu,Type1,1型突变.xlsx,126,C1,C1,ok,True
VWF_T2303M,T,2303,M,Thr2303Met,Negative_GeneBe,更广泛的阴性对照196个（GeneBe注释）——非同义且良性的VWD突变列表xlsx_副本.xlsx,151,,C1,ok,
VWF_C2304Y,C,2304,Y,Cys2304Tyr,Type1,1型突变.xlsx,127,C1,C1,ok,True
VWF_R2311H,R,2311,H,Arg2311His,Negative_GeneBe|Type1,1型突变.xlsx|更广泛的阴性对照196个（GeneBe注释）——非同义且良性的VWD突变列表xlsx_副本.xlsx,128|152,C1,C1,ok,True
VWF_R2313C,R,2313,C,Arg2313Cys,Negative_GeneBe,更广泛的阴性对照196个（GeneBe注释）——非同义且良性的VWD突变列表xlsx_副本.xlsx,153,,C1,ok,
VWF_R2313H,R,2313,H,Arg2313His,Negative_GeneBe|Type1,1型突变.xlsx|更广泛的阴性对照196个（GeneBe注释）——非同义且良性的VWD突变列表xlsx_副本.xlsx,129|154,C1,C1,ok,True
VWF_E2322V,E,2322,V,Glu2322Val,Negative_GeneBe,更广泛的阴性对照196个（GeneBe注释）——非同义且良性的VWD突变列表xlsx_副本.xlsx,155,,C1,ok,
VWF_C2325S,C,2325,S,Cys2325Ser,Type3,3型突变.xlsx,53,C1,C2,ok,False
VWF_C2327W,C,2327,W,Cys2327Trp,Type2A,2A型突变.xlsx,143,C1,C2,ok,False
VWF_C2327Y,C,2327,Y,Cys2327Tyr,Type1,1型突变.xlsx,130,C1,C2,ok,False
VWF_P2336L,P,2336,L,Pro2336Leu,Negative_GeneBe,更广泛的阴性对照196个（GeneBe注释）——非同义且良性的VWD突变列表xlsx_副本.xlsx,156,,C2,ok,
VWF_R2342C,R,2342,C,Arg2342Cys,Negative_GeneBe,更广泛的阴性对照196个（GeneBe注释）——非同义且良性的VWD突变列表xlsx_副本.xlsx,157,,C2,ok,
VWF_R2342H,R,2342,H,Arg2342His,Negative_GeneBe,更广泛的阴性对照196个（GeneBe注释）——非同义且良性的VWD突变列表xlsx_副本.xlsx,158,,C2,ok,
VWF_E2353D,E,2353,D,Glu2353Asp,Negative_GeneBe,更广泛的阴性对照196个（GeneBe注释）——非同义且良性的VWD突变列表xlsx_副本.xlsx,159,,C2,ok,
VWF_C2362F,C,2362,F,Cys2362Phe,Type1|Type2A|Type3,1型突变.xlsx|2A型突变.xlsx|3型突变.xlsx,54|131|144,C2,C2,ok,True
VWF_E2366D,E,2366,D,Glu2366Asp,Negative_GeneBe,更广泛的阴性对照196个（GeneBe注释）——非同义且良性的VWD突变列表xlsx_副本.xlsx,160,,C2,ok,
VWF_L2380F,L,2380,F,Leu2380Phe,Negative_GeneBe,更广泛的阴性对照196个（GeneBe注释）——非同义且良性的VWD突变列表xlsx_副本.xlsx,161,,C2,ok,
VWF_R2384Q,R,2384,Q,Arg2384Gln,Negative_GeneBe,更广泛的阴性对照196个（GeneBe注释）——非同义且良性的VWD突变列表xlsx_副本.xlsx,163,,C2,ok,
VWF_R2384W,R,2384,W,Arg2384Trp,Negative_GeneBe,更广泛的阴性对照196个（GeneBe注释）——非同义且良性的VWD突变列表xlsx_副本.xlsx,162,,C2,ok,
VWF_C2394W,C,2394,W,Cys2394Trp,Type3,3型突变.xlsx,55,C2,C3,ok,False
VWF_L2407P,L,2407,P,Leu2407Pro,Negative_GeneBe,更广泛的阴性对照196个（GeneBe注释）——非同义且良性的VWD突变列表xlsx_副本.xlsx,164,,C3,ok,
VWF_T2413S,T,2413,S,Thr2413Ser,Negative_GeneBe,更广泛的阴性对照196个（GeneBe注释）——非同义且良性的VWD突变列表xlsx_副本.xlsx,165,,C3,ok,
VWF_A2414T,A,2414,T,Ala2414Thr,Negative_GeneBe,更广泛的阴性对照196个（GeneBe注释）——非同义且良性的VWD突变列表xlsx_副本.xlsx,166,,C3,ok,
VWF_R2434Q,R,2434,Q,Arg2434Gln,Negative_GeneBe,更广泛的阴性对照196个（GeneBe注释）——非同义且良性的VWD突变列表xlsx_副本.xlsx,167,,C3,ok,
VWF_G2441C,G,2441,C,Gly2441Cys,Type1,1型突变.xlsx,132,C3,C3,ok,True
VWF_C2448Y,C,2448,Y,Cys2448Tyr,Type1,1型突变.xlsx,133,C3,C3,ok,True
VWF_C2451Y,C,2451,Y,Cys2451Tyr,Type1,1型突变.xlsx,134,C3,C3,ok,True
VWF_R2464C,R,2464,C,Arg2464Cys,Type1,1型突变.xlsx,135,C3,C3,ok,True
VWF_Q2467P,Q,2467,P,Gln2467Pro,Type1,1型突变.xlsx,136,C3,C3,ok,True
VWF_C2468R,C,2468,R,Cys2468Arg,Type1,1型突变.xlsx,137,C3,C3,ok,True
VWF_C2477S,C,2477,S,Cys2477Ser,Type1,1型突变.xlsx,138,C3,C3,ok,True
VWF_C2477Y,C,2477,Y,Cys2477Tyr,Type1,1型突变.xlsx,139,C3,C3,ok,True
VWF_R2478Q,R,2478,Q,Arg2478Gln,Negative_GeneBe,更广泛的阴性对照196个（GeneBe注释）——非同义且良性的VWD突变列表xlsx_副本.xlsx,168,,C3,ok,
VWF_S2479L,S,2479,L,Ser2479Leu,Negative_GeneBe,更广泛的阴性对照196个（GeneBe注释）——非同义且良性的VWD突变列表xlsx_副本.xlsx,170,,C3,ok,
VWF_S2479P,S,2479,P,Ser2479Pro,Negative_ClinVar|Negative_GeneBe,更广泛的阴性对照196个（GeneBe注释）——非同义且良性的VWD突变列表xlsx_副本.xlsx|阴性对照43个（Clinvar注释）——非同义且良性的VWD突变列表xlsx.xlsx,35|169,,C3,ok,
VWF_H2486R,H,2486,R,His2486Arg,Negative_GeneBe,更广泛的阴性对照196个（GeneBe注释）——非同义且良性的VWD突变列表xlsx_副本.xlsx,171,,C3,ok,
VWF_L2486P,L,2486,P,Leu2486Pro,Type3,3型突变.xlsx,56,C3,C3,wt_mismatch_expected_L_found_H,True
VWF_R2507W,R,2507,W,Arg2507Trp,Negative_GeneBe,更广泛的阴性对照196个（GeneBe注释）——非同义且良性的VWD突变列表xlsx_副本.xlsx,172,,C4,ok,
VWF_G2518S,G,2518,S,Gly2518Ser,Type1,1型突变.xlsx,140,C4,C4,ok,True
VWF_Q2520P,Q,2520,P,Gln2520Pro,Type1|Type2A,1型突变.xlsx|2A型突变.xlsx,141|145,C4,C4,ok,True
VWF_N2531S,N,2531,S,Asn2531Ser,Negative_GeneBe,更广泛的阴性对照196个（GeneBe注释）——非同义且良性的VWD突变列表xlsx_副本.xlsx,173,,C4,ok,
VWF_R2535P,R,2535,P,Arg2535Pro,Type1,1型突变.xlsx,142,C4,C4,ok,True
VWF_R2535Q,R,2535,Q,Arg2535Gln,Type3,3型突变.xlsx,57,C4,C4,ok,True
VWF_I2542V,I,2542,V,Ile2542Val,Negative_GeneBe,更广泛的阴性对照196个（GeneBe注释）——非同义且良性的VWD突变列表xlsx_副本.xlsx,174,,C4,ok,
VWF_N2546Y,N,2546,Y,Asn2546Tyr,Type3,3型突变.xlsx,58,C4,C4,ok,True
VWF_V2547I,V,2547,I,Val2547Ile,Negative_GeneBe,更广泛的阴性对照196个（GeneBe注释）——非同义且良性的VWD突变列表xlsx_副本.xlsx,175,,C4,ok,
VWF_G2560V,G,2560,V,Gly2560Val,Type1,1型突变.xlsx,143,C4,C4,ok,True
VWF_F2561Y,F,2561,Y,Phe2561Tyr,Negative_ClinVar|Negative_GeneBe,更广泛的阴性对照196个（GeneBe注释）——非同义且良性的VWD突变列表xlsx_副本.xlsx|阴性对照43个（Clinvar注释）——非同义且良性的VWD突变列表xlsx.xlsx,36|176,,C4,ok,
VWF_S2573R,S,2573,R,Ser2573Arg,Negative_GeneBe,更广泛的阴性对照196个（GeneBe注释）——非同义且良性的VWD突变列表xlsx_副本.xlsx,177,,C4,ok,
VWF_R2575H,R,2575,H,Arg2575His,Negative_GeneBe,更广泛的阴性对照196个（GeneBe注释）——非同义且良性的VWD突变列表xlsx_副本.xlsx,178,,C4,ok,
VWF_M2583L,M,2583,L,Met2583Leu,Negative_GeneBe,更广泛的阴性对照196个（GeneBe注释）——非同义且良性的VWD突变列表xlsx_副本.xlsx,179,,C5,ok,
VWF_M2606V,M,2606,V,Met2606Val,Negative_GeneBe,更广泛的阴性对照196个（GeneBe注释）——非同义且良性的VWD突变列表xlsx_副本.xlsx,180,,C5,ok,
VWF_V2609G,V,2609,G,Val2609Gly,Negative_GeneBe,更广泛的阴性对照196个（GeneBe注释）——非同义且良性的VWD突变列表xlsx_副本.xlsx,181,,C5,ok,
VWF_C2619Y,C,2619,Y,Cys2619Tyr,Type1,1型突变.xlsx,144,C5,C5,ok,True
VWF_P2626T,P,2626,T,Pro2626Thr,Negative_GeneBe,更广泛的阴性对照196个（GeneBe注释）——非同义且良性的VWD突变列表xlsx_副本.xlsx,182,,C5,ok,
VWF_T2647M,T,2647,M,Thr2647Met,Negative_GeneBe|Type1,1型突变.xlsx|更广泛的阴性对照196个（GeneBe注释）——非同义且良性的VWD突变列表xlsx_副本.xlsx,145|183,C6,C5,ok,False
VWF_R2663C,R,2663,C,Arg2663Cys,Type1,1型突变.xlsx,146,C6,C6,ok,True
VWF_R2663P,R,2663,P,Arg2663Pro,Negative_GeneBe,更广泛的阴性对照196个（GeneBe注释）——非同义且良性的VWD突变列表xlsx_副本.xlsx,184,,C6,ok,
VWF_T2666M,T,2666,M,Thr2666Met,Negative_ClinVar|Negative_GeneBe,更广泛的阴性对照196个（GeneBe注释）——非同义且良性的VWD突变列表xlsx_副本.xlsx|阴性对照43个（Clinvar注释）——非同义且良性的VWD突变列表xlsx.xlsx,37|185,,C6,ok,
VWF_C2671G,C,2671,G,Cys2671Gly,Type1,1型突变.xlsx,147,C6,C6,ok,True
VWF_C2671Y,C,2671,Y,Cys2671Tyr,Type3,3型突变.xlsx,59,C6,C6,ok,True
VWF_C2676F,C,2676,F,Cys2676Phe,Type1,1型突变.xlsx,148,C6,C6,ok,True
VWF_C2676Y,C,2676,Y,Cys2676Tyr,Type1,1型突变.xlsx,149,C6,C6,ok,True
VWF_N2679D,N,2679,D,Asn2679Asp,Negative_GeneBe,更广泛的阴性对照196个（GeneBe注释）——非同义且良性的VWD突变列表xlsx_副本.xlsx,186,,C6,ok,
VWF_N2679S,N,2679,S,Asn2679Ser,Type1,1型突变.xlsx,150,C6,C6,ok,True
VWF_C2693Y,C,2693,Y,Cys2693Tyr,Type1,1型突变.xlsx,151,C6,C6,ok,True
VWF_H2699R,H,2699,R,His2699Arg,Negative_GeneBe,更广泛的阴性对照196个（GeneBe注释）——非同义且良性的VWD突变列表xlsx_副本.xlsx,187,,C6,ok,
VWF_G2703R,G,2703,R,Gly2703Arg,Type3,3型突变.xlsx,60,C6,C6,wt_mismatch_expected_G_found_A,True
VWF_G2705R,G,2705,R,Gly2705Arg,Negative_ClinVar|Negative_GeneBe,更广泛的阴性对照196个（GeneBe注释）——非同义且良性的VWD突变列表xlsx_副本.xlsx|阴性对照43个（Clinvar注释）——非同义且良性的VWD突变列表xlsx.xlsx,38|188,,C6,ok,
VWF_P2722A,P,2722,A,Pro2722Ala,Type1,1型突变.xlsx,152,C6,C6,ok,True
VWF_C2739Y,C,2739,Y,Cys2739Tyr,Type3,3型突变.xlsx,61,CK,CK,ok,True
VWF_C2754W,C,2754,W,Cys2754Trp,Type3,3型突变.xlsx,62,CK,CK,ok,True
VWF_A2758V,A,2758,V,Ala2758Val,Negative_ClinVar|Negative_GeneBe,更广泛的阴性对照196个（GeneBe注释）——非同义且良性的VWD突变列表xlsx_副本.xlsx|阴性对照43个（Clinvar注释）——非同义且良性的VWD突变列表xlsx.xlsx,39|189,,CK,ok,
VWF_M2759T,M,2759,T,Met2759Thr,Negative_GeneBe,更广泛的阴性对照196个（GeneBe注释）——非同义且良性的VWD突变列表xlsx_副本.xlsx,191,,CK,ok,
VWF_M2759V,M,2759,V,Met2759Val,Negative_GeneBe,更广泛的阴性对照196个（GeneBe注释）——非同义且良性的VWD突变列表xlsx_副本.xlsx,190,,CK,ok,
VWF_C2771R,C,2771,R,Cys2771Arg,Type2A,2A型突变.xlsx,146,CK,CK,ok,True
VWF_C2771S,C,2771,S,Cys2771Ser,Type2A,2A型突变.xlsx,147,CK,CK,ok,True
VWF_C2771Y,C,2771,Y,Cys2771Tyr,Type2A,2A型突变.xlsx,148,CK,CK,ok,True
VWF_C2773R,C,2773,R,Cys2773Arg,Type2A,2A型突变.xlsx,150,CK,CK,ok,True
VWF_C2773S,C,2773,S,Cys2773Ser,Type2A,2A型突变.xlsx,149,CK,CK,ok,True
VWF_S2775C,S,2775,C,Ser2775Cys,Type2A,2A型突变.xlsx,151,CK,CK,ok,True
VWF_P2776L,P,2776,L,Pro2776Leu,Type1,1型突变.xlsx,153,CK,CK,ok,True
VWF_R2778Q,R,2778,Q,Arg2778Gln,Negative_GeneBe,更广泛的阴性对照196个（GeneBe注释）——非同义且良性的VWD突变列表xlsx_副本.xlsx,192,,CK,ok,
VWF_M2782T,M,2782,T,Met2782Thr,Negative_GeneBe,更广泛的阴性对照196个（GeneBe注释）——非同义且良性的VWD突变列表xlsx_副本.xlsx,193,,CK,ok,
VWF_L2786P,L,2786,P,Leu2786Pro,Type1,1型突变.xlsx,154,CK,CK,ok,True
VWF_T2789N,T,2789,N,Thr2789Asn,Negative_GeneBe,更广泛的阴性对照196个（GeneBe注释）——非同义且良性的VWD突变列表xlsx_副本.xlsx,194,,CK,ok,
VWF_T2789S,T,2789,S,Thr2789Ser,Negative_GeneBe,更广泛的阴性对照196个（GeneBe注释）——非同义且良性的VWD突变列表xlsx_副本.xlsx,195,,CK,ok,
VWF_V2793A,V,2793,A,Val2793Ala,Negative_GeneBe,更广泛的阴性对照196个（GeneBe注释）——非同义且良性的VWD突变列表xlsx_副本.xlsx,196,,CK,ok,
VWF_A2801D,A,2801,D,Ala2801Asp,Type2A,2A型突变.xlsx,152,CK,CK,ok,True
VWF_C2804Y,C,2804,Y,Cys2804Tyr,Type3,3型突变.xlsx,63,CK,CK,ok,True
