job_name,variant_id,position,wt_aa,mut_aa,domain,domain_range,domain_seq_len,ligand_key,ligand_uniprot,n_ligand_chains,vwf_subtypes,interaction_type
VWF_G1531D_vs_ADAMTS13_Spacer,VWF_G1531D,1531,G,D,A2,1480-1672,193,ADAMTS13_Spacer,Q76LX8,1,2A,cleavage
VWF_T1538K_vs_ADAMTS13_Spacer,VWF_T1538K,1538,T,K,A2,1480-1672,193,ADAMTS13_Spacer,Q76LX8,1,2A,cleavage
VWF_P1551L_vs_ADAMTS13_Spacer,VWF_P1551L,1551,P,L,A2,1480-1672,193,ADAMTS13_Spacer,Q76LX8,1,2A,cleavage
VWF_V1409F_vs_GPIb_alpha,VWF_V1409F,1409,V,F,A1,1260-1479,220,GPIb_alpha,P07359,1,2B|2M,gain_of_function
VWF_V1409F_vs_Heparan_Sulfate_mimic,VWF_V1409F,1409,V,F,A1,1260-1479,220,Heparan_Sulfate_mimic,N/A,1,2B|2M,loss_of_function
VWF_V1524G_vs_ADAMTS13_Spacer,VWF_V1524G,1524,V,G,A2,1480-1672,193,ADAMTS13_Spacer,Q76LX8,1,2A,cleavage
VWF_V1546E_vs_ADAMTS13_Spacer,VWF_V1546E,1546,V,E,A2,1480-1672,193,ADAMTS13_Spacer,Q76LX8,1,2A,cleavage
VWF_V1546G_vs_ADAMTS13_Spacer,VWF_V1546G,1546,V,G,A2,1480-1672,193,ADAMTS13_Spacer,Q76LX8,1,2A,cleavage
VWF_F1293L_vs_GPIb_alpha,VWF_F1293L,1293,F,L,A1,1260-1479,220,GPIb_alpha,P07359,1,2B|2M,gain_of_function
VWF_F1293L_vs_Heparan_Sulfate_mimic,VWF_F1293L,1293,F,L,A1,1260-1479,220,Heparan_Sulfate_mimic,N/A,1,2B|2M,loss_of_function
VWF_D1472N_vs_GPIb_alpha,VWF_D1472N,1472,D,N,A1,1260-1479,220,GPIb_alpha,P07359,1,2B|2M,gain_of_function
VWF_D1472N_vs_Heparan_Sulfate_mimic,VWF_D1472N,1472,D,N,A1,1260-1479,220,Heparan_Sulfate_mimic,N/A,1,2B|2M,loss_of_function
VWF_D1472Y_vs_GPIb_alpha,VWF_D1472Y,1472,D,Y,A1,1260-1479,220,GPIb_alpha,P07359,1,2B|2M,gain_of_function
VWF_D1472Y_vs_Heparan_Sulfate_mimic,VWF_D1472Y,1472,D,Y,A1,1260-1479,220,Heparan_Sulfate_mimic,N/A,1,2B|2M,loss_of_function
VWF_D1269V_vs_GPIb_alpha,VWF_D1269V,1269,D,V,A1,1260-1479,220,GPIb_alpha,P07359,1,2B|2M,gain_of_function
VWF_D1269V_vs_Heparan_Sulfate_mimic,VWF_D1269V,1269,D,V,A1,1260-1479,220,Heparan_Sulfate_mimic,N/A,1,2B|2M,loss_of_function
VWF_M771V_vs_FVIII_LightChain,VWF_M771V,771,M,V,D_prime,764-865,102,FVIII_LightChain,P00451,1,2N,loss_of_function
VWF_V1314D_vs_GPIb_alpha,VWF_V1314D,1314,V,D,A1,1260-1479,220,GPIb_alpha,P07359,1,2B|2M,gain_of_function
VWF_V1314D_vs_Heparan_Sulfate_mimic,VWF_V1314D,1314,V,D,A1,1260-1479,220,Heparan_Sulfate_mimic,N/A,1,2B|2M,loss_of_function
VWF_Y1086C_vs_FVIII_LightChain,VWF_Y1086C,1086,Y,C,D3,866-1233,368,FVIII_LightChain,P00451,1,2N,loss_of_function
VWF_E1078K_vs_FVIII_LightChain,VWF_E1078K,1078,E,K,D3,866-1233,368,FVIII_LightChain,P00451,1,2N,loss_of_function
VWF_W1120S_vs_FVIII_LightChain,VWF_W1120S,1120,W,S,D3,866-1233,368,FVIII_LightChain,P00451,1,2N,loss_of_function
VWF_V1820E_vs_Collagen_I_THP,VWF_V1820E,1820,V,E,A3,1673-1874,202,Collagen_I_THP,P02452,3,2M,loss_of_function
VWF_Q2551R_vs_Integrin_alphaIIb_beta3,VWF_Q2551R,2551,Q,R,C4,2497-2577,81,Integrin_alphaIIb_beta3,P08514,1,2M,loss_of_function
VWF_V2540D_vs_Integrin_alphaIIb_beta3,VWF_V2540D,2540,V,D,C4,2497-2577,81,Integrin_alphaIIb_beta3,P08514,1,2M,loss_of_function
VWF_V2540A_vs_Integrin_alphaIIb_beta3,VWF_V2540A,2540,V,A,C4,2497-2577,81,Integrin_alphaIIb_beta3,P08514,1,2M,loss_of_function
VWF_Q895R_vs_FVIII_LightChain,VWF_Q895R,895,Q,R,D3,866-1233,368,FVIII_LightChain,P00451,1,2N,loss_of_function
VWF_G1828V_vs_Collagen_I_THP,VWF_G1828V,1828,G,V,A3,1673-1874,202,Collagen_I_THP,P02452,3,2M,loss_of_function
VWF_A778T_vs_FVIII_LightChain,VWF_A778T,778,A,T,D_prime,764-865,102,FVIII_LightChain,P00451,1,2N,loss_of_function
VWF_M1495L_vs_ADAMTS13_Spacer,VWF_M1495L,1495,M,L,A2,1480-1672,193,ADAMTS13_Spacer,Q76LX8,1,2A,cleavage
VWF_R1492S_vs_ADAMTS13_Spacer,VWF_R1492S,1492,R,S,A2,1480-1672,193,ADAMTS13_Spacer,Q76LX8,1,2A,cleavage
VWF_V1499E_vs_ADAMTS13_Spacer,VWF_V1499E,1499,V,E,A2,1480-1672,193,ADAMTS13_Spacer,Q76LX8,1,2A,cleavage
VWF_K1491N_vs_ADAMTS13_Spacer,VWF_K1491N,1491,K,N,A2,1480-1672,193,ADAMTS13_Spacer,Q76LX8,1,2A,cleavage
VWF_T1008N_vs_FVIII_LightChain,VWF_T1008N,1008,T,N,D3,866-1233,368,FVIII_LightChain,P00451,1,2N,loss_of_function
VWF_N998S_vs_FVIII_LightChain,VWF_N998S,998,N,S,D3,866-1233,368,FVIII_LightChain,P00451,1,2N,loss_of_function
VWF_G997R_vs_FVIII_LightChain,VWF_G997R,997,G,R,D3,866-1233,368,FVIII_LightChain,P00451,1,2N,loss_of_function
VWF_L781V_vs_FVIII_LightChain,VWF_L781V,781,L,V,D_prime,764-865,102,FVIII_LightChain,P00451,1,2N,loss_of_function
VWF_A1500E_vs_ADAMTS13_Spacer,VWF_A1500E,1500,A,E,A2,1480-1672,193,ADAMTS13_Spacer,Q76LX8,1,2A,cleavage
VWF_A1500V_vs_ADAMTS13_Spacer,VWF_A1500V,1500,A,V,A2,1480-1672,193,ADAMTS13_Spacer,Q76LX8,1,2A,cleavage
VWF_C1031Y_vs_FVIII_LightChain,VWF_C1031Y,1031,C,Y,D3,866-1233,368,FVIII_LightChain,P00451,1,2N,loss_of_function
VWF_R782W_vs_FVIII_LightChain,VWF_R782W,782,R,W,D_prime,764-865,102,FVIII_LightChain,P00451,1,2N,loss_of_function
VWF_V1604F_vs_ADAMTS13_Spacer,VWF_V1604F,1604,V,F,A2,1480-1672,193,ADAMTS13_Spacer,Q76LX8,1,2A,cleavage
VWF_D1040Y_vs_FVIII_LightChain,VWF_D1040Y,1040,D,Y,D3,866-1233,368,FVIII_LightChain,P00451,1,2N,loss_of_function
VWF_D1040N_vs_FVIII_LightChain,VWF_D1040N,1040,D,N,D3,866-1233,368,FVIII_LightChain,P00451,1,2N,loss_of_function
VWF_C788Y_vs_FVIII_LightChain,VWF_C788Y,788,C,Y,D_prime,764-865,102,FVIII_LightChain,P00451,1,2N,loss_of_function
VWF_E1429K_vs_GPIb_alpha,VWF_E1429K,1429,E,K,A1,1260-1479,220,GPIb_alpha,P07359,1,2B|2M,gain_of_function
VWF_E1429K_vs_Heparan_Sulfate_mimic,VWF_E1429K,1429,E,K,A1,1260-1479,220,Heparan_Sulfate_mimic,N/A,1,2B|2M,loss_of_function
VWF_S1042Y_vs_FVIII_LightChain,VWF_S1042Y,1042,S,Y,D3,866-1233,368,FVIII_LightChain,P00451,1,2N,loss_of_function
VWF_H1536P_vs_ADAMTS13_Spacer,VWF_H1536P,1536,H,P,A2,1480-1672,193,ADAMTS13_Spacer,Q76LX8,1,2A,cleavage
VWF_V1607D_vs_ADAMTS13_Spacer,VWF_V1607D,1607,V,D,A2,1480-1672,193,ADAMTS13_Spacer,Q76LX8,1,2A,cleavage
VWF_R1035G_vs_FVIII_LightChain,VWF_R1035G,1035,R,G,D3,866-1233,368,FVIII_LightChain,P00451,1,2N,loss_of_function
VWF_A1612P_vs_ADAMTS13_Spacer,VWF_A1612P,1612,A,P,A2,1480-1672,193,ADAMTS13_Spacer,Q76LX8,1,2A,cleavage
VWF_G1579R_vs_ADAMTS13_Spacer,VWF_G1579R,1579,G,R,A2,1480-1672,193,ADAMTS13_Spacer,Q76LX8,1,2A,cleavage
VWF_A1032V_vs_FVIII_LightChain,VWF_A1032V,1032,A,V,D3,866-1233,368,FVIII_LightChain,P00451,1,2N,loss_of_function
VWF_R1597G_vs_ADAMTS13_Spacer,VWF_R1597G,1597,R,G,A2,1480-1672,193,ADAMTS13_Spacer,Q76LX8,1,2A,cleavage
VWF_D796V_vs_FVIII_LightChain,VWF_D796V,796,D,V,D_prime,764-865,102,FVIII_LightChain,P00451,1,2N,loss_of_function
VWF_C799Y_vs_FVIII_LightChain,VWF_C799Y,799,C,Y,D_prime,764-865,102,FVIII_LightChain,P00451,1,2N,loss_of_function
VWF_D1498N_vs_ADAMTS13_Spacer,VWF_D1498N,1498,D,N,A2,1480-1672,193,ADAMTS13_Spacer,Q76LX8,1,2A,cleavage
VWF_H1047Y_vs_FVIII_LightChain,VWF_H1047Y,1047,H,Y,D3,866-1233,368,FVIII_LightChain,P00451,1,2N,loss_of_function
VWF_S1058F_vs_FVIII_LightChain,VWF_S1058F,1058,S,F,D3,866-1233,368,FVIII_LightChain,P00451,1,2N,loss_of_function
VWF_V1056G_vs_FVIII_LightChain,VWF_V1056G,1056,V,G,D3,866-1233,368,FVIII_LightChain,P00451,1,2N,loss_of_function
VWF_M1055V_vs_FVIII_LightChain,VWF_M1055V,1055,M,V,D3,866-1233,368,FVIII_LightChain,P00451,1,2N,loss_of_function
VWF_C849Y_vs_FVIII_LightChain,VWF_C849Y,849,C,Y,D_prime,764-865,102,FVIII_LightChain,P00451,1,2N,loss_of_function
VWF_D896Y_vs_FVIII_LightChain,VWF_D896Y,896,D,Y,D3,866-1233,368,FVIII_LightChain,P00451,1,2N,loss_of_function
VWF_S1543F_vs_ADAMTS13_Spacer,VWF_S1543F,1543,S,F,A2,1480-1672,193,ADAMTS13_Spacer,Q76LX8,1,2A,cleavage
VWF_C849F_vs_FVIII_LightChain,VWF_C849F,849,C,F,D_prime,764-865,102,FVIII_LightChain,P00451,1,2N,loss_of_function
VWF_G871D_vs_FVIII_LightChain,VWF_G871D,871,G,D,D3,866-1233,368,FVIII_LightChain,P00451,1,2N,loss_of_function
VWF_L1457R_vs_GPIb_alpha,VWF_L1457R,1457,L,R,A1,1260-1479,220,GPIb_alpha,P07359,1,2B|2M,gain_of_function
VWF_L1457R_vs_Heparan_Sulfate_mimic,VWF_L1457R,1457,L,R,A1,1260-1479,220,Heparan_Sulfate_mimic,N/A,1,2B|2M,loss_of_function
VWF_N857S_vs_FVIII_LightChain,VWF_N857S,857,N,S,D_prime,764-865,102,FVIII_LightChain,P00451,1,2N,loss_of_function
VWF_R854Q_vs_FVIII_LightChain,VWF_R854Q,854,R,Q,D_prime,764-865,102,FVIII_LightChain,P00451,1,2N,loss_of_function
VWF_G880R_vs_FVIII_LightChain,VWF_G880R,880,G,R,D3,866-1233,368,FVIII_LightChain,P00451,1,2N,loss_of_function
VWF_D879E_vs_FVIII_LightChain,VWF_D879E,879,D,E,D3,866-1233,368,FVIII_LightChain,P00451,1,2N,loss_of_function
VWF_C846G_vs_FVIII_LightChain,VWF_C846G,846,C,G,D_prime,764-865,102,FVIII_LightChain,P00451,1,2N,loss_of_function
VWF_V842E_vs_FVIII_LightChain,VWF_V842E,842,V,E,D_prime,764-865,102,FVIII_LightChain,P00451,1,2N,loss_of_function
VWF_P838L_vs_FVIII_LightChain,VWF_P838L,838,P,L,D_prime,764-865,102,FVIII_LightChain,P00451,1,2N,loss_of_function
VWF_Q852E_vs_FVIII_LightChain,VWF_Q852E,852,Q,E,D_prime,764-865,102,FVIII_LightChain,P00451,1,2N,loss_of_function
VWF_T869M_vs_FVIII_LightChain,VWF_T869M,869,T,M,D3,866-1233,368,FVIII_LightChain,P00451,1,2N,loss_of_function
VWF_Q1541R_vs_ADAMTS13_Spacer,VWF_Q1541R,1541,Q,R,A2,1480-1672,193,ADAMTS13_Spacer,Q76LX8,1,2A,cleavage
VWF_Y1542C_vs_ADAMTS13_Spacer,VWF_Y1542C,1542,Y,C,A2,1480-1672,193,ADAMTS13_Spacer,Q76LX8,1,2A,cleavage
VWF_D1498G_vs_ADAMTS13_Spacer,VWF_D1498G,1498,D,G,A2,1480-1672,193,ADAMTS13_Spacer,Q76LX8,1,2A,cleavage
VWF_S981P_vs_FVIII_LightChain,VWF_S981P,981,S,P,D3,866-1233,368,FVIII_LightChain,P00451,1,2N,loss_of_function
VWF_S979N_vs_FVIII_LightChain,VWF_S979N,979,S,N,D3,866-1233,368,FVIII_LightChain,P00451,1,2N,loss_of_function
VWF_E1504G_vs_ADAMTS13_Spacer,VWF_E1504G,1504,E,G,A2,1480-1672,193,ADAMTS13_Spacer,Q76LX8,1,2A,cleavage
VWF_S1506L_vs_ADAMTS13_Spacer,VWF_S1506L,1506,S,L,A2,1480-1672,193,ADAMTS13_Spacer,Q76LX8,1,2A,cleavage
VWF_S1506W_vs_ADAMTS13_Spacer,VWF_S1506W,1506,S,W,A2,1480-1672,193,ADAMTS13_Spacer,Q76LX8,1,2A,cleavage
VWF_S1543C_vs_ADAMTS13_Spacer,VWF_S1543C,1543,S,C,A2,1480-1672,193,ADAMTS13_Spacer,Q76LX8,1,2A,cleavage
VWF_N847S_vs_FVIII_LightChain,VWF_N847S,847,N,S,D_prime,764-865,102,FVIII_LightChain,P00451,1,2N,loss_of_function
VWF_V972M_vs_FVIII_LightChain,VWF_V972M,972,V,M,D3,866-1233,368,FVIII_LightChain,P00451,1,2N,loss_of_function
VWF_S1059P_vs_FVIII_LightChain,VWF_S1059P,1059,S,P,D3,866-1233,368,FVIII_LightChain,P00451,1,2N,loss_of_function
VWF_R960W_vs_FVIII_LightChain,VWF_R960W,960,R,W,D3,866-1233,368,FVIII_LightChain,P00451,1,2N,loss_of_function
VWF_V955L_vs_FVIII_LightChain,VWF_V955L,955,V,L,D3,866-1233,368,FVIII_LightChain,P00451,1,2N,loss_of_function
VWF_M947V_vs_FVIII_LightChain,VWF_M947V,947,M,V,D3,866-1233,368,FVIII_LightChain,P00451,1,2N,loss_of_function
VWF_C849S_vs_FVIII_LightChain,VWF_C849S,849,C,S,D_prime,764-865,102,FVIII_LightChain,P00451,1,2N,loss_of_function
VWF_L893R_vs_FVIII_LightChain,VWF_L893R,893,L,R,D3,866-1233,368,FVIII_LightChain,P00451,1,2N,loss_of_function
VWF_E935K_vs_FVIII_LightChain,VWF_E935K,935,E,K,D3,866-1233,368,FVIII_LightChain,P00451,1,2N,loss_of_function
VWF_R924W_vs_FVIII_LightChain,VWF_R924W,924,R,W,D3,866-1233,368,FVIII_LightChain,P00451,1,2N,loss_of_function
VWF_H916P_vs_FVIII_LightChain,VWF_H916P,916,H,P,D3,866-1233,368,FVIII_LightChain,P00451,1,2N,loss_of_function
VWF_R976H_vs_FVIII_LightChain,VWF_R976H,976,R,H,D3,866-1233,368,FVIII_LightChain,P00451,1,2N,loss_of_function
VWF_R976C_vs_FVIII_LightChain,VWF_R976C,976,R,C,D3,866-1233,368,FVIII_LightChain,P00451,1,2N,loss_of_function
VWF_C1060Y_vs_FVIII_LightChain,VWF_C1060Y,1060,C,Y,D3,866-1233,368,FVIII_LightChain,P00451,1,2N,loss_of_function
VWF_R1308L_vs_GPIb_alpha,VWF_R1308L,1308,R,L,A1,1260-1479,220,GPIb_alpha,P07359,1,2B|2M,gain_of_function
VWF_R1308L_vs_Heparan_Sulfate_mimic,VWF_R1308L,1308,R,L,A1,1260-1479,220,Heparan_Sulfate_mimic,N/A,1,2B|2M,loss_of_function
VWF_R1308P_vs_GPIb_alpha,VWF_R1308P,1308,R,P,A1,1260-1479,220,GPIb_alpha,P07359,1,2B|2M,gain_of_function
VWF_R1308P_vs_Heparan_Sulfate_mimic,VWF_R1308P,1308,R,P,A1,1260-1479,220,Heparan_Sulfate_mimic,N/A,1,2B|2M,loss_of_function
VWF_A1600V_vs_ADAMTS13_Spacer,VWF_A1600V,1600,A,V,A2,1480-1672,193,ADAMTS13_Spacer,Q76LX8,1,2A,cleavage
VWF_S1263L_vs_GPIb_alpha,VWF_S1263L,1263,S,L,A1,1260-1479,220,GPIb_alpha,P07359,1,2B|2M,gain_of_function
VWF_S1263L_vs_Heparan_Sulfate_mimic,VWF_S1263L,1263,S,L,A1,1260-1479,220,Heparan_Sulfate_mimic,N/A,1,2B|2M,loss_of_function
VWF_F1369I_vs_GPIb_alpha,VWF_F1369I,1369,F,I,A1,1260-1479,220,GPIb_alpha,P07359,1,2B|2M,gain_of_function
VWF_F1369I_vs_Heparan_Sulfate_mimic,VWF_F1369I,1369,F,I,A1,1260-1479,220,Heparan_Sulfate_mimic,N/A,1,2B|2M,loss_of_function
VWF_I1368T_vs_GPIb_alpha,VWF_I1368T,1368,I,T,A1,1260-1479,220,GPIb_alpha,P07359,1,2B|2M,gain_of_function
VWF_I1368T_vs_Heparan_Sulfate_mimic,VWF_I1368T,1368,I,T,A1,1260-1479,220,Heparan_Sulfate_mimic,N/A,1,2B|2M,loss_of_function
VWF_L1365P_vs_GPIb_alpha,VWF_L1365P,1365,L,P,A1,1260-1479,220,GPIb_alpha,P07359,1,2B|2M,gain_of_function
VWF_L1365P_vs_Heparan_Sulfate_mimic,VWF_L1365P,1365,L,P,A1,1260-1479,220,Heparan_Sulfate_mimic,N/A,1,2B|2M,loss_of_function
VWF_V1360A_vs_GPIb_alpha,VWF_V1360A,1360,V,A,A1,1260-1479,220,GPIb_alpha,P07359,1,2B|2M,gain_of_function
VWF_V1360A_vs_Heparan_Sulfate_mimic,VWF_V1360A,1360,V,A,A1,1260-1479,220,Heparan_Sulfate_mimic,N/A,1,2B|2M,loss_of_function
VWF_E1359K_vs_GPIb_alpha,VWF_E1359K,1359,E,K,A1,1260-1479,220,GPIb_alpha,P07359,1,2B|2M,gain_of_function
VWF_E1359K_vs_Heparan_Sulfate_mimic,VWF_E1359K,1359,E,K,A1,1260-1479,220,Heparan_Sulfate_mimic,N/A,1,2B|2M,loss_of_function
VWF_S1378F_vs_GPIb_alpha,VWF_S1378F,1378,S,F,A1,1260-1479,220,GPIb_alpha,P07359,1,2B|2M,gain_of_function
VWF_S1378F_vs_Heparan_Sulfate_mimic,VWF_S1378F,1378,S,F,A1,1260-1479,220,Heparan_Sulfate_mimic,N/A,1,2B|2M,loss_of_function
VWF_P1375S_vs_GPIb_alpha,VWF_P1375S,1375,P,S,A1,1260-1479,220,GPIb_alpha,P07359,1,2B|2M,gain_of_function
VWF_P1375S_vs_Heparan_Sulfate_mimic,VWF_P1375S,1375,P,S,A1,1260-1479,220,Heparan_Sulfate_mimic,N/A,1,2B|2M,loss_of_function
VWF_C1190Y_vs_FVIII_LightChain,VWF_C1190Y,1190,C,Y,D3,866-1233,368,FVIII_LightChain,P00451,1,2N,loss_of_function
VWF_H1268D_vs_GPIb_alpha,VWF_H1268D,1268,H,D,A1,1260-1479,220,GPIb_alpha,P07359,1,2B|2M,gain_of_function
VWF_H1268D_vs_Heparan_Sulfate_mimic,VWF_H1268D,1268,H,D,A1,1260-1479,220,Heparan_Sulfate_mimic,N/A,1,2B|2M,loss_of_function
VWF_H1268N_vs_GPIb_alpha,VWF_H1268N,1268,H,N,A1,1260-1479,220,GPIb_alpha,P07359,1,2B|2M,gain_of_function
VWF_H1268N_vs_Heparan_Sulfate_mimic,VWF_H1268N,1268,H,N,A1,1260-1479,220,Heparan_Sulfate_mimic,N/A,1,2B|2M,loss_of_function
VWF_R1308H_vs_GPIb_alpha,VWF_R1308H,1308,R,H,A1,1260-1479,220,GPIb_alpha,P07359,1,2B|2M,gain_of_function
VWF_R1308H_vs_Heparan_Sulfate_mimic,VWF_R1308H,1308,R,H,A1,1260-1479,220,Heparan_Sulfate_mimic,N/A,1,2B|2M,loss_of_function
VWF_V1314L_vs_GPIb_alpha,VWF_V1314L,1314,V,L,A1,1260-1479,220,GPIb_alpha,P07359,1,2B|2M,gain_of_function
VWF_V1314L_vs_Heparan_Sulfate_mimic,VWF_V1314L,1314,V,L,A1,1260-1479,220,Heparan_Sulfate_mimic,N/A,1,2B|2M,loss_of_function
VWF_S1310P_vs_GPIb_alpha,VWF_S1310P,1310,S,P,A1,1260-1479,220,GPIb_alpha,P07359,1,2B|2M,gain_of_function
VWF_S1310P_vs_Heparan_Sulfate_mimic,VWF_S1310P,1310,S,P,A1,1260-1479,220,Heparan_Sulfate_mimic,N/A,1,2B|2M,loss_of_function
VWF_C1130W_vs_FVIII_LightChain,VWF_C1130W,1130,C,W,D3,866-1233,368,FVIII_LightChain,P00451,1,2N,loss_of_function
VWF_N1147D_vs_FVIII_LightChain,VWF_N1147D,1147,N,D,D3,866-1233,368,FVIII_LightChain,P00451,1,2N,loss_of_function
VWF_Y1146C_vs_FVIII_LightChain,VWF_Y1146C,1146,Y,C,D3,866-1233,368,FVIII_LightChain,P00451,1,2N,loss_of_function
VWF_C1177Y_vs_FVIII_LightChain,VWF_C1177Y,1177,C,Y,D3,866-1233,368,FVIII_LightChain,P00451,1,2N,loss_of_function
VWF_R1374C_vs_GPIb_alpha,VWF_R1374C,1374,R,C,A1,1260-1479,220,GPIb_alpha,P07359,1,2B|2M,gain_of_function
VWF_R1374C_vs_Heparan_Sulfate_mimic,VWF_R1374C,1374,R,C,A1,1260-1479,220,Heparan_Sulfate_mimic,N/A,1,2B|2M,loss_of_function
VWF_R1374S_vs_GPIb_alpha,VWF_R1374S,1374,R,S,A1,1260-1479,220,GPIb_alpha,P07359,1,2B|2M,gain_of_function
VWF_R1374S_vs_Heparan_Sulfate_mimic,VWF_R1374S,1374,R,S,A1,1260-1479,220,Heparan_Sulfate_mimic,N/A,1,2B|2M,loss_of_function
VWF_F1369L_vs_GPIb_alpha,VWF_F1369L,1369,F,L,A1,1260-1479,220,GPIb_alpha,P07359,1,2B|2M,gain_of_function
VWF_F1369L_vs_Heparan_Sulfate_mimic,VWF_F1369L,1369,F,L,A1,1260-1479,220,Heparan_Sulfate_mimic,N/A,1,2B|2M,loss_of_function
VWF_R1392Q_vs_GPIb_alpha,VWF_R1392Q,1392,R,Q,A1,1260-1479,220,GPIb_alpha,P07359,1,2B|2M,gain_of_function
VWF_R1392Q_vs_Heparan_Sulfate_mimic,VWF_R1392Q,1392,R,Q,A1,1260-1479,220,Heparan_Sulfate_mimic,N/A,1,2B|2M,loss_of_function
VWF_R1392W_vs_GPIb_alpha,VWF_R1392W,1392,R,W,A1,1260-1479,220,GPIb_alpha,P07359,1,2B|2M,gain_of_function
VWF_R1392W_vs_Heparan_Sulfate_mimic,VWF_R1392W,1392,R,W,A1,1260-1479,220,Heparan_Sulfate_mimic,N/A,1,2B|2M,loss_of_function
VWF_Q1388R_vs_GPIb_alpha,VWF_Q1388R,1388,Q,R,A1,1260-1479,220,GPIb_alpha,P07359,1,2B|2M,gain_of_function
VWF_Q1388R_vs_Heparan_Sulfate_mimic,VWF_Q1388R,1388,Q,R,A1,1260-1479,220,Heparan_Sulfate_mimic,N/A,1,2B|2M,loss_of_function
VWF_L1267S_vs_GPIb_alpha,VWF_L1267S,1267,L,S,A1,1260-1479,220,GPIb_alpha,P07359,1,2B|2M,gain_of_function
VWF_L1267S_vs_Heparan_Sulfate_mimic,VWF_L1267S,1267,L,S,A1,1260-1479,220,Heparan_Sulfate_mimic,N/A,1,2B|2M,loss_of_function
VWF_A1461V_vs_GPIb_alpha,VWF_A1461V,1461,A,V,A1,1260-1479,220,GPIb_alpha,P07359,1,2B|2M,gain_of_function
VWF_A1461V_vs_Heparan_Sulfate_mimic,VWF_A1461V,1461,A,V,A1,1260-1479,220,Heparan_Sulfate_mimic,N/A,1,2B|2M,loss_of_function
VWF_A1461D_vs_GPIb_alpha,VWF_A1461D,1461,A,D,A1,1260-1479,220,GPIb_alpha,P07359,1,2B|2M,gain_of_function
VWF_A1461D_vs_Heparan_Sulfate_mimic,VWF_A1461D,1461,A,D,A1,1260-1479,220,Heparan_Sulfate_mimic,N/A,1,2B|2M,loss_of_function
VWF_A1461T_vs_GPIb_alpha,VWF_A1461T,1461,A,T,A1,1260-1479,220,GPIb_alpha,P07359,1,2B|2M,gain_of_function
VWF_A1461T_vs_Heparan_Sulfate_mimic,VWF_A1461T,1461,A,T,A1,1260-1479,220,Heparan_Sulfate_mimic,N/A,1,2B|2M,loss_of_function
VWF_L1460F_vs_GPIb_alpha,VWF_L1460F,1460,L,F,A1,1260-1479,220,GPIb_alpha,P07359,1,2B|2M,gain_of_function
VWF_L1460F_vs_Heparan_Sulfate_mimic,VWF_L1460F,1460,L,F,A1,1260-1479,220,Heparan_Sulfate_mimic,N/A,1,2B|2M,loss_of_function
VWF_L1460V_vs_GPIb_alpha,VWF_L1460V,1460,L,V,A1,1260-1479,220,GPIb_alpha,P07359,1,2B|2M,gain_of_function
VWF_L1460V_vs_Heparan_Sulfate_mimic,VWF_L1460V,1460,L,V,A1,1260-1479,220,Heparan_Sulfate_mimic,N/A,1,2B|2M,loss_of_function
VWF_D1451E_vs_GPIb_alpha,VWF_D1451E,1451,D,E,A1,1260-1479,220,GPIb_alpha,P07359,1,2B|2M,gain_of_function
VWF_D1451E_vs_Heparan_Sulfate_mimic,VWF_D1451E,1451,D,E,A1,1260-1479,220,Heparan_Sulfate_mimic,N/A,1,2B|2M,loss_of_function
VWF_D1444E_vs_GPIb_alpha,VWF_D1444E,1444,D,E,A1,1260-1479,220,GPIb_alpha,P07359,1,2B|2M,gain_of_function
VWF_D1444E_vs_Heparan_Sulfate_mimic,VWF_D1444E,1444,D,E,A1,1260-1479,220,Heparan_Sulfate_mimic,N/A,1,2B|2M,loss_of_function
VWF_D1444N_vs_GPIb_alpha,VWF_D1444N,1444,D,N,A1,1260-1479,220,GPIb_alpha,P07359,1,2B|2M,gain_of_function
VWF_D1444N_vs_Heparan_Sulfate_mimic,VWF_D1444N,1444,D,N,A1,1260-1479,220,Heparan_Sulfate_mimic,N/A,1,2B|2M,loss_of_function
VWF_S1442G_vs_GPIb_alpha,VWF_S1442G,1442,S,G,A1,1260-1479,220,GPIb_alpha,P07359,1,2B|2M,gain_of_function
VWF_S1442G_vs_Heparan_Sulfate_mimic,VWF_S1442G,1442,S,G,A1,1260-1479,220,Heparan_Sulfate_mimic,N/A,1,2B|2M,loss_of_function
VWF_N1421K_vs_GPIb_alpha,VWF_N1421K,1421,N,K,A1,1260-1479,220,GPIb_alpha,P07359,1,2B|2M,gain_of_function
VWF_N1421K_vs_Heparan_Sulfate_mimic,VWF_N1421K,1421,N,K,A1,1260-1479,220,Heparan_Sulfate_mimic,N/A,1,2B|2M,loss_of_function
VWF_H1419N_vs_GPIb_alpha,VWF_H1419N,1419,H,N,A1,1260-1479,220,GPIb_alpha,P07359,1,2B|2M,gain_of_function
VWF_H1419N_vs_Heparan_Sulfate_mimic,VWF_H1419N,1419,H,N,A1,1260-1479,220,Heparan_Sulfate_mimic,N/A,1,2B|2M,loss_of_function
VWF_G1417W_vs_GPIb_alpha,VWF_G1417W,1417,G,W,A1,1260-1479,220,GPIb_alpha,P07359,1,2B|2M,gain_of_function
VWF_G1417W_vs_Heparan_Sulfate_mimic,VWF_G1417W,1417,G,W,A1,1260-1479,220,Heparan_Sulfate_mimic,N/A,1,2B|2M,loss_of_function
VWF_A1437T_vs_GPIb_alpha,VWF_A1437T,1437,A,T,A1,1260-1479,220,GPIb_alpha,P07359,1,2B|2M,gain_of_function
VWF_A1437T_vs_Heparan_Sulfate_mimic,VWF_A1437T,1437,A,T,A1,1260-1479,220,Heparan_Sulfate_mimic,N/A,1,2B|2M,loss_of_function
VWF_P1467S_vs_GPIb_alpha,VWF_P1467S,1467,P,S,A1,1260-1479,220,GPIb_alpha,P07359,1,2B|2M,gain_of_function
VWF_P1467S_vs_Heparan_Sulfate_mimic,VWF_P1467S,1467,P,S,A1,1260-1479,220,Heparan_Sulfate_mimic,N/A,1,2B|2M,loss_of_function
VWF_R1336Q_vs_GPIb_alpha,VWF_R1336Q,1336,R,Q,A1,1260-1479,220,GPIb_alpha,P07359,1,2B|2M,gain_of_function
VWF_R1336Q_vs_Heparan_Sulfate_mimic,VWF_R1336Q,1336,R,Q,A1,1260-1479,220,Heparan_Sulfate_mimic,N/A,1,2B|2M,loss_of_function
VWF_R1334Q_vs_GPIb_alpha,VWF_R1334Q,1334,R,Q,A1,1260-1479,220,GPIb_alpha,P07359,1,2B|2M,gain_of_function
VWF_R1334Q_vs_Heparan_Sulfate_mimic,VWF_R1334Q,1334,R,Q,A1,1260-1479,220,Heparan_Sulfate_mimic,N/A,1,2B|2M,loss_of_function
VWF_R1334W_vs_GPIb_alpha,VWF_R1334W,1334,R,W,A1,1260-1479,220,GPIb_alpha,P07359,1,2B|2M,gain_of_function
VWF_R1334W_vs_Heparan_Sulfate_mimic,VWF_R1334W,1334,R,W,A1,1260-1479,220,Heparan_Sulfate_mimic,N/A,1,2B|2M,loss_of_function
VWF_A1350V_vs_GPIb_alpha,VWF_A1350V,1350,A,V,A1,1260-1479,220,GPIb_alpha,P07359,1,2B|2M,gain_of_function
VWF_A1350V_vs_Heparan_Sulfate_mimic,VWF_A1350V,1350,A,V,A1,1260-1479,220,Heparan_Sulfate_mimic,N/A,1,2B|2M,loss_of_function
VWF_D1195G_vs_FVIII_LightChain,VWF_D1195G,1195,D,G,D3,866-1233,368,FVIII_LightChain,P00451,1,2N,loss_of_function
VWF_C1190F_vs_FVIII_LightChain,VWF_C1190F,1190,C,F,D3,866-1233,368,FVIII_LightChain,P00451,1,2N,loss_of_function
VWF_G1324S_vs_GPIb_alpha,VWF_G1324S,1324,G,S,A1,1260-1479,220,GPIb_alpha,P07359,1,2B|2M,gain_of_function
VWF_G1324S_vs_Heparan_Sulfate_mimic,VWF_G1324S,1324,G,S,A1,1260-1479,220,Heparan_Sulfate_mimic,N/A,1,2B|2M,loss_of_function
VWF_D1323N_vs_GPIb_alpha,VWF_D1323N,1323,D,N,A1,1260-1479,220,GPIb_alpha,P07359,1,2B|2M,gain_of_function
VWF_D1323N_vs_Heparan_Sulfate_mimic,VWF_D1323N,1323,D,N,A1,1260-1479,220,Heparan_Sulfate_mimic,N/A,1,2B|2M,loss_of_function
VWF_H1322P_vs_GPIb_alpha,VWF_H1322P,1322,H,P,A1,1260-1479,220,GPIb_alpha,P07359,1,2B|2M,gain_of_function
VWF_H1322P_vs_Heparan_Sulfate_mimic,VWF_H1322P,1322,H,P,A1,1260-1479,220,Heparan_Sulfate_mimic,N/A,1,2B|2M,loss_of_function
VWF_Y1321C_vs_GPIb_alpha,VWF_Y1321C,1321,Y,C,A1,1260-1479,220,GPIb_alpha,P07359,1,2B|2M,gain_of_function
VWF_Y1321C_vs_Heparan_Sulfate_mimic,VWF_Y1321C,1321,Y,C,A1,1260-1479,220,Heparan_Sulfate_mimic,N/A,1,2B|2M,loss_of_function
VWF_Y1321S_vs_GPIb_alpha,VWF_Y1321S,1321,Y,S,A1,1260-1479,220,GPIb_alpha,P07359,1,2B|2M,gain_of_function
VWF_Y1321S_vs_Heparan_Sulfate_mimic,VWF_Y1321S,1321,Y,S,A1,1260-1479,220,Heparan_Sulfate_mimic,N/A,1,2B|2M,loss_of_function
VWF_Y1321N_vs_GPIb_alpha,VWF_Y1321N,1321,Y,N,A1,1260-1479,220,GPIb_alpha,P07359,1,2B|2M,gain_of_function
VWF_Y1321N_vs_Heparan_Sulfate_mimic,VWF_Y1321N,1321,Y,N,A1,1260-1479,220,Heparan_Sulfate_mimic,N/A,1,2B|2M,loss_of_function
VWF_S1338A_vs_GPIb_alpha,VWF_S1338A,1338,S,A,A1,1260-1479,220,GPIb_alpha,P07359,1,2B|2M,gain_of_function
VWF_S1338A_vs_Heparan_Sulfate_mimic,VWF_S1338A,1338,S,A,A1,1260-1479,220,Heparan_Sulfate_mimic,N/A,1,2B|2M,loss_of_function
VWF_G1415C_vs_GPIb_alpha,VWF_G1415C,1415,G,C,A1,1260-1479,220,GPIb_alpha,P07359,1,2B|2M,gain_of_function
VWF_G1415C_vs_Heparan_Sulfate_mimic,VWF_G1415C,1415,G,C,A1,1260-1479,220,Heparan_Sulfate_mimic,N/A,1,2B|2M,loss_of_function
VWF_V1414G_vs_GPIb_alpha,VWF_V1414G,1414,V,G,A1,1260-1479,220,GPIb_alpha,P07359,1,2B|2M,gain_of_function
VWF_V1414G_vs_Heparan_Sulfate_mimic,VWF_V1414G,1414,V,G,A1,1260-1479,220,Heparan_Sulfate_mimic,N/A,1,2B|2M,loss_of_function
VWF_P1413L_vs_GPIb_alpha,VWF_P1413L,1413,P,L,A1,1260-1479,220,GPIb_alpha,P07359,1,2B|2M,gain_of_function
VWF_P1413L_vs_Heparan_Sulfate_mimic,VWF_P1413L,1413,P,L,A1,1260-1479,220,Heparan_Sulfate_mimic,N/A,1,2B|2M,loss_of_function
VWF_P1413Q_vs_GPIb_alpha,VWF_P1413Q,1413,P,Q,A1,1260-1479,220,GPIb_alpha,P07359,1,2B|2M,gain_of_function
VWF_P1413Q_vs_Heparan_Sulfate_mimic,VWF_P1413Q,1413,P,Q,A1,1260-1479,220,Heparan_Sulfate_mimic,N/A,1,2B|2M,loss_of_function
VWF_L1422R_vs_GPIb_alpha,VWF_L1422R,1422,L,R,A1,1260-1479,220,GPIb_alpha,P07359,1,2B|2M,gain_of_function
VWF_L1422R_vs_Heparan_Sulfate_mimic,VWF_L1422R,1422,L,R,A1,1260-1479,220,Heparan_Sulfate_mimic,N/A,1,2B|2M,loss_of_function
VWF_C1173R_vs_FVIII_LightChain,VWF_C1173R,1173,C,R,D3,866-1233,368,FVIII_LightChain,P00451,1,2N,loss_of_function
VWF_P1151S_vs_FVIII_LightChain,VWF_P1151S,1151,P,S,D3,866-1233,368,FVIII_LightChain,P00451,1,2N,loss_of_function
VWF_D1184N_vs_FVIII_LightChain,VWF_D1184N,1184,D,N,D3,866-1233,368,FVIII_LightChain,P00451,1,2N,loss_of_function
VWF_G1415D_vs_GPIb_alpha,VWF_G1415D,1415,G,D,A1,1260-1479,220,GPIb_alpha,P07359,1,2B|2M,gain_of_function
VWF_G1415D_vs_Heparan_Sulfate_mimic,VWF_G1415D,1415,G,D,A1,1260-1479,220,Heparan_Sulfate_mimic,N/A,1,2B|2M,loss_of_function
VWF_L1404P_vs_GPIb_alpha,VWF_L1404P,1404,L,P,A1,1260-1479,220,GPIb_alpha,P07359,1,2B|2M,gain_of_function
VWF_L1404P_vs_Heparan_Sulfate_mimic,VWF_L1404P,1404,L,P,A1,1260-1479,220,Heparan_Sulfate_mimic,N/A,1,2B|2M,loss_of_function
VWF_R1399H_vs_GPIb_alpha,VWF_R1399H,1399,R,H,A1,1260-1479,220,GPIb_alpha,P07359,1,2B|2M,gain_of_function
VWF_R1399H_vs_Heparan_Sulfate_mimic,VWF_R1399H,1399,R,H,A1,1260-1479,220,Heparan_Sulfate_mimic,N/A,1,2B|2M,loss_of_function
VWF_E1339D_vs_GPIb_alpha,VWF_E1339D,1339,E,D,A1,1260-1479,220,GPIb_alpha,P07359,1,2B|2M,gain_of_function
VWF_E1339D_vs_Heparan_Sulfate_mimic,VWF_E1339D,1339,E,D,A1,1260-1479,220,Heparan_Sulfate_mimic,N/A,1,2B|2M,loss_of_function
VWF_Q1729R_vs_Collagen_I_THP,VWF_Q1729R,1729,Q,R,A3,1673-1874,202,Collagen_I_THP,P02452,3,2M,loss_of_function
VWF_Q1762R_vs_Collagen_I_THP,VWF_Q1762R,1762,Q,R,A3,1673-1874,202,Collagen_I_THP,P02452,3,2M,loss_of_function
VWF_P1749L_vs_Collagen_I_THP,VWF_P1749L,1749,P,L,A3,1673-1874,202,Collagen_I_THP,P02452,3,2M,loss_of_function
VWF_V1743M_vs_Collagen_I_THP,VWF_V1743M,1743,V,M,A3,1673-1874,202,Collagen_I_THP,P02452,3,2M,loss_of_function
VWF_N1722D_vs_Collagen_I_THP,VWF_N1722D,1722,N,D,A3,1673-1874,202,Collagen_I_THP,P02452,3,2M,loss_of_function
VWF_A1716P_vs_Collagen_I_THP,VWF_A1716P,1716,A,P,A3,1673-1874,202,Collagen_I_THP,P02452,3,2M,loss_of_function
VWF_Y1780H_vs_Collagen_I_THP,VWF_Y1780H,1780,Y,H,A3,1673-1874,202,Collagen_I_THP,P02452,3,2M,loss_of_function
VWF_A1815T_vs_Collagen_I_THP,VWF_A1815T,1815,A,T,A3,1673-1874,202,Collagen_I_THP,P02452,3,2M,loss_of_function
VWF_A1716T_vs_Collagen_I_THP,VWF_A1716T,1716,A,T,A3,1673-1874,202,Collagen_I_THP,P02452,3,2M,loss_of_function
VWF_S1731L_vs_Collagen_I_THP,VWF_S1731L,1731,S,L,A3,1673-1874,202,Collagen_I_THP,P02452,3,2M,loss_of_function
VWF_Q1734L_vs_Collagen_I_THP,VWF_Q1734L,1734,Q,L,A3,1673-1874,202,Collagen_I_THP,P02452,3,2M,loss_of_function
VWF_I1741T_vs_Collagen_I_THP,VWF_I1741T,1741,I,T,A3,1673-1874,202,Collagen_I_THP,P02452,3,2M,loss_of_function
VWF_I1741M_vs_Collagen_I_THP,VWF_I1741M,1741,I,M,A3,1673-1874,202,Collagen_I_THP,P02452,3,2M,loss_of_function
VWF_L1695I_vs_Collagen_I_THP,VWF_L1695I,1695,L,I,A3,1673-1874,202,Collagen_I_THP,P02452,3,2M,loss_of_function
VWF_M1710T_vs_Collagen_I_THP,VWF_M1710T,1710,M,T,A3,1673-1874,202,Collagen_I_THP,P02452,3,2M,loss_of_function
VWF_A1773T_vs_Collagen_I_THP,VWF_A1773T,1773,A,T,A3,1673-1874,202,Collagen_I_THP,P02452,3,2M,loss_of_function
VWF_G1775R_vs_Collagen_I_THP,VWF_G1775R,1775,G,R,A3,1673-1874,202,Collagen_I_THP,P02452,3,2M,loss_of_function
VWF_A1777P_vs_Collagen_I_THP,VWF_A1777P,1777,A,P,A3,1673-1874,202,Collagen_I_THP,P02452,3,2M,loss_of_function
VWF_L1696R_vs_Collagen_I_THP,VWF_L1696R,1696,L,R,A3,1673-1874,202,Collagen_I_THP,P02452,3,2M,loss_of_function
VWF_G1698S_vs_Collagen_I_THP,VWF_G1698S,1698,G,S,A3,1673-1874,202,Collagen_I_THP,P02452,3,2M,loss_of_function
VWF_G1698C_vs_Collagen_I_THP,VWF_G1698C,1698,G,C,A3,1673-1874,202,Collagen_I_THP,P02452,3,2M,loss_of_function
VWF_S1699F_vs_Collagen_I_THP,VWF_S1699F,1699,S,F,A3,1673-1874,202,Collagen_I_THP,P02452,3,2M,loss_of_function
VWF_S1700F_vs_Collagen_I_THP,VWF_S1700F,1700,S,F,A3,1673-1874,202,Collagen_I_THP,P02452,3,2M,loss_of_function
VWF_C1670S_vs_ADAMTS13_Spacer,VWF_C1670S,1670,C,S,A2,1480-1672,193,ADAMTS13_Spacer,Q76LX8,1,2A,cleavage
VWF_E1290K_vs_GPIb_alpha,VWF_E1290K,1290,E,K,A1,1260-1479,220,GPIb_alpha,P07359,1,2B|2M,gain_of_function
VWF_E1290K_vs_Heparan_Sulfate_mimic,VWF_E1290K,1290,E,K,A1,1260-1479,220,Heparan_Sulfate_mimic,N/A,1,2B|2M,loss_of_function
VWF_V1279I_vs_GPIb_alpha,VWF_V1279I,1279,V,I,A1,1260-1479,220,GPIb_alpha,P07359,1,2B|2M,gain_of_function
VWF_V1279I_vs_Heparan_Sulfate_mimic,VWF_V1279I,1279,V,I,A1,1260-1479,220,Heparan_Sulfate_mimic,N/A,1,2B|2M,loss_of_function
VWF_V1279F_vs_GPIb_alpha,VWF_V1279F,1279,V,F,A1,1260-1479,220,GPIb_alpha,P07359,1,2B|2M,gain_of_function
VWF_V1279F_vs_Heparan_Sulfate_mimic,VWF_V1279F,1279,V,F,A1,1260-1479,220,Heparan_Sulfate_mimic,N/A,1,2B|2M,loss_of_function
VWF_V1316M_vs_GPIb_alpha,VWF_V1316M,1316,V,M,A1,1260-1479,220,GPIb_alpha,P07359,1,2B|2M,gain_of_function
VWF_V1316M_vs_Heparan_Sulfate_mimic,VWF_V1316M,1316,V,M,A1,1260-1479,220,Heparan_Sulfate_mimic,N/A,1,2B|2M,loss_of_function
VWF_R1306L_vs_GPIb_alpha,VWF_R1306L,1306,R,L,A1,1260-1479,220,GPIb_alpha,P07359,1,2B|2M,gain_of_function
VWF_R1306L_vs_Heparan_Sulfate_mimic,VWF_R1306L,1306,R,L,A1,1260-1479,220,Heparan_Sulfate_mimic,N/A,1,2B|2M,loss_of_function
VWF_L1307P_vs_GPIb_alpha,VWF_L1307P,1307,L,P,A1,1260-1479,220,GPIb_alpha,P07359,1,2B|2M,gain_of_function
VWF_L1307P_vs_Heparan_Sulfate_mimic,VWF_L1307P,1307,L,P,A1,1260-1479,220,Heparan_Sulfate_mimic,N/A,1,2B|2M,loss_of_function
VWF_V1803I_vs_Collagen_I_THP,VWF_V1803I,1803,V,I,A3,1673-1874,202,Collagen_I_THP,P02452,3,2M,loss_of_function
VWF_V1301M_vs_GPIb_alpha,VWF_V1301M,1301,V,M,A1,1260-1479,220,GPIb_alpha,P07359,1,2B|2M,gain_of_function
VWF_V1301M_vs_Heparan_Sulfate_mimic,VWF_V1301M,1301,V,M,A1,1260-1479,220,Heparan_Sulfate_mimic,N/A,1,2B|2M,loss_of_function
VWF_D1302N_vs_GPIb_alpha,VWF_D1302N,1302,D,N,A1,1260-1479,220,GPIb_alpha,P07359,1,2B|2M,gain_of_function
VWF_D1302N_vs_Heparan_Sulfate_mimic,VWF_D1302N,1302,D,N,A1,1260-1479,220,Heparan_Sulfate_mimic,N/A,1,2B|2M,loss_of_function
VWF_M1303V_vs_GPIb_alpha,VWF_M1303V,1303,M,V,A1,1260-1479,220,GPIb_alpha,P07359,1,2B|2M,gain_of_function
VWF_M1303V_vs_Heparan_Sulfate_mimic,VWF_M1303V,1303,M,V,A1,1260-1479,220,Heparan_Sulfate_mimic,N/A,1,2B|2M,loss_of_function
VWF_R1306W_vs_GPIb_alpha,VWF_R1306W,1306,R,W,A1,1260-1479,220,GPIb_alpha,P07359,1,2B|2M,gain_of_function
VWF_R1306W_vs_Heparan_Sulfate_mimic,VWF_R1306W,1306,R,W,A1,1260-1479,220,Heparan_Sulfate_mimic,N/A,1,2B|2M,loss_of_function
VWF_R1306Q_vs_GPIb_alpha,VWF_R1306Q,1306,R,Q,A1,1260-1479,220,GPIb_alpha,P07359,1,2B|2M,gain_of_function
VWF_R1306Q_vs_Heparan_Sulfate_mimic,VWF_R1306Q,1306,R,Q,A1,1260-1479,220,Heparan_Sulfate_mimic,N/A,1,2B|2M,loss_of_function
VWF_G1324A_vs_GPIb_alpha,VWF_G1324A,1324,G,A,A1,1260-1479,220,GPIb_alpha,P07359,1,2B|2M,gain_of_function
VWF_G1324A_vs_Heparan_Sulfate_mimic,VWF_G1324A,1324,G,A,A1,1260-1479,220,Heparan_Sulfate_mimic,N/A,1,2B|2M,loss_of_function
VWF_S1325F_vs_GPIb_alpha,VWF_S1325F,1325,S,F,A1,1260-1479,220,GPIb_alpha,P07359,1,2B|2M,gain_of_function
VWF_S1325F_vs_Heparan_Sulfate_mimic,VWF_S1325F,1325,S,F,A1,1260-1479,220,Heparan_Sulfate_mimic,N/A,1,2B|2M,loss_of_function
VWF_L1296P_vs_GPIb_alpha,VWF_L1296P,1296,L,P,A1,1260-1479,220,GPIb_alpha,P07359,1,2B|2M,gain_of_function
VWF_L1296P_vs_Heparan_Sulfate_mimic,VWF_L1296P,1296,L,P,A1,1260-1479,220,Heparan_Sulfate_mimic,N/A,1,2B|2M,loss_of_function
VWF_S1285F_vs_GPIb_alpha,VWF_S1285F,1285,S,F,A1,1260-1479,220,GPIb_alpha,P07359,1,2B|2M,gain_of_function
VWF_S1285F_vs_Heparan_Sulfate_mimic,VWF_S1285F,1285,S,F,A1,1260-1479,220,Heparan_Sulfate_mimic,N/A,1,2B|2M,loss_of_function
VWF_V1316L_vs_GPIb_alpha,VWF_V1316L,1316,V,L,A1,1260-1479,220,GPIb_alpha,P07359,1,2B|2M,gain_of_function
VWF_V1316L_vs_Heparan_Sulfate_mimic,VWF_V1316L,1316,V,L,A1,1260-1479,220,Heparan_Sulfate_mimic,N/A,1,2B|2M,loss_of_function
VWF_A1317P_vs_GPIb_alpha,VWF_A1317P,1317,A,P,A1,1260-1479,220,GPIb_alpha,P07359,1,2B|2M,gain_of_function
VWF_A1317P_vs_Heparan_Sulfate_mimic,VWF_A1317P,1317,A,P,A1,1260-1479,220,Heparan_Sulfate_mimic,N/A,1,2B|2M,loss_of_function
VWF_V1318M_vs_GPIb_alpha,VWF_V1318M,1318,V,M,A1,1260-1479,220,GPIb_alpha,P07359,1,2B|2M,gain_of_function
VWF_V1318M_vs_Heparan_Sulfate_mimic,VWF_V1318M,1318,V,M,A1,1260-1479,220,Heparan_Sulfate_mimic,N/A,1,2B|2M,loss_of_function
VWF_V1314F_vs_GPIb_alpha,VWF_V1314F,1314,V,F,A1,1260-1479,220,GPIb_alpha,P07359,1,2B|2M,gain_of_function
VWF_V1314F_vs_Heparan_Sulfate_mimic,VWF_V1314F,1314,V,F,A1,1260-1479,220,Heparan_Sulfate_mimic,N/A,1,2B|2M,loss_of_function
VWF_Y1780D_vs_Collagen_I_THP,VWF_Y1780D,1780,Y,D,A3,1673-1874,202,Collagen_I_THP,P02452,3,2M,loss_of_function
VWF_H1786R_vs_Collagen_I_THP,VWF_H1786R,1786,H,R,A3,1673-1874,202,Collagen_I_THP,P02452,3,2M,loss_of_function
VWF_R1306P_vs_GPIb_alpha,VWF_R1306P,1306,R,P,A1,1260-1479,220,GPIb_alpha,P07359,1,2B|2M,gain_of_function
VWF_R1306P_vs_Heparan_Sulfate_mimic,VWF_R1306P,1306,R,P,A1,1260-1479,220,Heparan_Sulfate_mimic,N/A,1,2B|2M,loss_of_function
VWF_Y1780N_vs_Collagen_I_THP,VWF_Y1780N,1780,Y,N,A3,1673-1874,202,Collagen_I_THP,P02452,3,2M,loss_of_function
VWF_G1771R_vs_Collagen_I_THP,VWF_G1771R,1771,G,R,A3,1673-1874,202,Collagen_I_THP,P02452,3,2M,loss_of_function
VWF_P1790L_vs_Collagen_I_THP,VWF_P1790L,1790,P,L,A3,1673-1874,202,Collagen_I_THP,P02452,3,2M,loss_of_function
VWF_K1794E_vs_Collagen_I_THP,VWF_K1794E,1794,K,E,A3,1673-1874,202,Collagen_I_THP,P02452,3,2M,loss_of_function
VWF_K1794N_vs_Collagen_I_THP,VWF_K1794N,1794,K,N,A3,1673-1874,202,Collagen_I_THP,P02452,3,2M,loss_of_function
VWF_V1797I_vs_Collagen_I_THP,VWF_V1797I,1797,V,I,A3,1673-1874,202,Collagen_I_THP,P02452,3,2M,loss_of_function
VWF_E1638K_vs_ADAMTS13_Spacer,VWF_E1638K,1638,E,K,A2,1480-1672,193,ADAMTS13_Spacer,Q76LX8,1,2A,cleavage
VWF_M1710R_vs_Collagen_I_THP,VWF_M1710R,1710,M,R,A3,1673-1874,202,Collagen_I_THP,P02452,3,2M,loss_of_function
VWF_R816W_vs_FVIII_LightChain,VWF_R816W,816,R,W,D_prime,764-865,102,FVIII_LightChain,P00451,1,2N,loss_of_function
VWF_R816Q_vs_FVIII_LightChain,VWF_R816Q,816,R,Q,D_prime,764-865,102,FVIII_LightChain,P00451,1,2N,loss_of_function
VWF_R826K_vs_FVIII_LightChain,VWF_R826K,826,R,K,D_prime,764-865,102,FVIII_LightChain,P00451,1,2N,loss_of_function
VWF_G813D_vs_FVIII_LightChain,VWF_G813D,813,G,D,D_prime,764-865,102,FVIII_LightChain,P00451,1,2N,loss_of_function
VWF_I1628T_vs_ADAMTS13_Spacer,VWF_I1628T,1628,I,T,A2,1480-1672,193,ADAMTS13_Spacer,Q76LX8,1,2A,cleavage
VWF_G1629R_vs_ADAMTS13_Spacer,VWF_G1629R,1629,G,R,A2,1480-1672,193,ADAMTS13_Spacer,Q76LX8,1,2A,cleavage
VWF_E1638Q_vs_ADAMTS13_Spacer,VWF_E1638Q,1638,E,Q,A2,1480-1672,193,ADAMTS13_Spacer,Q76LX8,1,2A,cleavage
VWF_R1641K_vs_ADAMTS13_Spacer,VWF_R1641K,1641,R,K,A2,1480-1672,193,ADAMTS13_Spacer,Q76LX8,1,2A,cleavage
VWF_V1630M_vs_ADAMTS13_Spacer,VWF_V1630M,1630,V,M,A2,1480-1672,193,ADAMTS13_Spacer,Q76LX8,1,2A,cleavage
VWF_G1631S_vs_ADAMTS13_Spacer,VWF_G1631S,1631,G,S,A2,1480-1672,193,ADAMTS13_Spacer,Q76LX8,1,2A,cleavage
VWF_P1632S_vs_ADAMTS13_Spacer,VWF_P1632S,1632,P,S,A2,1480-1672,193,ADAMTS13_Spacer,Q76LX8,1,2A,cleavage
VWF_C767R_vs_FVIII_LightChain,VWF_C767R,767,C,R,D_prime,764-865,102,FVIII_LightChain,P00451,1,2N,loss_of_function
VWF_D1560E_vs_ADAMTS13_Spacer,VWF_D1560E,1560,D,E,A2,1480-1672,193,ADAMTS13_Spacer,Q76LX8,1,2A,cleavage
VWF_L1562P_vs_ADAMTS13_Spacer,VWF_L1562P,1562,L,P,A2,1480-1672,193,ADAMTS13_Spacer,Q76LX8,1,2A,cleavage
VWF_R1569C_vs_ADAMTS13_Spacer,VWF_R1569C,1569,R,C,A2,1480-1672,193,ADAMTS13_Spacer,Q76LX8,1,2A,cleavage
VWF_L876F_vs_FVIII_LightChain,VWF_L876F,876,L,F,D3,866-1233,368,FVIII_LightChain,P00451,1,2N,loss_of_function
VWF_R1597W_vs_ADAMTS13_Spacer,VWF_R1597W,1597,R,W,A2,1480-1672,193,ADAMTS13_Spacer,Q76LX8,1,2A,cleavage
VWF_R1569H_vs_ADAMTS13_Spacer,VWF_R1569H,1569,R,H,A2,1480-1672,193,ADAMTS13_Spacer,Q76LX8,1,2A,cleavage
VWF_N1574Y_vs_ADAMTS13_Spacer,VWF_N1574Y,1574,N,Y,A2,1480-1672,193,ADAMTS13_Spacer,Q76LX8,1,2A,cleavage
VWF_R1575K_vs_ADAMTS13_Spacer,VWF_R1575K,1575,R,K,A2,1480-1672,193,ADAMTS13_Spacer,Q76LX8,1,2A,cleavage
VWF_T1576N_vs_ADAMTS13_Spacer,VWF_T1576N,1576,T,N,A2,1480-1672,193,ADAMTS13_Spacer,Q76LX8,1,2A,cleavage
VWF_T1578N_vs_ADAMTS13_Spacer,VWF_T1578N,1578,T,N,A2,1480-1672,193,ADAMTS13_Spacer,Q76LX8,1,2A,cleavage
VWF_T1578I_vs_ADAMTS13_Spacer,VWF_T1578I,1578,T,I,A2,1480-1672,193,ADAMTS13_Spacer,Q76LX8,1,2A,cleavage
VWF_E1549K_vs_ADAMTS13_Spacer,VWF_E1549K,1549,E,K,A2,1480-1672,193,ADAMTS13_Spacer,Q76LX8,1,2A,cleavage
VWF_L876H_vs_FVIII_LightChain,VWF_L876H,876,L,H,D3,866-1233,368,FVIII_LightChain,P00451,1,2N,loss_of_function
VWF_R768Q_vs_FVIII_LightChain,VWF_R768Q,768,R,Q,D_prime,764-865,102,FVIII_LightChain,P00451,1,2N,loss_of_function
VWF_P769H_vs_FVIII_LightChain,VWF_P769H,769,P,H,D_prime,764-865,102,FVIII_LightChain,P00451,1,2N,loss_of_function
VWF_S764N_vs_FVIII_LightChain,VWF_S764N,764,S,N,D_prime,764-865,102,FVIII_LightChain,P00451,1,2N,loss_of_function
VWF_S1613P_vs_ADAMTS13_Spacer,VWF_S1613P,1613,S,P,A2,1480-1672,193,ADAMTS13_Spacer,Q76LX8,1,2A,cleavage
VWF_S1613A_vs_ADAMTS13_Spacer,VWF_S1613A,1613,S,A,A2,1480-1672,193,ADAMTS13_Spacer,Q76LX8,1,2A,cleavage
VWF_D1614N_vs_ADAMTS13_Spacer,VWF_D1614N,1614,D,N,A2,1480-1672,193,ADAMTS13_Spacer,Q76LX8,1,2A,cleavage
VWF_F1654I_vs_ADAMTS13_Spacer,VWF_F1654I,1654,F,I,A2,1480-1672,193,ADAMTS13_Spacer,Q76LX8,1,2A,cleavage
VWF_I1628N_vs_ADAMTS13_Spacer,VWF_I1628N,1628,I,N,A2,1480-1672,193,ADAMTS13_Spacer,Q76LX8,1,2A,cleavage
VWF_E1673K_vs_Collagen_I_THP,VWF_E1673K,1673,E,K,A3,1673-1874,202,Collagen_I_THP,P02452,3,2M,loss_of_function
VWF_P1662S_vs_ADAMTS13_Spacer,VWF_P1662S,1662,P,S,A2,1480-1672,193,ADAMTS13_Spacer,Q76LX8,1,2A,cleavage
VWF_V1665E_vs_ADAMTS13_Spacer,VWF_V1665E,1665,V,E,A2,1480-1672,193,ADAMTS13_Spacer,Q76LX8,1,2A,cleavage
VWF_C1670Y_vs_ADAMTS13_Spacer,VWF_C1670Y,1670,C,Y,A2,1480-1672,193,ADAMTS13_Spacer,Q76LX8,1,2A,cleavage
VWF_P1648S_vs_ADAMTS13_Spacer,VWF_P1648S,1648,P,S,A2,1480-1672,193,ADAMTS13_Spacer,Q76LX8,1,2A,cleavage
VWF_G1672R_vs_ADAMTS13_Spacer,VWF_G1672R,1672,G,R,A2,1480-1672,193,ADAMTS13_Spacer,Q76LX8,1,2A,cleavage
VWF_A1714T_vs_Collagen_I_THP,VWF_A1714T,1714,A,T,A3,1673-1874,202,Collagen_I_THP,P02452,3,2M,loss_of_function
VWF_A1714P_vs_Collagen_I_THP,VWF_A1714P,1714,A,P,A3,1673-1874,202,Collagen_I_THP,P02452,3,2M,loss_of_function
VWF_N1633D_vs_ADAMTS13_Spacer,VWF_N1633D,1633,N,D,A2,1480-1672,193,ADAMTS13_Spacer,Q76LX8,1,2A,cleavage
VWF_V1626L_vs_ADAMTS13_Spacer,VWF_V1626L,1626,V,L,A2,1480-1672,193,ADAMTS13_Spacer,Q76LX8,1,2A,cleavage
VWF_V982M_vs_FVIII_LightChain,VWF_V982M,982,V,M,D3,866-1233,368,FVIII_LightChain,P00451,1,2N,loss_of_function
VWF_V982L_vs_FVIII_LightChain,VWF_V982L,982,V,L,D3,866-1233,368,FVIII_LightChain,P00451,1,2N,loss_of_function
VWF_G1643S_vs_ADAMTS13_Spacer,VWF_G1643S,1643,G,S,A2,1480-1672,193,ADAMTS13_Spacer,Q76LX8,1,2A,cleavage
VWF_V1636M_vs_ADAMTS13_Spacer,VWF_V1636M,1636,V,M,A2,1480-1672,193,ADAMTS13_Spacer,Q76LX8,1,2A,cleavage
VWF_G1629E_vs_ADAMTS13_Spacer,VWF_G1629E,1629,G,E,A2,1480-1672,193,ADAMTS13_Spacer,Q76LX8,1,2A,cleavage
VWF_P1627T_vs_ADAMTS13_Spacer,VWF_P1627T,1627,P,T,A2,1480-1672,193,ADAMTS13_Spacer,Q76LX8,1,2A,cleavage
VWF_V1625L_vs_ADAMTS13_Spacer,VWF_V1625L,1625,V,L,A2,1480-1672,193,ADAMTS13_Spacer,Q76LX8,1,2A,cleavage
VWF_P770S_vs_FVIII_LightChain,VWF_P770S,770,P,S,D_prime,764-865,102,FVIII_LightChain,P00451,1,2N,loss_of_function
VWF_T1656M_vs_ADAMTS13_Spacer,VWF_T1656M,1656,T,M,A2,1480-1672,193,ADAMTS13_Spacer,Q76LX8,1,2A,cleavage
VWF_P1684R_vs_Collagen_I_THP,VWF_P1684R,1684,P,R,A3,1673-1874,202,Collagen_I_THP,P02452,3,2M,loss_of_function
VWF_P1682S_vs_Collagen_I_THP,VWF_P1682S,1682,P,S,A3,1673-1874,202,Collagen_I_THP,P02452,3,2M,loss_of_function
VWF_P1678S_vs_Collagen_I_THP,VWF_P1678S,1678,P,S,A3,1673-1874,202,Collagen_I_THP,P02452,3,2M,loss_of_function
VWF_I1677V_vs_Collagen_I_THP,VWF_I1677V,1677,I,V,A3,1673-1874,202,Collagen_I_THP,P02452,3,2M,loss_of_function
VWF_D1614E_vs_ADAMTS13_Spacer,VWF_D1614E,1614,D,E,A2,1480-1672,193,ADAMTS13_Spacer,Q76LX8,1,2A,cleavage
VWF_D1614G_vs_ADAMTS13_Spacer,VWF_D1614G,1614,D,G,A2,1480-1672,193,ADAMTS13_Spacer,Q76LX8,1,2A,cleavage
VWF_R1668S_vs_ADAMTS13_Spacer,VWF_R1668S,1668,R,S,A2,1480-1672,193,ADAMTS13_Spacer,Q76LX8,1,2A,cleavage
VWF_G1609E_vs_ADAMTS13_Spacer,VWF_G1609E,1609,G,E,A2,1480-1672,193,ADAMTS13_Spacer,Q76LX8,1,2A,cleavage
VWF_M814L_vs_FVIII_LightChain,VWF_M814L,814,M,L,D_prime,764-865,102,FVIII_LightChain,P00451,1,2N,loss_of_function
VWF_P812L_vs_FVIII_LightChain,VWF_P812L,812,P,L,D_prime,764-865,102,FVIII_LightChain,P00451,1,2N,loss_of_function
VWF_P812Q_vs_FVIII_LightChain,VWF_P812Q,812,P,Q,D_prime,764-865,102,FVIII_LightChain,P00451,1,2N,loss_of_function
VWF_C804F_vs_FVIII_LightChain,VWF_C804F,804,C,F,D_prime,764-865,102,FVIII_LightChain,P00451,1,2N,loss_of_function
VWF_V1502I_vs_ADAMTS13_Spacer,VWF_V1502I,1502,V,I,A2,1480-1672,193,ADAMTS13_Spacer,Q76LX8,1,2A,cleavage
VWF_G939R_vs_FVIII_LightChain,VWF_G939R,939,G,R,D3,866-1233,368,FVIII_LightChain,P00451,1,2N,loss_of_function
VWF_I934T_vs_FVIII_LightChain,VWF_I934T,934,I,T,D3,866-1233,368,FVIII_LightChain,P00451,1,2N,loss_of_function
VWF_L1657I_vs_ADAMTS13_Spacer,VWF_L1657I,1657,L,I,A2,1480-1672,193,ADAMTS13_Spacer,Q76LX8,1,2A,cleavage
VWF_V1604G_vs_ADAMTS13_Spacer,VWF_V1604G,1604,V,G,A2,1480-1672,193,ADAMTS13_Spacer,Q76LX8,1,2A,cleavage
VWF_V775M_vs_FVIII_LightChain,VWF_V775M,775,V,M,D_prime,764-865,102,FVIII_LightChain,P00451,1,2N,loss_of_function
VWF_R1597L_vs_ADAMTS13_Spacer,VWF_R1597L,1597,R,L,A2,1480-1672,193,ADAMTS13_Spacer,Q76LX8,1,2A,cleavage
VWF_R1597Q_vs_ADAMTS13_Spacer,VWF_R1597Q,1597,R,Q,A2,1480-1672,193,ADAMTS13_Spacer,Q76LX8,1,2A,cleavage
VWF_R1583W_vs_ADAMTS13_Spacer,VWF_R1583W,1583,R,W,A2,1480-1672,193,ADAMTS13_Spacer,Q76LX8,1,2A,cleavage
VWF_G1573S_vs_ADAMTS13_Spacer,VWF_G1573S,1573,G,S,A2,1480-1672,193,ADAMTS13_Spacer,Q76LX8,1,2A,cleavage
VWF_Y795C_vs_FVIII_LightChain,VWF_Y795C,795,Y,C,D_prime,764-865,102,FVIII_LightChain,P00451,1,2N,loss_of_function
VWF_C792W_vs_FVIII_LightChain,VWF_C792W,792,C,W,D_prime,764-865,102,FVIII_LightChain,P00451,1,2N,loss_of_function
VWF_C792R_vs_FVIII_LightChain,VWF_C792R,792,C,R,D_prime,764-865,102,FVIII_LightChain,P00451,1,2N,loss_of_function
VWF_T791M_vs_FVIII_LightChain,VWF_T791M,791,T,M,D_prime,764-865,102,FVIII_LightChain,P00451,1,2N,loss_of_function
VWF_K790N_vs_FVIII_LightChain,VWF_K790N,790,K,N,D_prime,764-865,102,FVIII_LightChain,P00451,1,2N,loss_of_function
VWF_R1779Q_vs_Collagen_I_THP,VWF_R1779Q,1779,R,Q,A3,1673-1874,202,Collagen_I_THP,P02452,3,2M,loss_of_function
VWF_L1657P_vs_ADAMTS13_Spacer,VWF_L1657P,1657,L,P,A2,1480-1672,193,ADAMTS13_Spacer,Q76LX8,1,2A,cleavage
VWF_V1778L_vs_Collagen_I_THP,VWF_V1778L,1778,V,L,A3,1673-1874,202,Collagen_I_THP,P02452,3,2M,loss_of_function
VWF_L1774S_vs_Collagen_I_THP,VWF_L1774S,1774,L,S,A3,1673-1874,202,Collagen_I_THP,P02452,3,2M,loss_of_function
VWF_D1809G_vs_Collagen_I_THP,VWF_D1809G,1809,D,G,A3,1673-1874,202,Collagen_I_THP,P02452,3,2M,loss_of_function
VWF_S1783A_vs_Collagen_I_THP,VWF_S1783A,1783,S,A,A3,1673-1874,202,Collagen_I_THP,P02452,3,2M,loss_of_function
VWF_V1778E_vs_Collagen_I_THP,VWF_V1778E,1778,V,E,A3,1673-1874,202,Collagen_I_THP,P02452,3,2M,loss_of_function
VWF_R1763W_vs_Collagen_I_THP,VWF_R1763W,1763,R,W,A3,1673-1874,202,Collagen_I_THP,P02452,3,2M,loss_of_function
VWF_W1745C_vs_Collagen_I_THP,VWF_W1745C,1745,W,C,A3,1673-1874,202,Collagen_I_THP,P02452,3,2M,loss_of_function
VWF_R1779L_vs_Collagen_I_THP,VWF_R1779L,1779,R,L,A3,1673-1874,202,Collagen_I_THP,P02452,3,2M,loss_of_function
VWF_S1517R_vs_ADAMTS13_Spacer,VWF_S1517R,1517,S,R,A2,1480-1672,193,ADAMTS13_Spacer,Q76LX8,1,2A,cleavage
VWF_L1657H_vs_ADAMTS13_Spacer,VWF_L1657H,1657,L,H,A2,1480-1672,193,ADAMTS13_Spacer,Q76LX8,1,2A,cleavage
VWF_L1657F_vs_ADAMTS13_Spacer,VWF_L1657F,1657,L,F,A2,1480-1672,193,ADAMTS13_Spacer,Q76LX8,1,2A,cleavage
VWF_R1816G_vs_Collagen_I_THP,VWF_R1816G,1816,R,G,A3,1673-1874,202,Collagen_I_THP,P02452,3,2M,loss_of_function
VWF_A1810E_vs_Collagen_I_THP,VWF_A1810E,1810,A,E,A3,1673-1874,202,Collagen_I_THP,P02452,3,2M,loss_of_function
VWF_L1733P_vs_Collagen_I_THP,VWF_L1733P,1733,L,P,A3,1673-1874,202,Collagen_I_THP,P02452,3,2M,loss_of_function
VWF_R1726H_vs_Collagen_I_THP,VWF_R1726H,1726,R,H,A3,1673-1874,202,Collagen_I_THP,P02452,3,2M,loss_of_function
VWF_S1712R_vs_Collagen_I_THP,VWF_S1712R,1712,S,R,A3,1673-1874,202,Collagen_I_THP,P02452,3,2M,loss_of_function
VWF_S1285P_vs_GPIb_alpha,VWF_S1285P,1285,S,P,A1,1260-1479,220,GPIb_alpha,P07359,1,2B|2M,gain_of_function
VWF_S1285P_vs_Heparan_Sulfate_mimic,VWF_S1285P,1285,S,P,A1,1260-1479,220,Heparan_Sulfate_mimic,N/A,1,2B|2M,loss_of_function
VWF_R1342H_vs_GPIb_alpha,VWF_R1342H,1342,R,H,A1,1260-1479,220,GPIb_alpha,P07359,1,2B|2M,gain_of_function
VWF_R1342H_vs_Heparan_Sulfate_mimic,VWF_R1342H,1342,R,H,A1,1260-1479,220,Heparan_Sulfate_mimic,N/A,1,2B|2M,loss_of_function
VWF_R1342C_vs_GPIb_alpha,VWF_R1342C,1342,R,C,A1,1260-1479,220,GPIb_alpha,P07359,1,2B|2M,gain_of_function
VWF_R1342C_vs_Heparan_Sulfate_mimic,VWF_R1342C,1342,R,C,A1,1260-1479,220,Heparan_Sulfate_mimic,N/A,1,2B|2M,loss_of_function
VWF_R1341L_vs_GPIb_alpha,VWF_R1341L,1341,R,L,A1,1260-1479,220,GPIb_alpha,P07359,1,2B|2M,gain_of_function
VWF_R1341L_vs_Heparan_Sulfate_mimic,VWF_R1341L,1341,R,L,A1,1260-1479,220,Heparan_Sulfate_mimic,N/A,1,2B|2M,loss_of_function
VWF_R1341P_vs_GPIb_alpha,VWF_R1341P,1341,R,P,A1,1260-1479,220,GPIb_alpha,P07359,1,2B|2M,gain_of_function
VWF_R1341P_vs_Heparan_Sulfate_mimic,VWF_R1341P,1341,R,P,A1,1260-1479,220,Heparan_Sulfate_mimic,N/A,1,2B|2M,loss_of_function
VWF_R1205H_vs_FVIII_LightChain,VWF_R1205H,1205,R,H,D3,866-1233,368,FVIII_LightChain,P00451,1,2N,loss_of_function
VWF_R1205C_vs_FVIII_LightChain,VWF_R1205C,1205,R,C,D3,866-1233,368,FVIII_LightChain,P00451,1,2N,loss_of_function
VWF_R1204Q_vs_FVIII_LightChain,VWF_R1204Q,1204,R,Q,D3,866-1233,368,FVIII_LightChain,P00451,1,2N,loss_of_function
VWF_R1204W_vs_FVIII_LightChain,VWF_R1204W,1204,R,W,D3,866-1233,368,FVIII_LightChain,P00451,1,2N,loss_of_function
VWF_E1185K_vs_FVIII_LightChain,VWF_E1185K,1185,E,K,D3,866-1233,368,FVIII_LightChain,P00451,1,2N,loss_of_function
VWF_Q1346R_vs_GPIb_alpha,VWF_Q1346R,1346,Q,R,A1,1260-1479,220,GPIb_alpha,P07359,1,2B|2M,gain_of_function
VWF_Q1346R_vs_Heparan_Sulfate_mimic,VWF_Q1346R,1346,Q,R,A1,1260-1479,220,Heparan_Sulfate_mimic,N/A,1,2B|2M,loss_of_function
VWF_I1343V_vs_GPIb_alpha,VWF_I1343V,1343,I,V,A1,1260-1479,220,GPIb_alpha,P07359,1,2B|2M,gain_of_function
VWF_I1343V_vs_Heparan_Sulfate_mimic,VWF_I1343V,1343,I,V,A1,1260-1479,220,Heparan_Sulfate_mimic,N/A,1,2B|2M,loss_of_function
VWF_S1208L_vs_FVIII_LightChain,VWF_S1208L,1208,S,L,D3,866-1233,368,FVIII_LightChain,P00451,1,2N,loss_of_function
VWF_R1205L_vs_FVIII_LightChain,VWF_R1205L,1205,R,L,D3,866-1233,368,FVIII_LightChain,P00451,1,2N,loss_of_function
VWF_R1205S_vs_FVIII_LightChain,VWF_R1205S,1205,R,S,D3,866-1233,368,FVIII_LightChain,P00451,1,2N,loss_of_function
VWF_V1360F_vs_GPIb_alpha,VWF_V1360F,1360,V,F,A1,1260-1479,220,GPIb_alpha,P07359,1,2B|2M,gain_of_function
VWF_V1360F_vs_Heparan_Sulfate_mimic,VWF_V1360F,1360,V,F,A1,1260-1479,220,Heparan_Sulfate_mimic,N/A,1,2B|2M,loss_of_function
VWF_C1130Y_vs_FVIII_LightChain,VWF_C1130Y,1130,C,Y,D3,866-1233,368,FVIII_LightChain,P00451,1,2N,loss_of_function
VWF_Q1402R_vs_GPIb_alpha,VWF_Q1402R,1402,Q,R,A1,1260-1479,220,GPIb_alpha,P07359,1,2B|2M,gain_of_function
VWF_Q1402R_vs_Heparan_Sulfate_mimic,VWF_Q1402R,1402,Q,R,A1,1260-1479,220,Heparan_Sulfate_mimic,N/A,1,2B|2M,loss_of_function
VWF_Q1402P_vs_GPIb_alpha,VWF_Q1402P,1402,Q,P,A1,1260-1479,220,GPIb_alpha,P07359,1,2B|2M,gain_of_function
VWF_Q1402P_vs_Heparan_Sulfate_mimic,VWF_Q1402P,1402,Q,P,A1,1260-1479,220,Heparan_Sulfate_mimic,N/A,1,2B|2M,loss_of_function
VWF_V1401I_vs_GPIb_alpha,VWF_V1401I,1401,V,I,A1,1260-1479,220,GPIb_alpha,P07359,1,2B|2M,gain_of_function
VWF_V1401I_vs_Heparan_Sulfate_mimic,VWF_V1401I,1401,V,I,A1,1260-1479,220,Heparan_Sulfate_mimic,N/A,1,2B|2M,loss_of_function
VWF_R1399C_vs_GPIb_alpha,VWF_R1399C,1399,R,C,A1,1260-1479,220,GPIb_alpha,P07359,1,2B|2M,gain_of_function
VWF_R1399C_vs_Heparan_Sulfate_mimic,VWF_R1399C,1399,R,C,A1,1260-1479,220,Heparan_Sulfate_mimic,N/A,1,2B|2M,loss_of_function
VWF_R1145H_vs_FVIII_LightChain,VWF_R1145H,1145,R,H,D3,866-1233,368,FVIII_LightChain,P00451,1,2N,loss_of_function
VWF_W1144G_vs_FVIII_LightChain,VWF_W1144G,1144,W,G,D3,866-1233,368,FVIII_LightChain,P00451,1,2N,loss_of_function
VWF_V1295A_vs_GPIb_alpha,VWF_V1295A,1295,V,A,A1,1260-1479,220,GPIb_alpha,P07359,1,2B|2M,gain_of_function
VWF_V1295A_vs_Heparan_Sulfate_mimic,VWF_V1295A,1295,V,A,A1,1260-1479,220,Heparan_Sulfate_mimic,N/A,1,2B|2M,loss_of_function
VWF_R1136Q_vs_FVIII_LightChain,VWF_R1136Q,1136,R,Q,D3,866-1233,368,FVIII_LightChain,P00451,1,2N,loss_of_function
VWF_R1136W_vs_FVIII_LightChain,VWF_R1136W,1136,R,W,D3,866-1233,368,FVIII_LightChain,P00451,1,2N,loss_of_function
VWF_E1131K_vs_FVIII_LightChain,VWF_E1131K,1131,E,K,D3,866-1233,368,FVIII_LightChain,P00451,1,2N,loss_of_function
VWF_C1130F_vs_FVIII_LightChain,VWF_C1130F,1130,C,F,D3,866-1233,368,FVIII_LightChain,P00451,1,2N,loss_of_function
VWF_R1341Q_vs_GPIb_alpha,VWF_R1341Q,1341,R,Q,A1,1260-1479,220,GPIb_alpha,P07359,1,2B|2M,gain_of_function
VWF_R1341Q_vs_Heparan_Sulfate_mimic,VWF_R1341Q,1341,R,Q,A1,1260-1479,220,Heparan_Sulfate_mimic,N/A,1,2B|2M,loss_of_function
VWF_L1340P_vs_GPIb_alpha,VWF_L1340P,1340,L,P,A1,1260-1479,220,GPIb_alpha,P07359,1,2B|2M,gain_of_function
VWF_L1340P_vs_Heparan_Sulfate_mimic,VWF_L1340P,1340,L,P,A1,1260-1479,220,Heparan_Sulfate_mimic,N/A,1,2B|2M,loss_of_function
VWF_P1337L_vs_GPIb_alpha,VWF_P1337L,1337,P,L,A1,1260-1479,220,GPIb_alpha,P07359,1,2B|2M,gain_of_function
VWF_P1337L_vs_Heparan_Sulfate_mimic,VWF_P1337L,1337,P,L,A1,1260-1479,220,Heparan_Sulfate_mimic,N/A,1,2B|2M,loss_of_function
VWF_P1337Q_vs_GPIb_alpha,VWF_P1337Q,1337,P,Q,A1,1260-1479,220,GPIb_alpha,P07359,1,2B|2M,gain_of_function
VWF_P1337Q_vs_Heparan_Sulfate_mimic,VWF_P1337Q,1337,P,Q,A1,1260-1479,220,Heparan_Sulfate_mimic,N/A,1,2B|2M,loss_of_function
VWF_C1142F_vs_FVIII_LightChain,VWF_C1142F,1142,C,F,D3,866-1233,368,FVIII_LightChain,P00451,1,2N,loss_of_function
VWF_R1315L_vs_GPIb_alpha,VWF_R1315L,1315,R,L,A1,1260-1479,220,GPIb_alpha,P07359,1,2B|2M,gain_of_function
VWF_R1315L_vs_Heparan_Sulfate_mimic,VWF_R1315L,1315,R,L,A1,1260-1479,220,Heparan_Sulfate_mimic,N/A,1,2B|2M,loss_of_function
VWF_R1315H_vs_GPIb_alpha,VWF_R1315H,1315,R,H,A1,1260-1479,220,GPIb_alpha,P07359,1,2B|2M,gain_of_function
VWF_R1315H_vs_Heparan_Sulfate_mimic,VWF_R1315H,1315,R,H,A1,1260-1479,220,Heparan_Sulfate_mimic,N/A,1,2B|2M,loss_of_function
VWF_W1313C_vs_GPIb_alpha,VWF_W1313C,1313,W,C,A1,1260-1479,220,GPIb_alpha,P07359,1,2B|2M,gain_of_function
VWF_W1313C_vs_Heparan_Sulfate_mimic,VWF_W1313C,1313,W,C,A1,1260-1479,220,Heparan_Sulfate_mimic,N/A,1,2B|2M,loss_of_function
VWF_K1312N_vs_GPIb_alpha,VWF_K1312N,1312,K,N,A1,1260-1479,220,GPIb_alpha,P07359,1,2B|2M,gain_of_function
VWF_K1312N_vs_Heparan_Sulfate_mimic,VWF_K1312N,1312,K,N,A1,1260-1479,220,Heparan_Sulfate_mimic,N/A,1,2B|2M,loss_of_function
VWF_D1283Y_vs_GPIb_alpha,VWF_D1283Y,1283,D,Y,A1,1260-1479,220,GPIb_alpha,P07359,1,2B|2M,gain_of_function
VWF_D1283Y_vs_Heparan_Sulfate_mimic,VWF_D1283Y,1283,D,Y,A1,1260-1479,220,Heparan_Sulfate_mimic,N/A,1,2B|2M,loss_of_function
VWF_D1283H_vs_GPIb_alpha,VWF_D1283H,1283,D,H,A1,1260-1479,220,GPIb_alpha,P07359,1,2B|2M,gain_of_function
VWF_D1283H_vs_Heparan_Sulfate_mimic,VWF_D1283H,1283,D,H,A1,1260-1479,220,Heparan_Sulfate_mimic,N/A,1,2B|2M,loss_of_function
VWF_L1281P_vs_GPIb_alpha,VWF_L1281P,1281,L,P,A1,1260-1479,220,GPIb_alpha,P07359,1,2B|2M,gain_of_function
VWF_L1281P_vs_Heparan_Sulfate_mimic,VWF_L1281P,1281,L,P,A1,1260-1479,220,Heparan_Sulfate_mimic,N/A,1,2B|2M,loss_of_function
VWF_L1278P_vs_GPIb_alpha,VWF_L1278P,1278,L,P,A1,1260-1479,220,GPIb_alpha,P07359,1,2B|2M,gain_of_function
VWF_L1278P_vs_Heparan_Sulfate_mimic,VWF_L1278P,1278,L,P,A1,1260-1479,220,Heparan_Sulfate_mimic,N/A,1,2B|2M,loss_of_function
VWF_C1272G_vs_GPIb_alpha,VWF_C1272G,1272,C,G,A1,1260-1479,220,GPIb_alpha,P07359,1,2B|2M,gain_of_function
VWF_C1272G_vs_Heparan_Sulfate_mimic,VWF_C1272G,1272,C,G,A1,1260-1479,220,Heparan_Sulfate_mimic,N/A,1,2B|2M,loss_of_function
VWF_C1272R_vs_GPIb_alpha,VWF_C1272R,1272,C,R,A1,1260-1479,220,GPIb_alpha,P07359,1,2B|2M,gain_of_function
VWF_C1272R_vs_Heparan_Sulfate_mimic,VWF_C1272R,1272,C,R,A1,1260-1479,220,Heparan_Sulfate_mimic,N/A,1,2B|2M,loss_of_function
VWF_L1281R_vs_GPIb_alpha,VWF_L1281R,1281,L,R,A1,1260-1479,220,GPIb_alpha,P07359,1,2B|2M,gain_of_function
VWF_L1281R_vs_Heparan_Sulfate_mimic,VWF_L1281R,1281,L,R,A1,1260-1479,220,Heparan_Sulfate_mimic,N/A,1,2B|2M,loss_of_function
VWF_D1277V_vs_GPIb_alpha,VWF_D1277V,1277,D,V,A1,1260-1479,220,GPIb_alpha,P07359,1,2B|2M,gain_of_function
VWF_D1277V_vs_Heparan_Sulfate_mimic,VWF_D1277V,1277,D,V,A1,1260-1479,220,Heparan_Sulfate_mimic,N/A,1,2B|2M,loss_of_function
VWF_S1310F_vs_GPIb_alpha,VWF_S1310F,1310,S,F,A1,1260-1479,220,GPIb_alpha,P07359,1,2B|2M,gain_of_function
VWF_S1310F_vs_Heparan_Sulfate_mimic,VWF_S1310F,1310,S,F,A1,1260-1479,220,Heparan_Sulfate_mimic,N/A,1,2B|2M,loss_of_function
VWF_I1309N_vs_GPIb_alpha,VWF_I1309N,1309,I,N,A1,1260-1479,220,GPIb_alpha,P07359,1,2B|2M,gain_of_function
VWF_I1309N_vs_Heparan_Sulfate_mimic,VWF_I1309N,1309,I,N,A1,1260-1479,220,Heparan_Sulfate_mimic,N/A,1,2B|2M,loss_of_function
VWF_I1309V_vs_GPIb_alpha,VWF_I1309V,1309,I,V,A1,1260-1479,220,GPIb_alpha,P07359,1,2B|2M,gain_of_function
VWF_I1309V_vs_Heparan_Sulfate_mimic,VWF_I1309V,1309,I,V,A1,1260-1479,220,Heparan_Sulfate_mimic,N/A,1,2B|2M,loss_of_function
VWF_R1308C_vs_GPIb_alpha,VWF_R1308C,1308,R,C,A1,1260-1479,220,GPIb_alpha,P07359,1,2B|2M,gain_of_function
VWF_R1308C_vs_Heparan_Sulfate_mimic,VWF_R1308C,1308,R,C,A1,1260-1479,220,Heparan_Sulfate_mimic,N/A,1,2B|2M,loss_of_function
VWF_D1269E_vs_GPIb_alpha,VWF_D1269E,1269,D,E,A1,1260-1479,220,GPIb_alpha,P07359,1,2B|2M,gain_of_function
VWF_D1269E_vs_Heparan_Sulfate_mimic,VWF_D1269E,1269,D,E,A1,1260-1479,220,Heparan_Sulfate_mimic,N/A,1,2B|2M,loss_of_function
VWF_V1110M_vs_FVIII_LightChain,VWF_V1110M,1110,V,M,D3,866-1233,368,FVIII_LightChain,P00451,1,2N,loss_of_function
VWF_Y1107C_vs_FVIII_LightChain,VWF_Y1107C,1107,Y,C,D3,866-1233,368,FVIII_LightChain,P00451,1,2N,loss_of_function
VWF_A1105D_vs_FVIII_LightChain,VWF_A1105D,1105,A,D,D3,866-1233,368,FVIII_LightChain,P00451,1,2N,loss_of_function
VWF_P1462R_vs_GPIb_alpha,VWF_P1462R,1462,P,R,A1,1260-1479,220,GPIb_alpha,P07359,1,2B|2M,gain_of_function
VWF_P1462R_vs_Heparan_Sulfate_mimic,VWF_P1462R,1462,P,R,A1,1260-1479,220,Heparan_Sulfate_mimic,N/A,1,2B|2M,loss_of_function
VWF_L1460P_vs_GPIb_alpha,VWF_L1460P,1460,L,P,A1,1260-1479,220,GPIb_alpha,P07359,1,2B|2M,gain_of_function
VWF_L1460P_vs_Heparan_Sulfate_mimic,VWF_L1460P,1460,L,P,A1,1260-1479,220,Heparan_Sulfate_mimic,N/A,1,2B|2M,loss_of_function
VWF_C1126Y_vs_FVIII_LightChain,VWF_C1126Y,1126,C,Y,D3,866-1233,368,FVIII_LightChain,P00451,1,2N,loss_of_function
VWF_C1126R_vs_FVIII_LightChain,VWF_C1126R,1126,C,R,D3,866-1233,368,FVIII_LightChain,P00451,1,2N,loss_of_function
VWF_L1361S_vs_GPIb_alpha,VWF_L1361S,1361,L,S,A1,1260-1479,220,GPIb_alpha,P07359,1,2B|2M,gain_of_function
VWF_L1361S_vs_Heparan_Sulfate_mimic,VWF_L1361S,1361,L,S,A1,1260-1479,220,Heparan_Sulfate_mimic,N/A,1,2B|2M,loss_of_function
VWF_T1045I_vs_FVIII_LightChain,VWF_T1045I,1045,T,I,D3,866-1233,368,FVIII_LightChain,P00451,1,2N,loss_of_function
VWF_G994V_vs_FVIII_LightChain,VWF_G994V,994,G,V,D3,866-1233,368,FVIII_LightChain,P00451,1,2N,loss_of_function
VWF_G994D_vs_FVIII_LightChain,VWF_G994D,994,G,D,D3,866-1233,368,FVIII_LightChain,P00451,1,2N,loss_of_function
VWF_V1485I_vs_ADAMTS13_Spacer,VWF_V1485I,1485,V,I,A2,1480-1672,193,ADAMTS13_Spacer,Q76LX8,1,2A,cleavage
VWF_P1480L_vs_ADAMTS13_Spacer,VWF_P1480L,1480,P,L,A2,1480-1672,193,ADAMTS13_Spacer,Q76LX8,1,2A,cleavage
VWF_P1471T_vs_GPIb_alpha,VWF_P1471T,1471,P,T,A1,1260-1479,220,GPIb_alpha,P07359,1,2B|2M,gain_of_function
VWF_P1471T_vs_Heparan_Sulfate_mimic,VWF_P1471T,1471,P,T,A1,1260-1479,220,Heparan_Sulfate_mimic,N/A,1,2B|2M,loss_of_function
VWF_P917L_vs_FVIII_LightChain,VWF_P917L,917,P,L,D3,866-1233,368,FVIII_LightChain,P00451,1,2N,loss_of_function
VWF_S915N_vs_FVIII_LightChain,VWF_S915N,915,S,N,D3,866-1233,368,FVIII_LightChain,P00451,1,2N,loss_of_function
VWF_T1122M_vs_FVIII_LightChain,VWF_T1122M,1122,T,M,D3,866-1233,368,FVIII_LightChain,P00451,1,2N,loss_of_function
VWF_N1818S_vs_Collagen_I_THP,VWF_N1818S,1818,N,S,A3,1673-1874,202,Collagen_I_THP,P02452,3,2M,loss_of_function
VWF_F1514C_vs_ADAMTS13_Spacer,VWF_F1514C,1514,F,C,A2,1480-1672,193,ADAMTS13_Spacer,Q76LX8,1,2A,cleavage
VWF_L1503R_vs_ADAMTS13_Spacer,VWF_L1503R,1503,L,R,A2,1480-1672,193,ADAMTS13_Spacer,Q76LX8,1,2A,cleavage
VWF_L1503P_vs_ADAMTS13_Spacer,VWF_L1503P,1503,L,P,A2,1480-1672,193,ADAMTS13_Spacer,Q76LX8,1,2A,cleavage
VWF_L1503Q_vs_ADAMTS13_Spacer,VWF_L1503Q,1503,L,Q,A2,1480-1672,193,ADAMTS13_Spacer,Q76LX8,1,2A,cleavage
VWF_V1502F_vs_ADAMTS13_Spacer,VWF_V1502F,1502,V,F,A2,1480-1672,193,ADAMTS13_Spacer,Q76LX8,1,2A,cleavage
VWF_T866R_vs_FVIII_LightChain,VWF_T866R,866,T,R,D3,866-1233,368,FVIII_LightChain,P00451,1,2N,loss_of_function
VWF_K855N_vs_FVIII_LightChain,VWF_K855N,855,K,N,D_prime,764-865,102,FVIII_LightChain,P00451,1,2N,loss_of_function
VWF_R854W_vs_FVIII_LightChain,VWF_R854W,854,R,W,D_prime,764-865,102,FVIII_LightChain,P00451,1,2N,loss_of_function
VWF_V1548M_vs_ADAMTS13_Spacer,VWF_V1548M,1548,V,M,A2,1480-1672,193,ADAMTS13_Spacer,Q76LX8,1,2A,cleavage
VWF_W1120C_vs_FVIII_LightChain,VWF_W1120C,1120,W,C,D3,866-1233,368,FVIII_LightChain,P00451,1,2N,loss_of_function
VWF_D1529N_vs_ADAMTS13_Spacer,VWF_D1529N,1529,D,N,A2,1480-1672,193,ADAMTS13_Spacer,Q76LX8,1,2A,cleavage
VWF_Q1556R_vs_ADAMTS13_Spacer,VWF_Q1556R,1556,Q,R,A2,1480-1672,193,ADAMTS13_Spacer,Q76LX8,1,2A,cleavage
VWF_D879N_vs_FVIII_LightChain,VWF_D879N,879,D,N,D3,866-1233,368,FVIII_LightChain,P00451,1,2N,loss_of_function
VWF_A873V_vs_FVIII_LightChain,VWF_A873V,873,A,V,D3,866-1233,368,FVIII_LightChain,P00451,1,2N,loss_of_function
VWF_G871S_vs_FVIII_LightChain,VWF_G871S,871,G,S,D3,866-1233,368,FVIII_LightChain,P00451,1,2N,loss_of_function
VWF_V1439M_vs_GPIb_alpha,VWF_V1439M,1439,V,M,A1,1260-1479,220,GPIb_alpha,P07359,1,2B|2M,gain_of_function
VWF_V1439M_vs_Heparan_Sulfate_mimic,VWF_V1439M,1439,V,M,A1,1260-1479,220,Heparan_Sulfate_mimic,N/A,1,2B|2M,loss_of_function
VWF_R1426P_vs_GPIb_alpha,VWF_R1426P,1426,R,P,A1,1260-1479,220,GPIb_alpha,P07359,1,2B|2M,gain_of_function
VWF_R1426P_vs_Heparan_Sulfate_mimic,VWF_R1426P,1426,R,P,A1,1260-1479,220,Heparan_Sulfate_mimic,N/A,1,2B|2M,loss_of_function
VWF_C1101G_vs_FVIII_LightChain,VWF_C1101G,1101,C,G,D3,866-1233,368,FVIII_LightChain,P00451,1,2N,loss_of_function
VWF_C1101R_vs_FVIII_LightChain,VWF_C1101R,1101,C,R,D3,866-1233,368,FVIII_LightChain,P00451,1,2N,loss_of_function
VWF_A1098T_vs_FVIII_LightChain,VWF_A1098T,1098,A,T,D3,866-1233,368,FVIII_LightChain,P00451,1,2N,loss_of_function
VWF_D1096H_vs_FVIII_LightChain,VWF_D1096H,1096,D,H,D3,866-1233,368,FVIII_LightChain,P00451,1,2N,loss_of_function
VWF_I1094T_vs_FVIII_LightChain,VWF_I1094T,1094,I,T,D3,866-1233,368,FVIII_LightChain,P00451,1,2N,loss_of_function
VWF_D1087N_vs_FVIII_LightChain,VWF_D1087N,1087,D,N,D3,866-1233,368,FVIII_LightChain,P00451,1,2N,loss_of_function
VWF_C1084Y_vs_FVIII_LightChain,VWF_C1084Y,1084,C,Y,D3,866-1233,368,FVIII_LightChain,P00451,1,2N,loss_of_function
VWF_V1083I_vs_FVIII_LightChain,VWF_V1083I,1083,V,I,D3,866-1233,368,FVIII_LightChain,P00451,1,2N,loss_of_function
VWF_S1356F_vs_GPIb_alpha,VWF_S1356F,1356,S,F,A1,1260-1479,220,GPIb_alpha,P07359,1,2B|2M,gain_of_function
VWF_S1356F_vs_Heparan_Sulfate_mimic,VWF_S1356F,1356,S,F,A1,1260-1479,220,Heparan_Sulfate_mimic,N/A,1,2B|2M,loss_of_function
VWF_R906W_vs_FVIII_LightChain,VWF_R906W,906,R,W,D3,866-1233,368,FVIII_LightChain,P00451,1,2N,loss_of_function
VWF_V1230I_vs_FVIII_LightChain,VWF_V1230I,1230,V,I,D3,866-1233,368,FVIII_LightChain,P00451,1,2N,loss_of_function
VWF_V1229I_vs_FVIII_LightChain,VWF_V1229I,1229,V,I,D3,866-1233,368,FVIII_LightChain,P00451,1,2N,loss_of_function
VWF_C1227R_vs_FVIII_LightChain,VWF_C1227R,1227,C,R,D3,866-1233,368,FVIII_LightChain,P00451,1,2N,loss_of_function
VWF_R1395W_vs_GPIb_alpha,VWF_R1395W,1395,R,W,A1,1260-1479,220,GPIb_alpha,P07359,1,2B|2M,gain_of_function
VWF_R1395W_vs_Heparan_Sulfate_mimic,VWF_R1395W,1395,R,W,A1,1260-1479,220,Heparan_Sulfate_mimic,N/A,1,2B|2M,loss_of_function
VWF_S1387I_vs_GPIb_alpha,VWF_S1387I,1387,S,I,A1,1260-1479,220,GPIb_alpha,P07359,1,2B|2M,gain_of_function
VWF_S1387I_vs_Heparan_Sulfate_mimic,VWF_S1387I,1387,S,I,A1,1260-1479,220,Heparan_Sulfate_mimic,N/A,1,2B|2M,loss_of_function
VWF_L1384P_vs_GPIb_alpha,VWF_L1384P,1384,L,P,A1,1260-1479,220,GPIb_alpha,P07359,1,2B|2M,gain_of_function
VWF_L1384P_vs_Heparan_Sulfate_mimic,VWF_L1384P,1384,L,P,A1,1260-1479,220,Heparan_Sulfate_mimic,N/A,1,2B|2M,loss_of_function
VWF_A1377V_vs_GPIb_alpha,VWF_A1377V,1377,A,V,A1,1260-1479,220,GPIb_alpha,P07359,1,2B|2M,gain_of_function
VWF_A1377V_vs_Heparan_Sulfate_mimic,VWF_A1377V,1377,A,V,A1,1260-1479,220,Heparan_Sulfate_mimic,N/A,1,2B|2M,loss_of_function
VWF_R1374L_vs_GPIb_alpha,VWF_R1374L,1374,R,L,A1,1260-1479,220,GPIb_alpha,P07359,1,2B|2M,gain_of_function
VWF_R1374L_vs_Heparan_Sulfate_mimic,VWF_R1374L,1374,R,L,A1,1260-1479,220,Heparan_Sulfate_mimic,N/A,1,2B|2M,loss_of_function
VWF_R1374H_vs_GPIb_alpha,VWF_R1374H,1374,R,H,A1,1260-1479,220,GPIb_alpha,P07359,1,2B|2M,gain_of_function
VWF_R1374H_vs_Heparan_Sulfate_mimic,VWF_R1374H,1374,R,H,A1,1260-1479,220,Heparan_Sulfate_mimic,N/A,1,2B|2M,loss_of_function
VWF_P902S_vs_FVIII_LightChain,VWF_P902S,902,P,S,D3,866-1233,368,FVIII_LightChain,P00451,1,2N,loss_of_function
VWF_C1060R_vs_FVIII_LightChain,VWF_C1060R,1060,C,R,D3,866-1233,368,FVIII_LightChain,P00451,1,2N,loss_of_function
VWF_Q1053H_vs_FVIII_LightChain,VWF_Q1053H,1053,Q,H,D3,866-1233,368,FVIII_LightChain,P00451,1,2N,loss_of_function
VWF_G1172V_vs_FVIII_LightChain,VWF_G1172V,1172,G,V,D3,866-1233,368,FVIII_LightChain,P00451,1,2N,loss_of_function
VWF_C1169R_vs_FVIII_LightChain,VWF_C1169R,1169,C,R,D3,866-1233,368,FVIII_LightChain,P00451,1,2N,loss_of_function
VWF_C1165Y_vs_FVIII_LightChain,VWF_C1165Y,1165,C,Y,D3,866-1233,368,FVIII_LightChain,P00451,1,2N,loss_of_function
VWF_P1151L_vs_FVIII_LightChain,VWF_P1151L,1151,P,L,D3,866-1233,368,FVIII_LightChain,P00451,1,2N,loss_of_function
VWF_C1149R_vs_FVIII_LightChain,VWF_C1149R,1149,C,R,D3,866-1233,368,FVIII_LightChain,P00451,1,2N,loss_of_function
VWF_S1148R_vs_FVIII_LightChain,VWF_S1148R,1148,S,R,D3,866-1233,368,FVIII_LightChain,P00451,1,2N,loss_of_function
VWF_R1426H_vs_GPIb_alpha,VWF_R1426H,1426,R,H,A1,1260-1479,220,GPIb_alpha,P07359,1,2B|2M,gain_of_function
VWF_R1426H_vs_Heparan_Sulfate_mimic,VWF_R1426H,1426,R,H,A1,1260-1479,220,Heparan_Sulfate_mimic,N/A,1,2B|2M,loss_of_function
VWF_R1426S_vs_GPIb_alpha,VWF_R1426S,1426,R,S,A1,1260-1479,220,GPIb_alpha,P07359,1,2B|2M,gain_of_function
VWF_R1426S_vs_Heparan_Sulfate_mimic,VWF_R1426S,1426,R,S,A1,1260-1479,220,Heparan_Sulfate_mimic,N/A,1,2B|2M,loss_of_function
VWF_I1425F_vs_GPIb_alpha,VWF_I1425F,1425,I,F,A1,1260-1479,220,GPIb_alpha,P07359,1,2B|2M,gain_of_function
VWF_I1425F_vs_Heparan_Sulfate_mimic,VWF_I1425F,1425,I,F,A1,1260-1479,220,Heparan_Sulfate_mimic,N/A,1,2B|2M,loss_of_function
VWF_A1420T_vs_GPIb_alpha,VWF_A1420T,1420,A,T,A1,1260-1479,220,GPIb_alpha,P07359,1,2B|2M,gain_of_function
VWF_A1420T_vs_Heparan_Sulfate_mimic,VWF_A1420T,1420,A,T,A1,1260-1479,220,Heparan_Sulfate_mimic,N/A,1,2B|2M,loss_of_function
VWF_H1419Q_vs_GPIb_alpha,VWF_H1419Q,1419,H,Q,A1,1260-1479,220,GPIb_alpha,P07359,1,2B|2M,gain_of_function
VWF_H1419Q_vs_Heparan_Sulfate_mimic,VWF_H1419Q,1419,H,Q,A1,1260-1479,220,Heparan_Sulfate_mimic,N/A,1,2B|2M,loss_of_function
VWF_G1180V_vs_FVIII_LightChain,VWF_G1180V,1180,G,V,D3,866-1233,368,FVIII_LightChain,P00451,1,2N,loss_of_function
VWF_P1077T_vs_FVIII_LightChain,VWF_P1077T,1077,P,T,D3,866-1233,368,FVIII_LightChain,P00451,1,2N,loss_of_function
VWF_T1064N_vs_FVIII_LightChain,VWF_T1064N,1064,T,N,D3,866-1233,368,FVIII_LightChain,P00451,1,2N,loss_of_function
VWF_V1454I_vs_GPIb_alpha,VWF_V1454I,1454,V,I,A1,1260-1479,220,GPIb_alpha,P07359,1,2B|2M,gain_of_function
VWF_V1454I_vs_Heparan_Sulfate_mimic,VWF_V1454I,1454,V,I,A1,1260-1479,220,Heparan_Sulfate_mimic,N/A,1,2B|2M,loss_of_function
VWF_A2361P_vs_Collagen_I_THP,VWF_A2361P,2361,A,P,C2,2325-2392,68,Collagen_I_THP,P02452,3,2M,loss_of_function
VWF_A2361T_vs_Collagen_I_THP,VWF_A2361T,2361,A,T,C2,2325-2392,68,Collagen_I_THP,P02452,3,2M,loss_of_function
VWF_P1127S_vs_FVIII_LightChain,VWF_P1127S,1127,P,S,D3,866-1233,368,FVIII_LightChain,P00451,1,2N,loss_of_function
VWF_T2303P_vs_Collagen_I_THP,VWF_T2303P,2303,T,P,C1,2256-2324,69,Collagen_I_THP,P02452,3,2M,loss_of_function
VWF_C2325S_vs_Collagen_I_THP,VWF_C2325S,2325,C,S,C2,2325-2392,68,Collagen_I_THP,P02452,3,2M,loss_of_function
VWF_R1837W_vs_Collagen_I_THP,VWF_R1837W,1837,R,W,A3,1673-1874,202,Collagen_I_THP,P02452,3,2M,loss_of_function
VWF_V1820M_vs_Collagen_I_THP,VWF_V1820M,1820,V,M,A3,1673-1874,202,Collagen_I_THP,P02452,3,2M,loss_of_function
VWF_P1824R_vs_Collagen_I_THP,VWF_P1824R,1824,P,R,A3,1673-1874,202,Collagen_I_THP,P02452,3,2M,loss_of_function
VWF_P1824H_vs_Collagen_I_THP,VWF_P1824H,1824,P,H,A3,1673-1874,202,Collagen_I_THP,P02452,3,2M,loss_of_function
VWF_I1825T_vs_Collagen_I_THP,VWF_I1825T,1825,I,T,A3,1673-1874,202,Collagen_I_THP,P02452,3,2M,loss_of_function
VWF_R1830P_vs_Collagen_I_THP,VWF_R1830P,1830,R,P,A3,1673-1874,202,Collagen_I_THP,P02452,3,2M,loss_of_function
VWF_R1830H_vs_Collagen_I_THP,VWF_R1830H,1830,R,H,A3,1673-1874,202,Collagen_I_THP,P02452,3,2M,loss_of_function
VWF_F1867S_vs_Collagen_I_THP,VWF_F1867S,1867,F,S,A3,1673-1874,202,Collagen_I_THP,P02452,3,2M,loss_of_function
VWF_D1845N_vs_Collagen_I_THP,VWF_D1845N,1845,D,N,A3,1673-1874,202,Collagen_I_THP,P02452,3,2M,loss_of_function
VWF_P1842S_vs_Collagen_I_THP,VWF_P1842S,1842,P,S,A3,1673-1874,202,Collagen_I_THP,P02452,3,2M,loss_of_function
VWF_P1858S_vs_Collagen_I_THP,VWF_P1858S,1858,P,S,A3,1673-1874,202,Collagen_I_THP,P02452,3,2M,loss_of_function
VWF_D1832N_vs_Collagen_I_THP,VWF_D1832N,1832,D,N,A3,1673-1874,202,Collagen_I_THP,P02452,3,2M,loss_of_function
VWF_S1866F_vs_Collagen_I_THP,VWF_S1866F,1866,S,F,A3,1673-1874,202,Collagen_I_THP,P02452,3,2M,loss_of_function
VWF_A1840S_vs_Collagen_I_THP,VWF_A1840S,1840,A,S,A3,1673-1874,202,Collagen_I_THP,P02452,3,2M,loss_of_function
VWF_G1841V_vs_Collagen_I_THP,VWF_G1841V,1841,G,V,A3,1673-1874,202,Collagen_I_THP,P02452,3,2M,loss_of_function
VWF_I2258V_vs_Collagen_I_THP,VWF_I2258V,2258,I,V,C1,2256-2324,69,Collagen_I_THP,P02452,3,2M,loss_of_function
VWF_R2507G_vs_Integrin_alphaIIb_beta3,VWF_R2507G,2507,R,G,C4,2497-2577,81,Integrin_alphaIIb_beta3,P08514,1,2M,loss_of_function
VWF_R2507W_vs_Integrin_alphaIIb_beta3,VWF_R2507W,2507,R,W,C4,2497-2577,81,Integrin_alphaIIb_beta3,P08514,1,2M,loss_of_function
VWF_R2384Q_vs_Collagen_I_THP,VWF_R2384Q,2384,R,Q,C2,2325-2392,68,Collagen_I_THP,P02452,3,2M,loss_of_function
VWF_N2531S_vs_Integrin_alphaIIb_beta3,VWF_N2531S,2531,N,S,C4,2497-2577,81,Integrin_alphaIIb_beta3,P08514,1,2M,loss_of_function
VWF_V2501M_vs_Integrin_alphaIIb_beta3,VWF_V2501M,2501,V,M,C4,2497-2577,81,Integrin_alphaIIb_beta3,P08514,1,2M,loss_of_function
VWF_R2384L_vs_Collagen_I_THP,VWF_R2384L,2384,R,L,C2,2325-2392,68,Collagen_I_THP,P02452,3,2M,loss_of_function
VWF_P2372S_vs_Collagen_I_THP,VWF_P2372S,2372,P,S,C2,2325-2392,68,Collagen_I_THP,P02452,3,2M,loss_of_function
VWF_P2377L_vs_Collagen_I_THP,VWF_P2377L,2377,P,L,C2,2325-2392,68,Collagen_I_THP,P02452,3,2M,loss_of_function
VWF_G2518S_vs_Integrin_alphaIIb_beta3,VWF_G2518S,2518,G,S,C4,2497-2577,81,Integrin_alphaIIb_beta3,P08514,1,2M,loss_of_function
VWF_T2382I_vs_Collagen_I_THP,VWF_T2382I,2382,T,I,C2,2325-2392,68,Collagen_I_THP,P02452,3,2M,loss_of_function
VWF_Q2256H_vs_Collagen_I_THP,VWF_Q2256H,2256,Q,H,C1,2256-2324,69,Collagen_I_THP,P02452,3,2M,loss_of_function
VWF_E2322V_vs_Collagen_I_THP,VWF_E2322V,2322,E,V,C1,2256-2324,69,Collagen_I_THP,P02452,3,2M,loss_of_function
VWF_Y2392C_vs_Collagen_I_THP,VWF_Y2392C,2392,Y,C,C2,2325-2392,68,Collagen_I_THP,P02452,3,2M,loss_of_function
VWF_Q2318R_vs_Collagen_I_THP,VWF_Q2318R,2318,Q,R,C1,2256-2324,69,Collagen_I_THP,P02452,3,2M,loss_of_function
VWF_E2539V_vs_Integrin_alphaIIb_beta3,VWF_E2539V,2539,E,V,C4,2497-2577,81,Integrin_alphaIIb_beta3,P08514,1,2M,loss_of_function
VWF_R2535P_vs_Integrin_alphaIIb_beta3,VWF_R2535P,2535,R,P,C4,2497-2577,81,Integrin_alphaIIb_beta3,P08514,1,2M,loss_of_function
VWF_R2535Q_vs_Integrin_alphaIIb_beta3,VWF_R2535Q,2535,R,Q,C4,2497-2577,81,Integrin_alphaIIb_beta3,P08514,1,2M,loss_of_function
VWF_A2299V_vs_Collagen_I_THP,VWF_A2299V,2299,A,V,C1,2256-2324,69,Collagen_I_THP,P02452,3,2M,loss_of_function
VWF_W2514R_vs_Integrin_alphaIIb_beta3,VWF_W2514R,2514,W,R,C4,2497-2577,81,Integrin_alphaIIb_beta3,P08514,1,2M,loss_of_function
VWF_Y2392H_vs_Collagen_I_THP,VWF_Y2392H,2392,Y,H,C2,2325-2392,68,Collagen_I_THP,P02452,3,2M,loss_of_function
VWF_C2362W_vs_Collagen_I_THP,VWF_C2362W,2362,C,W,C2,2325-2392,68,Collagen_I_THP,P02452,3,2M,loss_of_function
VWF_E2366G_vs_Collagen_I_THP,VWF_E2366G,2366,E,G,C2,2325-2392,68,Collagen_I_THP,P02452,3,2M,loss_of_function
VWF_C2533W_vs_Integrin_alphaIIb_beta3,VWF_C2533W,2533,C,W,C4,2497-2577,81,Integrin_alphaIIb_beta3,P08514,1,2M,loss_of_function
VWF_W2271C_vs_Collagen_I_THP,VWF_W2271C,2271,W,C,C1,2256-2324,69,Collagen_I_THP,P02452,3,2M,loss_of_function
VWF_R2342C_vs_Collagen_I_THP,VWF_R2342C,2342,R,C,C2,2325-2392,68,Collagen_I_THP,P02452,3,2M,loss_of_function
VWF_E2308G_vs_Collagen_I_THP,VWF_E2308G,2308,E,G,C1,2256-2324,69,Collagen_I_THP,P02452,3,2M,loss_of_function
VWF_P2527S_vs_Integrin_alphaIIb_beta3,VWF_P2527S,2527,P,S,C4,2497-2577,81,Integrin_alphaIIb_beta3,P08514,1,2M,loss_of_function
VWF_R2311C_vs_Collagen_I_THP,VWF_R2311C,2311,R,C,C1,2256-2324,69,Collagen_I_THP,P02452,3,2M,loss_of_function
VWF_C2291R_vs_Collagen_I_THP,VWF_C2291R,2291,C,R,C1,2256-2324,69,Collagen_I_THP,P02452,3,2M,loss_of_function
VWF_G2560S_vs_Integrin_alphaIIb_beta3,VWF_G2560S,2560,G,S,C4,2497-2577,81,Integrin_alphaIIb_beta3,P08514,1,2M,loss_of_function
VWF_C2283R_vs_Collagen_I_THP,VWF_C2283R,2283,C,R,C1,2256-2324,69,Collagen_I_THP,P02452,3,2M,loss_of_function
VWF_P2550R_vs_Integrin_alphaIIb_beta3,VWF_P2550R,2550,P,R,C4,2497-2577,81,Integrin_alphaIIb_beta3,P08514,1,2M,loss_of_function
VWF_R2575H_vs_Integrin_alphaIIb_beta3,VWF_R2575H,2575,R,H,C4,2497-2577,81,Integrin_alphaIIb_beta3,P08514,1,2M,loss_of_function
VWF_P2550L_vs_Integrin_alphaIIb_beta3,VWF_P2550L,2550,P,L,C4,2497-2577,81,Integrin_alphaIIb_beta3,P08514,1,2M,loss_of_function
VWF_C2571Y_vs_Integrin_alphaIIb_beta3,VWF_C2571Y,2571,C,Y,C4,2497-2577,81,Integrin_alphaIIb_beta3,P08514,1,2M,loss_of_function
VWF_R2575L_vs_Integrin_alphaIIb_beta3,VWF_R2575L,2575,R,L,C4,2497-2577,81,Integrin_alphaIIb_beta3,P08514,1,2M,loss_of_function
VWF_R2369T_vs_Collagen_I_THP,VWF_R2369T,2369,R,T,C2,2325-2392,68,Collagen_I_THP,P02452,3,2M,loss_of_function
VWF_P2335S_vs_Collagen_I_THP,VWF_P2335S,2335,P,S,C2,2325-2392,68,Collagen_I_THP,P02452,3,2M,loss_of_function
VWF_R2287W_vs_Collagen_I_THP,VWF_R2287W,2287,R,W,C1,2256-2324,69,Collagen_I_THP,P02452,3,2M,loss_of_function
VWF_C2307S_vs_Collagen_I_THP,VWF_C2307S,2307,C,S,C1,2256-2324,69,Collagen_I_THP,P02452,3,2M,loss_of_function
VWF_S2497P_vs_Integrin_alphaIIb_beta3,VWF_S2497P,2497,S,P,C4,2497-2577,81,Integrin_alphaIIb_beta3,P08514,1,2M,loss_of_function
VWF_R2313H_vs_Collagen_I_THP,VWF_R2313H,2313,R,H,C1,2256-2324,69,Collagen_I_THP,P02452,3,2M,loss_of_function
VWF_P2527H_vs_Integrin_alphaIIb_beta3,VWF_P2527H,2527,P,H,C4,2497-2577,81,Integrin_alphaIIb_beta3,P08514,1,2M,loss_of_function
VWF_I2542K_vs_Integrin_alphaIIb_beta3,VWF_I2542K,2542,I,K,C4,2497-2577,81,Integrin_alphaIIb_beta3,P08514,1,2M,loss_of_function
VWF_A2569E_vs_Integrin_alphaIIb_beta3,VWF_A2569E,2569,A,E,C4,2497-2577,81,Integrin_alphaIIb_beta3,P08514,1,2M,loss_of_function
VWF_R2384W_vs_Collagen_I_THP,VWF_R2384W,2384,R,W,C2,2325-2392,68,Collagen_I_THP,P02452,3,2M,loss_of_function
VWF_A2522V_vs_Integrin_alphaIIb_beta3,VWF_A2522V,2522,A,V,C4,2497-2577,81,Integrin_alphaIIb_beta3,P08514,1,2M,loss_of_function
VWF_C2307Y_vs_Collagen_I_THP,VWF_C2307Y,2307,C,Y,C1,2256-2324,69,Collagen_I_THP,P02452,3,2M,loss_of_function
VWF_D2509N_vs_Integrin_alphaIIb_beta3,VWF_D2509N,2509,D,N,C4,2497-2577,81,Integrin_alphaIIb_beta3,P08514,1,2M,loss_of_function
VWF_P2336L_vs_Collagen_I_THP,VWF_P2336L,2336,P,L,C2,2325-2392,68,Collagen_I_THP,P02452,3,2M,loss_of_function
VWF_E2366D_vs_Collagen_I_THP,VWF_E2366D,2366,E,D,C2,2325-2392,68,Collagen_I_THP,P02452,3,2M,loss_of_function
VWF_P2321T_vs_Collagen_I_THP,VWF_P2321T,2321,P,T,C1,2256-2324,69,Collagen_I_THP,P02452,3,2M,loss_of_function
VWF_L2380F_vs_Collagen_I_THP,VWF_L2380F,2380,L,F,C2,2325-2392,68,Collagen_I_THP,P02452,3,2M,loss_of_function
VWF_E2353K_vs_Collagen_I_THP,VWF_E2353K,2353,E,K,C2,2325-2392,68,Collagen_I_THP,P02452,3,2M,loss_of_function
VWF_C2362F_vs_Collagen_I_THP,VWF_C2362F,2362,C,F,C2,2325-2392,68,Collagen_I_THP,P02452,3,2M,loss_of_function
VWF_R2379C_vs_Collagen_I_THP,VWF_R2379C,2379,R,C,C2,2325-2392,68,Collagen_I_THP,P02452,3,2M,loss_of_function
VWF_D2390E_vs_Collagen_I_THP,VWF_D2390E,2390,D,E,C2,2325-2392,68,Collagen_I_THP,P02452,3,2M,loss_of_function
VWF_G2518A_vs_Integrin_alphaIIb_beta3,VWF_G2518A,2518,G,A,C4,2497-2577,81,Integrin_alphaIIb_beta3,P08514,1,2M,loss_of_function
VWF_T2303M_vs_Collagen_I_THP,VWF_T2303M,2303,T,M,C1,2256-2324,69,Collagen_I_THP,P02452,3,2M,loss_of_function
VWF_V2547I_vs_Integrin_alphaIIb_beta3,VWF_V2547I,2547,V,I,C4,2497-2577,81,Integrin_alphaIIb_beta3,P08514,1,2M,loss_of_function
VWF_R2342H_vs_Collagen_I_THP,VWF_R2342H,2342,R,H,C2,2325-2392,68,Collagen_I_THP,P02452,3,2M,loss_of_function
VWF_P2273L_vs_Collagen_I_THP,VWF_P2273L,2273,P,L,C1,2256-2324,69,Collagen_I_THP,P02452,3,2M,loss_of_function
VWF_P2297L_vs_Collagen_I_THP,VWF_P2297L,2297,P,L,C1,2256-2324,69,Collagen_I_THP,P02452,3,2M,loss_of_function
VWF_S764R_vs_FVIII_LightChain,VWF_S764R,764,S,R,D_prime,764-865,102,FVIII_LightChain,P00451,1,2N,loss_of_function
VWF_R768W_vs_FVIII_LightChain,VWF_R768W,768,R,W,D_prime,764-865,102,FVIII_LightChain,P00451,1,2N,loss_of_function
VWF_M771I_vs_FVIII_LightChain,VWF_M771I,771,M,I,D_prime,764-865,102,FVIII_LightChain,P00451,1,2N,loss_of_function
VWF_N780K_vs_FVIII_LightChain,VWF_N780K,780,N,K,D_prime,764-865,102,FVIII_LightChain,P00451,1,2N,loss_of_function
VWF_R782Q_vs_FVIII_LightChain,VWF_R782Q,782,R,Q,D_prime,764-865,102,FVIII_LightChain,P00451,1,2N,loss_of_function
VWF_G785E_vs_FVIII_LightChain,VWF_G785E,785,G,E,D_prime,764-865,102,FVIII_LightChain,P00451,1,2N,loss_of_function
VWF_E787K_vs_FVIII_LightChain,VWF_E787K,787,E,K,D_prime,764-865,102,FVIII_LightChain,P00451,1,2N,loss_of_function
VWF_C788R_vs_FVIII_LightChain,VWF_C788R,788,C,R,D_prime,764-865,102,FVIII_LightChain,P00451,1,2N,loss_of_function
VWF_T789P_vs_FVIII_LightChain,VWF_T789P,789,T,P,D_prime,764-865,102,FVIII_LightChain,P00451,1,2N,loss_of_function
VWF_M800V_vs_FVIII_LightChain,VWF_M800V,800,M,V,D_prime,764-865,102,FVIII_LightChain,P00451,1,2N,loss_of_function
VWF_G833D_vs_FVIII_LightChain,VWF_G833D,833,G,D,D_prime,764-865,102,FVIII_LightChain,P00451,1,2N,loss_of_function
VWF_Q852G_vs_FVIII_LightChain,VWF_Q852G,852,Q,G,D_prime,764-865,102,FVIII_LightChain,P00451,1,2N,loss_of_function
VWF_C858F_vs_FVIII_LightChain,VWF_C858F,858,C,F,D_prime,764-865,102,FVIII_LightChain,P00451,1,2N,loss_of_function
VWF_G899S_vs_FVIII_LightChain,VWF_G899S,899,G,S,D3,866-1233,368,FVIII_LightChain,P00451,1,2N,loss_of_function
VWF_R924Q_vs_FVIII_LightChain,VWF_R924Q,924,R,Q,D3,866-1233,368,FVIII_LightChain,P00451,1,2N,loss_of_function
VWF_R960P_vs_FVIII_LightChain,VWF_R960P,960,R,P,D3,866-1233,368,FVIII_LightChain,P00451,1,2N,loss_of_function
VWF_I962L_vs_FVIII_LightChain,VWF_I962L,962,I,L,D3,866-1233,368,FVIII_LightChain,P00451,1,2N,loss_of_function
VWF_C993F_vs_FVIII_LightChain,VWF_C993F,993,C,F,D3,866-1233,368,FVIII_LightChain,P00451,1,2N,loss_of_function
VWF_C996G_vs_FVIII_LightChain,VWF_C996G,996,C,G,D3,866-1233,368,FVIII_LightChain,P00451,1,2N,loss_of_function
VWF_C996Y_vs_FVIII_LightChain,VWF_C996Y,996,C,Y,D3,866-1233,368,FVIII_LightChain,P00451,1,2N,loss_of_function
VWF_Q1030R_vs_FVIII_LightChain,VWF_Q1030R,1030,Q,R,D3,866-1233,368,FVIII_LightChain,P00451,1,2N,loss_of_function
VWF_P1043S_vs_FVIII_LightChain,VWF_P1043S,1043,P,S,D3,866-1233,368,FVIII_LightChain,P00451,1,2N,loss_of_function
VWF_T1054A_vs_FVIII_LightChain,VWF_T1054A,1054,T,A,D3,866-1233,368,FVIII_LightChain,P00451,1,2N,loss_of_function
VWF_T1054M_vs_FVIII_LightChain,VWF_T1054M,1054,T,M,D3,866-1233,368,FVIII_LightChain,P00451,1,2N,loss_of_function
VWF_M1055T_vs_FVIII_LightChain,VWF_M1055T,1055,M,T,D3,866-1233,368,FVIII_LightChain,P00451,1,2N,loss_of_function
VWF_L1063I_vs_FVIII_LightChain,VWF_L1063I,1063,L,I,D3,866-1233,368,FVIII_LightChain,P00451,1,2N,loss_of_function
VWF_D1066E_vs_FVIII_LightChain,VWF_D1066E,1066,D,E,D3,866-1233,368,FVIII_LightChain,P00451,1,2N,loss_of_function
VWF_C1071F_vs_FVIII_LightChain,VWF_C1071F,1071,C,F,D3,866-1233,368,FVIII_LightChain,P00451,1,2N,loss_of_function
VWF_C1101W_vs_FVIII_LightChain,VWF_C1101W,1101,C,W,D3,866-1233,368,FVIII_LightChain,P00451,1,2N,loss_of_function
VWF_C1111Y_vs_FVIII_LightChain,VWF_C1111Y,1111,C,Y,D3,866-1233,368,FVIII_LightChain,P00451,1,2N,loss_of_function
VWF_C1130R_vs_FVIII_LightChain,VWF_C1130R,1130,C,R,D3,866-1233,368,FVIII_LightChain,P00451,1,2N,loss_of_function
VWF_C1130G_vs_FVIII_LightChain,VWF_C1130G,1130,C,G,D3,866-1233,368,FVIII_LightChain,P00451,1,2N,loss_of_function
VWF_T1156M_vs_FVIII_LightChain,VWF_T1156M,1156,T,M,D3,866-1233,368,FVIII_LightChain,P00451,1,2N,loss_of_function
VWF_C1157F_vs_FVIII_LightChain,VWF_C1157F,1157,C,F,D3,866-1233,368,FVIII_LightChain,P00451,1,2N,loss_of_function
VWF_E1171Q_vs_FVIII_LightChain,VWF_E1171Q,1171,E,Q,D3,866-1233,368,FVIII_LightChain,P00451,1,2N,loss_of_function
VWF_E1171V_vs_FVIII_LightChain,VWF_E1171V,1171,E,V,D3,866-1233,368,FVIII_LightChain,P00451,1,2N,loss_of_function
VWF_P1179L_vs_FVIII_LightChain,VWF_P1179L,1179,P,L,D3,866-1233,368,FVIII_LightChain,P00451,1,2N,loss_of_function
VWF_G1180R_vs_FVIII_LightChain,VWF_G1180R,1180,G,R,D3,866-1233,368,FVIII_LightChain,P00451,1,2N,loss_of_function
VWF_C1190R_vs_FVIII_LightChain,VWF_C1190R,1190,C,R,D3,866-1233,368,FVIII_LightChain,P00451,1,2N,loss_of_function
VWF_C1196R_vs_FVIII_LightChain,VWF_C1196R,1196,C,R,D3,866-1233,368,FVIII_LightChain,P00451,1,2N,loss_of_function
VWF_C1196Y_vs_FVIII_LightChain,VWF_C1196Y,1196,C,Y,D3,866-1233,368,FVIII_LightChain,P00451,1,2N,loss_of_function
VWF_A1207S_vs_FVIII_LightChain,VWF_A1207S,1207,A,S,D3,866-1233,368,FVIII_LightChain,P00451,1,2N,loss_of_function
VWF_S1208P_vs_FVIII_LightChain,VWF_S1208P,1208,S,P,D3,866-1233,368,FVIII_LightChain,P00451,1,2N,loss_of_function
VWF_C1225G_vs_FVIII_LightChain,VWF_C1225G,1225,C,G,D3,866-1233,368,FVIII_LightChain,P00451,1,2N,loss_of_function
VWF_N1231S_vs_FVIII_LightChain,VWF_N1231S,1231,N,S,D3,866-1233,368,FVIII_LightChain,P00451,1,2N,loss_of_function
VWF_P1265L_vs_GPIb_alpha,VWF_P1265L,1265,P,L,A1,1260-1479,220,GPIb_alpha,P07359,1,2B|2M,gain_of_function
VWF_P1265L_vs_Heparan_Sulfate_mimic,VWF_P1265L,1265,P,L,A1,1260-1479,220,Heparan_Sulfate_mimic,N/A,1,2B|2M,loss_of_function
VWF_P1266Q_vs_GPIb_alpha,VWF_P1266Q,1266,P,Q,A1,1260-1479,220,GPIb_alpha,P07359,1,2B|2M,gain_of_function
VWF_P1266Q_vs_Heparan_Sulfate_mimic,VWF_P1266Q,1266,P,Q,A1,1260-1479,220,Heparan_Sulfate_mimic,N/A,1,2B|2M,loss_of_function
VWF_C1272S_vs_GPIb_alpha,VWF_C1272S,1272,C,S,A1,1260-1479,220,GPIb_alpha,P07359,1,2B|2M,gain_of_function
VWF_C1272S_vs_Heparan_Sulfate_mimic,VWF_C1272S,1272,C,S,A1,1260-1479,220,Heparan_Sulfate_mimic,N/A,1,2B|2M,loss_of_function
VWF_C1272F_vs_GPIb_alpha,VWF_C1272F,1272,C,F,A1,1260-1479,220,GPIb_alpha,P07359,1,2B|2M,gain_of_function
VWF_C1272F_vs_Heparan_Sulfate_mimic,VWF_C1272F,1272,C,F,A1,1260-1479,220,Heparan_Sulfate_mimic,N/A,1,2B|2M,loss_of_function
VWF_L1276P_vs_GPIb_alpha,VWF_L1276P,1276,L,P,A1,1260-1479,220,GPIb_alpha,P07359,1,2B|2M,gain_of_function
VWF_L1276P_vs_Heparan_Sulfate_mimic,VWF_L1276P,1276,L,P,A1,1260-1479,220,Heparan_Sulfate_mimic,N/A,1,2B|2M,loss_of_function
VWF_V1279A_vs_GPIb_alpha,VWF_V1279A,1279,V,A,A1,1260-1479,220,GPIb_alpha,P07359,1,2B|2M,gain_of_function
VWF_V1279A_vs_Heparan_Sulfate_mimic,VWF_V1279A,1279,V,A,A1,1260-1479,220,Heparan_Sulfate_mimic,N/A,1,2B|2M,loss_of_function
VWF_L1282P_vs_GPIb_alpha,VWF_L1282P,1282,L,P,A1,1260-1479,220,GPIb_alpha,P07359,1,2B|2M,gain_of_function
VWF_L1282P_vs_Heparan_Sulfate_mimic,VWF_L1282P,1282,L,P,A1,1260-1479,220,Heparan_Sulfate_mimic,N/A,1,2B|2M,loss_of_function
VWF_L1282R_vs_GPIb_alpha,VWF_L1282R,1282,L,R,A1,1260-1479,220,GPIb_alpha,P07359,1,2B|2M,gain_of_function
VWF_L1282R_vs_Heparan_Sulfate_mimic,VWF_L1282R,1282,L,R,A1,1260-1479,220,Heparan_Sulfate_mimic,N/A,1,2B|2M,loss_of_function
VWF_L1288R_vs_GPIb_alpha,VWF_L1288R,1288,L,R,A1,1260-1479,220,GPIb_alpha,P07359,1,2B|2M,gain_of_function
VWF_L1288R_vs_Heparan_Sulfate_mimic,VWF_L1288R,1288,L,R,A1,1260-1479,220,Heparan_Sulfate_mimic,N/A,1,2B|2M,loss_of_function
VWF_D1302G_vs_GPIb_alpha,VWF_D1302G,1302,D,G,A1,1260-1479,220,GPIb_alpha,P07359,1,2B|2M,gain_of_function
VWF_D1302G_vs_Heparan_Sulfate_mimic,VWF_D1302G,1302,D,G,A1,1260-1479,220,Heparan_Sulfate_mimic,N/A,1,2B|2M,loss_of_function
VWF_D1302E_vs_GPIb_alpha,VWF_D1302E,1302,D,E,A1,1260-1479,220,GPIb_alpha,P07359,1,2B|2M,gain_of_function
VWF_D1302E_vs_Heparan_Sulfate_mimic,VWF_D1302E,1302,D,E,A1,1260-1479,220,Heparan_Sulfate_mimic,N/A,1,2B|2M,loss_of_function
VWF_M1304V_vs_GPIb_alpha,VWF_M1304V,1304,M,V,A1,1260-1479,220,GPIb_alpha,P07359,1,2B|2M,gain_of_function
VWF_M1304V_vs_Heparan_Sulfate_mimic,VWF_M1304V,1304,M,V,A1,1260-1479,220,Heparan_Sulfate_mimic,N/A,1,2B|2M,loss_of_function
VWF_R1315C_vs_GPIb_alpha,VWF_R1315C,1315,R,C,A1,1260-1479,220,GPIb_alpha,P07359,1,2B|2M,gain_of_function
VWF_R1315C_vs_Heparan_Sulfate_mimic,VWF_R1315C,1315,R,C,A1,1260-1479,220,Heparan_Sulfate_mimic,N/A,1,2B|2M,loss_of_function
VWF_R1341W_vs_GPIb_alpha,VWF_R1341W,1341,R,W,A1,1260-1479,220,GPIb_alpha,P07359,1,2B|2M,gain_of_function
VWF_R1341W_vs_Heparan_Sulfate_mimic,VWF_R1341W,1341,R,W,A1,1260-1479,220,Heparan_Sulfate_mimic,N/A,1,2B|2M,loss_of_function
VWF_K1362T_vs_GPIb_alpha,VWF_K1362T,1362,K,T,A1,1260-1479,220,GPIb_alpha,P07359,1,2B|2M,gain_of_function
VWF_K1362T_vs_Heparan_Sulfate_mimic,VWF_K1362T,1362,K,T,A1,1260-1479,220,Heparan_Sulfate_mimic,N/A,1,2B|2M,loss_of_function
VWF_I1372S_vs_GPIb_alpha,VWF_I1372S,1372,I,S,A1,1260-1479,220,GPIb_alpha,P07359,1,2B|2M,gain_of_function
VWF_I1372S_vs_Heparan_Sulfate_mimic,VWF_I1372S,1372,I,S,A1,1260-1479,220,Heparan_Sulfate_mimic,N/A,1,2B|2M,loss_of_function
VWF_R1379C_vs_GPIb_alpha,VWF_R1379C,1379,R,C,A1,1260-1479,220,GPIb_alpha,P07359,1,2B|2M,gain_of_function
VWF_R1379C_vs_Heparan_Sulfate_mimic,VWF_R1379C,1379,R,C,A1,1260-1479,220,Heparan_Sulfate_mimic,N/A,1,2B|2M,loss_of_function
VWF_L1383P_vs_GPIb_alpha,VWF_L1383P,1383,L,P,A1,1260-1479,220,GPIb_alpha,P07359,1,2B|2M,gain_of_function
VWF_L1383P_vs_Heparan_Sulfate_mimic,VWF_L1383P,1383,L,P,A1,1260-1479,220,Heparan_Sulfate_mimic,N/A,1,2B|2M,loss_of_function
VWF_L1383R_vs_GPIb_alpha,VWF_L1383R,1383,L,R,A1,1260-1479,220,GPIb_alpha,P07359,1,2B|2M,gain_of_function
VWF_L1383R_vs_Heparan_Sulfate_mimic,VWF_L1383R,1383,L,R,A1,1260-1479,220,Heparan_Sulfate_mimic,N/A,1,2B|2M,loss_of_function
VWF_S1394F_vs_GPIb_alpha,VWF_S1394F,1394,S,F,A1,1260-1479,220,GPIb_alpha,P07359,1,2B|2M,gain_of_function
VWF_S1394F_vs_Heparan_Sulfate_mimic,VWF_S1394F,1394,S,F,A1,1260-1479,220,Heparan_Sulfate_mimic,N/A,1,2B|2M,loss_of_function
VWF_R1395Q_vs_GPIb_alpha,VWF_R1395Q,1395,R,Q,A1,1260-1479,220,GPIb_alpha,P07359,1,2B|2M,gain_of_function
VWF_R1395Q_vs_Heparan_Sulfate_mimic,VWF_R1395Q,1395,R,Q,A1,1260-1479,220,Heparan_Sulfate_mimic,N/A,1,2B|2M,loss_of_function
VWF_G1403R_vs_GPIb_alpha,VWF_G1403R,1403,G,R,A1,1260-1479,220,GPIb_alpha,P07359,1,2B|2M,gain_of_function
VWF_G1403R_vs_Heparan_Sulfate_mimic,VWF_G1403R,1403,G,R,A1,1260-1479,220,Heparan_Sulfate_mimic,N/A,1,2B|2M,loss_of_function
VWF_I1416N_vs_GPIb_alpha,VWF_I1416N,1416,I,N,A1,1260-1479,220,GPIb_alpha,P07359,1,2B|2M,gain_of_function
VWF_I1416N_vs_Heparan_Sulfate_mimic,VWF_I1416N,1416,I,N,A1,1260-1479,220,Heparan_Sulfate_mimic,N/A,1,2B|2M,loss_of_function
VWF_I1416T_vs_GPIb_alpha,VWF_I1416T,1416,I,T,A1,1260-1479,220,GPIb_alpha,P07359,1,2B|2M,gain_of_function
VWF_I1416T_vs_Heparan_Sulfate_mimic,VWF_I1416T,1416,I,T,A1,1260-1479,220,Heparan_Sulfate_mimic,N/A,1,2B|2M,loss_of_function
VWF_P1418S_vs_GPIb_alpha,VWF_P1418S,1418,P,S,A1,1260-1479,220,GPIb_alpha,P07359,1,2B|2M,gain_of_function
VWF_P1418S_vs_Heparan_Sulfate_mimic,VWF_P1418S,1418,P,S,A1,1260-1479,220,Heparan_Sulfate_mimic,N/A,1,2B|2M,loss_of_function
VWF_V1439G_vs_GPIb_alpha,VWF_V1439G,1439,V,G,A1,1260-1479,220,GPIb_alpha,P07359,1,2B|2M,gain_of_function
VWF_V1439G_vs_Heparan_Sulfate_mimic,VWF_V1439G,1439,V,G,A1,1260-1479,220,Heparan_Sulfate_mimic,N/A,1,2B|2M,loss_of_function
VWF_E1447Q_vs_GPIb_alpha,VWF_E1447Q,1447,E,Q,A1,1260-1479,220,GPIb_alpha,P07359,1,2B|2M,gain_of_function
VWF_E1447Q_vs_Heparan_Sulfate_mimic,VWF_E1447Q,1447,E,Q,A1,1260-1479,220,Heparan_Sulfate_mimic,N/A,1,2B|2M,loss_of_function
VWF_Y1456D_vs_GPIb_alpha,VWF_Y1456D,1456,Y,D,A1,1260-1479,220,GPIb_alpha,P07359,1,2B|2M,gain_of_function
VWF_Y1456D_vs_Heparan_Sulfate_mimic,VWF_Y1456D,1456,Y,D,A1,1260-1479,220,Heparan_Sulfate_mimic,N/A,1,2B|2M,loss_of_function
VWF_C1458Y_vs_GPIb_alpha,VWF_C1458Y,1458,C,Y,A1,1260-1479,220,GPIb_alpha,P07359,1,2B|2M,gain_of_function
VWF_C1458Y_vs_Heparan_Sulfate_mimic,VWF_C1458Y,1458,C,Y,A1,1260-1479,220,Heparan_Sulfate_mimic,N/A,1,2B|2M,loss_of_function
VWF_P1462A_vs_GPIb_alpha,VWF_P1462A,1462,P,A,A1,1260-1479,220,GPIb_alpha,P07359,1,2B|2M,gain_of_function
VWF_P1462A_vs_Heparan_Sulfate_mimic,VWF_P1462A,1462,P,A,A1,1260-1479,220,Heparan_Sulfate_mimic,N/A,1,2B|2M,loss_of_function
VWF_S1486L_vs_ADAMTS13_Spacer,VWF_S1486L,1486,S,L,A2,1480-1672,193,ADAMTS13_Spacer,Q76LX8,1,2A,cleavage
VWF_G1505R_vs_ADAMTS13_Spacer,VWF_G1505R,1505,G,R,A2,1480-1672,193,ADAMTS13_Spacer,Q76LX8,1,2A,cleavage
VWF_G1505E_vs_ADAMTS13_Spacer,VWF_G1505E,1505,G,E,A2,1480-1672,193,ADAMTS13_Spacer,Q76LX8,1,2A,cleavage
VWF_K1518E_vs_ADAMTS13_Spacer,VWF_K1518E,1518,K,E,A2,1480-1672,193,ADAMTS13_Spacer,Q76LX8,1,2A,cleavage
VWF_M1521T_vs_ADAMTS13_Spacer,VWF_M1521T,1521,M,T,A2,1480-1672,193,ADAMTS13_Spacer,Q76LX8,1,2A,cleavage
VWF_Q1526R_vs_ADAMTS13_Spacer,VWF_Q1526R,1526,Q,R,A2,1480-1672,193,ADAMTS13_Spacer,Q76LX8,1,2A,cleavage
VWF_R1527Q_vs_ADAMTS13_Spacer,VWF_R1527Q,1527,R,Q,A2,1480-1672,193,ADAMTS13_Spacer,Q76LX8,1,2A,cleavage
VWF_V1537I_vs_ADAMTS13_Spacer,VWF_V1537I,1537,V,I,A2,1480-1672,193,ADAMTS13_Spacer,Q76LX8,1,2A,cleavage
VWF_V1539E_vs_ADAMTS13_Spacer,VWF_V1539E,1539,V,E,A2,1480-1672,193,ADAMTS13_Spacer,Q76LX8,1,2A,cleavage
VWF_L1540P_vs_ADAMTS13_Spacer,VWF_L1540P,1540,L,P,A2,1480-1672,193,ADAMTS13_Spacer,Q76LX8,1,2A,cleavage
VWF_R1564W_vs_ADAMTS13_Spacer,VWF_R1564W,1564,R,W,A2,1480-1672,193,ADAMTS13_Spacer,Q76LX8,1,2A,cleavage
VWF_I1568N_vs_ADAMTS13_Spacer,VWF_I1568N,1568,I,N,A2,1480-1672,193,ADAMTS13_Spacer,Q76LX8,1,2A,cleavage
VWF_L1580V_vs_ADAMTS13_Spacer,VWF_L1580V,1580,L,V,A2,1480-1672,193,ADAMTS13_Spacer,Q76LX8,1,2A,cleavage
VWF_L1580P_vs_ADAMTS13_Spacer,VWF_L1580P,1580,L,P,A2,1480-1672,193,ADAMTS13_Spacer,Q76LX8,1,2A,cleavage
VWF_Y1584C_vs_ADAMTS13_Spacer,VWF_Y1584C,1584,Y,C,A2,1480-1672,193,ADAMTS13_Spacer,Q76LX8,1,2A,cleavage
VWF_L1603P_vs_ADAMTS13_Spacer,VWF_L1603P,1603,L,P,A2,1480-1672,193,ADAMTS13_Spacer,Q76LX8,1,2A,cleavage
VWF_G1609R_vs_ADAMTS13_Spacer,VWF_G1609R,1609,G,R,A2,1480-1672,193,ADAMTS13_Spacer,Q76LX8,1,2A,cleavage
VWF_V1626E_vs_ADAMTS13_Spacer,VWF_V1626E,1626,V,E,A2,1480-1672,193,ADAMTS13_Spacer,Q76LX8,1,2A,cleavage
VWF_P1627H_vs_ADAMTS13_Spacer,VWF_P1627H,1627,P,H,A2,1480-1672,193,ADAMTS13_Spacer,Q76LX8,1,2A,cleavage
VWF_V1630E_vs_ADAMTS13_Spacer,VWF_V1630E,1630,V,E,A2,1480-1672,193,ADAMTS13_Spacer,Q76LX8,1,2A,cleavage
VWF_G1631D_vs_ADAMTS13_Spacer,VWF_G1631D,1631,G,D,A2,1480-1672,193,ADAMTS13_Spacer,Q76LX8,1,2A,cleavage
VWF_L1639P_vs_ADAMTS13_Spacer,VWF_L1639P,1639,L,P,A2,1480-1672,193,ADAMTS13_Spacer,Q76LX8,1,2A,cleavage
VWF_G1643V_vs_ADAMTS13_Spacer,VWF_G1643V,1643,G,V,A2,1480-1672,193,ADAMTS13_Spacer,Q76LX8,1,2A,cleavage
VWF_P1648R_vs_ADAMTS13_Spacer,VWF_P1648R,1648,P,R,A2,1480-1672,193,ADAMTS13_Spacer,Q76LX8,1,2A,cleavage
VWF_T1679P_vs_Collagen_I_THP,VWF_T1679P,1679,T,P,A3,1673-1874,202,Collagen_I_THP,P02452,3,2M,loss_of_function
VWF_S1701G_vs_Collagen_I_THP,VWF_S1701G,1701,S,G,A3,1673-1874,202,Collagen_I_THP,P02452,3,2M,loss_of_function
VWF_S1731T_vs_Collagen_I_THP,VWF_S1731T,1731,S,T,A3,1673-1874,202,Collagen_I_THP,P02452,3,2M,loss_of_function
VWF_S1756G_vs_Collagen_I_THP,VWF_S1756G,1756,S,G,A3,1673-1874,202,Collagen_I_THP,P02452,3,2M,loss_of_function
VWF_V1760I_vs_Collagen_I_THP,VWF_V1760I,1760,V,I,A3,1673-1874,202,Collagen_I_THP,P02452,3,2M,loss_of_function
VWF_R1763Q_vs_Collagen_I_THP,VWF_R1763Q,1763,R,Q,A3,1673-1874,202,Collagen_I_THP,P02452,3,2M,loss_of_function
VWF_G1771A_vs_Collagen_I_THP,VWF_G1771A,1771,G,A,A3,1673-1874,202,Collagen_I_THP,P02452,3,2M,loss_of_function
VWF_H1786D_vs_Collagen_I_THP,VWF_H1786D,1786,H,D,A3,1673-1874,202,Collagen_I_THP,P02452,3,2M,loss_of_function
VWF_A1795V_vs_Collagen_I_THP,VWF_A1795V,1795,A,V,A3,1673-1874,202,Collagen_I_THP,P02452,3,2M,loss_of_function
VWF_R1819K_vs_Collagen_I_THP,VWF_R1819K,1819,R,K,A3,1673-1874,202,Collagen_I_THP,P02452,3,2M,loss_of_function
VWF_V1822G_vs_Collagen_I_THP,VWF_V1822G,1822,V,G,A3,1673-1874,202,Collagen_I_THP,P02452,3,2M,loss_of_function
VWF_I1825V_vs_Collagen_I_THP,VWF_I1825V,1825,I,V,A3,1673-1874,202,Collagen_I_THP,P02452,3,2M,loss_of_function
VWF_R1837Q_vs_Collagen_I_THP,VWF_R1837Q,1837,R,Q,A3,1673-1874,202,Collagen_I_THP,P02452,3,2M,loss_of_function
VWF_V1849M_vs_Collagen_I_THP,VWF_V1849M,1849,V,M,A3,1673-1874,202,Collagen_I_THP,P02452,3,2M,loss_of_function
VWF_I1854T_vs_Collagen_I_THP,VWF_I1854T,1854,I,T,A3,1673-1874,202,Collagen_I_THP,P02452,3,2M,loss_of_function
VWF_F1867L_vs_Collagen_I_THP,VWF_F1867L,1867,F,L,A3,1673-1874,202,Collagen_I_THP,P02452,3,2M,loss_of_function
VWF_C2257S_vs_Collagen_I_THP,VWF_C2257S,2257,C,S,C1,2256-2324,69,Collagen_I_THP,P02452,3,2M,loss_of_function
VWF_Q2276R_vs_Collagen_I_THP,VWF_Q2276R,2276,Q,R,C1,2256-2324,69,Collagen_I_THP,P02452,3,2M,loss_of_function
VWF_T2282I_vs_Collagen_I_THP,VWF_T2282I,2282,T,I,C1,2256-2324,69,Collagen_I_THP,P02452,3,2M,loss_of_function
VWF_T2282M_vs_Collagen_I_THP,VWF_T2282M,2282,T,M,C1,2256-2324,69,Collagen_I_THP,P02452,3,2M,loss_of_function
VWF_R2287Q_vs_Collagen_I_THP,VWF_R2287Q,2287,R,Q,C1,2256-2324,69,Collagen_I_THP,P02452,3,2M,loss_of_function
VWF_C2304Y_vs_Collagen_I_THP,VWF_C2304Y,2304,C,Y,C1,2256-2324,69,Collagen_I_THP,P02452,3,2M,loss_of_function
VWF_R2311H_vs_Collagen_I_THP,VWF_R2311H,2311,R,H,C1,2256-2324,69,Collagen_I_THP,P02452,3,2M,loss_of_function
VWF_R2313C_vs_Collagen_I_THP,VWF_R2313C,2313,R,C,C1,2256-2324,69,Collagen_I_THP,P02452,3,2M,loss_of_function
VWF_C2340R_vs_Collagen_I_THP,VWF_C2340R,2340,C,R,C2,2325-2392,68,Collagen_I_THP,P02452,3,2M,loss_of_function
VWF_E2341A_vs_Collagen_I_THP,VWF_E2341A,2341,E,A,C2,2325-2392,68,Collagen_I_THP,P02452,3,2M,loss_of_function
VWF_G2343V_vs_Collagen_I_THP,VWF_G2343V,2343,G,V,C2,2325-2392,68,Collagen_I_THP,P02452,3,2M,loss_of_function
VWF_T2347P_vs_Collagen_I_THP,VWF_T2347P,2347,T,P,C2,2325-2392,68,Collagen_I_THP,P02452,3,2M,loss_of_function
VWF_E2353D_vs_Collagen_I_THP,VWF_E2353D,2353,E,D,C2,2325-2392,68,Collagen_I_THP,P02452,3,2M,loss_of_function
VWF_N2357I_vs_Collagen_I_THP,VWF_N2357I,2357,N,I,C2,2325-2392,68,Collagen_I_THP,P02452,3,2M,loss_of_function
VWF_A2498D_vs_Integrin_alphaIIb_beta3,VWF_A2498D,2498,A,D,C4,2497-2577,81,Integrin_alphaIIb_beta3,P08514,1,2M,loss_of_function
VWF_Q2520P_vs_Integrin_alphaIIb_beta3,VWF_Q2520P,2520,Q,P,C4,2497-2577,81,Integrin_alphaIIb_beta3,P08514,1,2M,loss_of_function
VWF_Q2520R_vs_Integrin_alphaIIb_beta3,VWF_Q2520R,2520,Q,R,C4,2497-2577,81,Integrin_alphaIIb_beta3,P08514,1,2M,loss_of_function
VWF_I2542V_vs_Integrin_alphaIIb_beta3,VWF_I2542V,2542,I,V,C4,2497-2577,81,Integrin_alphaIIb_beta3,P08514,1,2M,loss_of_function
VWF_N2546Y_vs_Integrin_alphaIIb_beta3,VWF_N2546Y,2546,N,Y,C4,2497-2577,81,Integrin_alphaIIb_beta3,P08514,1,2M,loss_of_function
VWF_L2552Q_vs_Integrin_alphaIIb_beta3,VWF_L2552Q,2552,L,Q,C4,2497-2577,81,Integrin_alphaIIb_beta3,P08514,1,2M,loss_of_function
VWF_P2555A_vs_Integrin_alphaIIb_beta3,VWF_P2555A,2555,P,A,C4,2497-2577,81,Integrin_alphaIIb_beta3,P08514,1,2M,loss_of_function
VWF_P2555L_vs_Integrin_alphaIIb_beta3,VWF_P2555L,2555,P,L,C4,2497-2577,81,Integrin_alphaIIb_beta3,P08514,1,2M,loss_of_function
VWF_S2573R_vs_Integrin_alphaIIb_beta3,VWF_S2573R,2573,S,R,C4,2497-2577,81,Integrin_alphaIIb_beta3,P08514,1,2M,loss_of_function
