job_name,variant_id,position,wt_aa,mut_aa,domain,domain_range,domain_seq_len,ligand_key,ligand_uniprot,n_ligand_chains,vwf_subtypes,interaction_type,priority
VWF_G1531D_vs_ADAMTS13_Spacer,VWF_G1531D,1531,G,D,A2,1480-1672,193,ADAMTS13_Spacer,Q76LX8,1,2A,cleavage,2
VWF_T1538K_vs_ADAMTS13_Spacer,VWF_T1538K,1538,T,K,A2,1480-1672,193,ADAMTS13_Spacer,Q76LX8,1,2A,cleavage,2
VWF_P1551L_vs_ADAMTS13_Spacer,VWF_P1551L,1551,P,L,A2,1480-1672,193,ADAMTS13_Spacer,Q76LX8,1,2A,cleavage,2
VWF_V1524G_vs_ADAMTS13_Spacer,VWF_V1524G,1524,V,G,A2,1480-1672,193,ADAMTS13_Spacer,Q76LX8,1,2A,cleavage,2
VWF_V1546E_vs_ADAMTS13_Spacer,VWF_V1546E,1546,V,E,A2,1480-1672,193,ADAMTS13_Spacer,Q76LX8,1,2A,cleavage,2
VWF_V1546G_vs_ADAMTS13_Spacer,VWF_V1546G,1546,V,G,A2,1480-1672,193,ADAMTS13_Spacer,Q76LX8,1,2A,cleavage,2
VWF_M771V_vs_FVIII_LightChain,VWF_M771V,771,M,V,D_prime,764-865,102,FVIII_LightChain,P00451,1,2N,loss_of_function,2
VWF_Y1086C_vs_FVIII_LightChain,VWF_Y1086C,1086,Y,C,D3,866-1233,368,FVIII_LightChain,P00451,1,2N,loss_of_function,2
VWF_E1078K_vs_FVIII_LightChain,VWF_E1078K,1078,E,K,D3,866-1233,368,FVIII_LightChain,P00451,1,2N,loss_of_function,2
VWF_W1120S_vs_FVIII_LightChain,VWF_W1120S,1120,W,S,D3,866-1233,368,FVIII_LightChain,P00451,1,2N,loss_of_function,2
VWF_Q2551R_vs_Integrin_alphaIIb_beta3,VWF_Q2551R,2551,Q,R,C4,2497-2577,81,Integrin_alphaIIb_beta3,P08514,1,2M,loss_of_function,2
VWF_V2540D_vs_Integrin_alphaIIb_beta3,VWF_V2540D,2540,V,D,C4,2497-2577,81,Integrin_alphaIIb_beta3,P08514,1,2M,loss_of_function,2
VWF_V2540A_vs_Integrin_alphaIIb_beta3,VWF_V2540A,2540,V,A,C4,2497-2577,81,Integrin_alphaIIb_beta3,P08514,1,2M,loss_of_function,2
VWF_Q895R_vs_FVIII_LightChain,VWF_Q895R,895,Q,R,D3,866-1233,368,FVIII_LightChain,P00451,1,2N,loss_of_function,2
VWF_A778T_vs_FVIII_LightChain,VWF_A778T,778,A,T,D_prime,764-865,102,FVIII_LightChain,P00451,1,2N,loss_of_function,2
VWF_M1495L_vs_ADAMTS13_Spacer,VWF_M1495L,1495,M,L,A2,1480-1672,193,ADAMTS13_Spacer,Q76LX8,1,2A,cleavage,2
VWF_R1492S_vs_ADAMTS13_Spacer,VWF_R1492S,1492,R,S,A2,1480-1672,193,ADAMTS13_Spacer,Q76LX8,1,2A,cleavage,2
VWF_V1499E_vs_ADAMTS13_Spacer,VWF_V1499E,1499,V,E,A2,1480-1672,193,ADAMTS13_Spacer,Q76LX8,1,2A,cleavage,2
VWF_K1491N_vs_ADAMTS13_Spacer,VWF_K1491N,1491,K,N,A2,1480-1672,193,ADAMTS13_Spacer,Q76LX8,1,2A,cleavage,2
VWF_T1008N_vs_FVIII_LightChain,VWF_T1008N,1008,T,N,D3,866-1233,368,FVIII_LightChain,P00451,1,2N,loss_of_function,2
VWF_N998S_vs_FVIII_LightChain,VWF_N998S,998,N,S,D3,866-1233,368,FVIII_LightChain,P00451,1,2N,loss_of_function,2
VWF_G997R_vs_FVIII_LightChain,VWF_G997R,997,G,R,D3,866-1233,368,FVIII_LightChain,P00451,1,2N,loss_of_function,2
VWF_L781V_vs_FVIII_LightChain,VWF_L781V,781,L,V,D_prime,764-865,102,FVIII_LightChain,P00451,1,2N,loss_of_function,2
VWF_A1500E_vs_ADAMTS13_Spacer,VWF_A1500E,1500,A,E,A2,1480-1672,193,ADAMTS13_Spacer,Q76LX8,1,2A,cleavage,2
VWF_A1500V_vs_ADAMTS13_Spacer,VWF_A1500V,1500,A,V,A2,1480-1672,193,ADAMTS13_Spacer,Q76LX8,1,2A,cleavage,2
VWF_C1031Y_vs_FVIII_LightChain,VWF_C1031Y,1031,C,Y,D3,866-1233,368,FVIII_LightChain,P00451,1,2N,loss_of_function,2
VWF_R782W_vs_FVIII_LightChain,VWF_R782W,782,R,W,D_prime,764-865,102,FVIII_LightChain,P00451,1,2N,loss_of_function,2
VWF_V1604F_vs_ADAMTS13_Spacer,VWF_V1604F,1604,V,F,A2,1480-1672,193,ADAMTS13_Spacer,Q76LX8,1,2A,cleavage,2
VWF_D1040Y_vs_FVIII_LightChain,VWF_D1040Y,1040,D,Y,D3,866-1233,368,FVIII_LightChain,P00451,1,2N,loss_of_function,2
VWF_D1040N_vs_FVIII_LightChain,VWF_D1040N,1040,D,N,D3,866-1233,368,FVIII_LightChain,P00451,1,2N,loss_of_function,2
VWF_C788Y_vs_FVIII_LightChain,VWF_C788Y,788,C,Y,D_prime,764-865,102,FVIII_LightChain,P00451,1,2N,loss_of_function,2
VWF_S1042Y_vs_FVIII_LightChain,VWF_S1042Y,1042,S,Y,D3,866-1233,368,FVIII_LightChain,P00451,1,2N,loss_of_function,2
VWF_H1536P_vs_ADAMTS13_Spacer,VWF_H1536P,1536,H,P,A2,1480-1672,193,ADAMTS13_Spacer,Q76LX8,1,2A,cleavage,2
VWF_V1607D_vs_ADAMTS13_Spacer,VWF_V1607D,1607,V,D,A2,1480-1672,193,ADAMTS13_Spacer,Q76LX8,1,2A,cleavage,2
VWF_R1035G_vs_FVIII_LightChain,VWF_R1035G,1035,R,G,D3,866-1233,368,FVIII_LightChain,P00451,1,2N,loss_of_function,2
VWF_A1612P_vs_ADAMTS13_Spacer,VWF_A1612P,1612,A,P,A2,1480-1672,193,ADAMTS13_Spacer,Q76LX8,1,2A,cleavage,2
VWF_G1579R_vs_ADAMTS13_Spacer,VWF_G1579R,1579,G,R,A2,1480-1672,193,ADAMTS13_Spacer,Q76LX8,1,2A,cleavage,2
VWF_A1032V_vs_FVIII_LightChain,VWF_A1032V,1032,A,V,D3,866-1233,368,FVIII_LightChain,P00451,1,2N,loss_of_function,2
VWF_R1597G_vs_ADAMTS13_Spacer,VWF_R1597G,1597,R,G,A2,1480-1672,193,ADAMTS13_Spacer,Q76LX8,1,2A,cleavage,2
VWF_D796V_vs_FVIII_LightChain,VWF_D796V,796,D,V,D_prime,764-865,102,FVIII_LightChain,P00451,1,2N,loss_of_function,2
VWF_C799Y_vs_FVIII_LightChain,VWF_C799Y,799,C,Y,D_prime,764-865,102,FVIII_LightChain,P00451,1,2N,loss_of_function,2
VWF_D1498N_vs_ADAMTS13_Spacer,VWF_D1498N,1498,D,N,A2,1480-1672,193,ADAMTS13_Spacer,Q76LX8,1,2A,cleavage,2
VWF_H1047Y_vs_FVIII_LightChain,VWF_H1047Y,1047,H,Y,D3,866-1233,368,FVIII_LightChain,P00451,1,2N,loss_of_function,2
VWF_S1058F_vs_FVIII_LightChain,VWF_S1058F,1058,S,F,D3,866-1233,368,FVIII_LightChain,P00451,1,2N,loss_of_function,2
VWF_V1056G_vs_FVIII_LightChain,VWF_V1056G,1056,V,G,D3,866-1233,368,FVIII_LightChain,P00451,1,2N,loss_of_function,2
VWF_M1055V_vs_FVIII_LightChain,VWF_M1055V,1055,M,V,D3,866-1233,368,FVIII_LightChain,P00451,1,2N,loss_of_function,2
VWF_C849Y_vs_FVIII_LightChain,VWF_C849Y,849,C,Y,D_prime,764-865,102,FVIII_LightChain,P00451,1,2N,loss_of_function,2
VWF_D896Y_vs_FVIII_LightChain,VWF_D896Y,896,D,Y,D3,866-1233,368,FVIII_LightChain,P00451,1,2N,loss_of_function,2
VWF_S1543F_vs_ADAMTS13_Spacer,VWF_S1543F,1543,S,F,A2,1480-1672,193,ADAMTS13_Spacer,Q76LX8,1,2A,cleavage,2
VWF_C849F_vs_FVIII_LightChain,VWF_C849F,849,C,F,D_prime,764-865,102,FVIII_LightChain,P00451,1,2N,loss_of_function,2
VWF_G871D_vs_FVIII_LightChain,VWF_G871D,871,G,D,D3,866-1233,368,FVIII_LightChain,P00451,1,2N,loss_of_function,2
VWF_N857S_vs_FVIII_LightChain,VWF_N857S,857,N,S,D_prime,764-865,102,FVIII_LightChain,P00451,1,2N,loss_of_function,2
VWF_R854Q_vs_FVIII_LightChain,VWF_R854Q,854,R,Q,D_prime,764-865,102,FVIII_LightChain,P00451,1,2N,loss_of_function,2
VWF_G880R_vs_FVIII_LightChain,VWF_G880R,880,G,R,D3,866-1233,368,FVIII_LightChain,P00451,1,2N,loss_of_function,2
VWF_D879E_vs_FVIII_LightChain,VWF_D879E,879,D,E,D3,866-1233,368,FVIII_LightChain,P00451,1,2N,loss_of_function,2
VWF_C846G_vs_FVIII_LightChain,VWF_C846G,846,C,G,D_prime,764-865,102,FVIII_LightChain,P00451,1,2N,loss_of_function,2
VWF_V842E_vs_FVIII_LightChain,VWF_V842E,842,V,E,D_prime,764-865,102,FVIII_LightChain,P00451,1,2N,loss_of_function,2
VWF_P838L_vs_FVIII_LightChain,VWF_P838L,838,P,L,D_prime,764-865,102,FVIII_LightChain,P00451,1,2N,loss_of_function,2
VWF_Q852E_vs_FVIII_LightChain,VWF_Q852E,852,Q,E,D_prime,764-865,102,FVIII_LightChain,P00451,1,2N,loss_of_function,2
VWF_T869M_vs_FVIII_LightChain,VWF_T869M,869,T,M,D3,866-1233,368,FVIII_LightChain,P00451,1,2N,loss_of_function,2
VWF_Q1541R_vs_ADAMTS13_Spacer,VWF_Q1541R,1541,Q,R,A2,1480-1672,193,ADAMTS13_Spacer,Q76LX8,1,2A,cleavage,2
VWF_Y1542C_vs_ADAMTS13_Spacer,VWF_Y1542C,1542,Y,C,A2,1480-1672,193,ADAMTS13_Spacer,Q76LX8,1,2A,cleavage,2
VWF_D1498G_vs_ADAMTS13_Spacer,VWF_D1498G,1498,D,G,A2,1480-1672,193,ADAMTS13_Spacer,Q76LX8,1,2A,cleavage,2
VWF_S981P_vs_FVIII_LightChain,VWF_S981P,981,S,P,D3,866-1233,368,FVIII_LightChain,P00451,1,2N,loss_of_function,2
VWF_S979N_vs_FVIII_LightChain,VWF_S979N,979,S,N,D3,866-1233,368,FVIII_LightChain,P00451,1,2N,loss_of_function,2
VWF_E1504G_vs_ADAMTS13_Spacer,VWF_E1504G,1504,E,G,A2,1480-1672,193,ADAMTS13_Spacer,Q76LX8,1,2A,cleavage,2
VWF_S1506L_vs_ADAMTS13_Spacer,VWF_S1506L,1506,S,L,A2,1480-1672,193,ADAMTS13_Spacer,Q76LX8,1,2A,cleavage,2
VWF_S1506W_vs_ADAMTS13_Spacer,VWF_S1506W,1506,S,W,A2,1480-1672,193,ADAMTS13_Spacer,Q76LX8,1,2A,cleavage,2
VWF_S1543C_vs_ADAMTS13_Spacer,VWF_S1543C,1543,S,C,A2,1480-1672,193,ADAMTS13_Spacer,Q76LX8,1,2A,cleavage,2
VWF_N847S_vs_FVIII_LightChain,VWF_N847S,847,N,S,D_prime,764-865,102,FVIII_LightChain,P00451,1,2N,loss_of_function,2
VWF_V972M_vs_FVIII_LightChain,VWF_V972M,972,V,M,D3,866-1233,368,FVIII_LightChain,P00451,1,2N,loss_of_function,2
VWF_S1059P_vs_FVIII_LightChain,VWF_S1059P,1059,S,P,D3,866-1233,368,FVIII_LightChain,P00451,1,2N,loss_of_function,2
VWF_R960W_vs_FVIII_LightChain,VWF_R960W,960,R,W,D3,866-1233,368,FVIII_LightChain,P00451,1,2N,loss_of_function,2
VWF_V955L_vs_FVIII_LightChain,VWF_V955L,955,V,L,D3,866-1233,368,FVIII_LightChain,P00451,1,2N,loss_of_function,2
VWF_M947V_vs_FVIII_LightChain,VWF_M947V,947,M,V,D3,866-1233,368,FVIII_LightChain,P00451,1,2N,loss_of_function,2
VWF_C849S_vs_FVIII_LightChain,VWF_C849S,849,C,S,D_prime,764-865,102,FVIII_LightChain,P00451,1,2N,loss_of_function,2
VWF_L893R_vs_FVIII_LightChain,VWF_L893R,893,L,R,D3,866-1233,368,FVIII_LightChain,P00451,1,2N,loss_of_function,2
VWF_E935K_vs_FVIII_LightChain,VWF_E935K,935,E,K,D3,866-1233,368,FVIII_LightChain,P00451,1,2N,loss_of_function,2
VWF_R924W_vs_FVIII_LightChain,VWF_R924W,924,R,W,D3,866-1233,368,FVIII_LightChain,P00451,1,2N,loss_of_function,2
VWF_H916P_vs_FVIII_LightChain,VWF_H916P,916,H,P,D3,866-1233,368,FVIII_LightChain,P00451,1,2N,loss_of_function,2
VWF_R976H_vs_FVIII_LightChain,VWF_R976H,976,R,H,D3,866-1233,368,FVIII_LightChain,P00451,1,2N,loss_of_function,2
VWF_R976C_vs_FVIII_LightChain,VWF_R976C,976,R,C,D3,866-1233,368,FVIII_LightChain,P00451,1,2N,loss_of_function,2
VWF_C1060Y_vs_FVIII_LightChain,VWF_C1060Y,1060,C,Y,D3,866-1233,368,FVIII_LightChain,P00451,1,2N,loss_of_function,2
VWF_A1600V_vs_ADAMTS13_Spacer,VWF_A1600V,1600,A,V,A2,1480-1672,193,ADAMTS13_Spacer,Q76LX8,1,2A,cleavage,2
VWF_C1190Y_vs_FVIII_LightChain,VWF_C1190Y,1190,C,Y,D3,866-1233,368,FVIII_LightChain,P00451,1,2N,loss_of_function,2
VWF_C1130W_vs_FVIII_LightChain,VWF_C1130W,1130,C,W,D3,866-1233,368,FVIII_LightChain,P00451,1,2N,loss_of_function,2
VWF_N1147D_vs_FVIII_LightChain,VWF_N1147D,1147,N,D,D3,866-1233,368,FVIII_LightChain,P00451,1,2N,loss_of_function,2
VWF_Y1146C_vs_FVIII_LightChain,VWF_Y1146C,1146,Y,C,D3,866-1233,368,FVIII_LightChain,P00451,1,2N,loss_of_function,2
VWF_C1177Y_vs_FVIII_LightChain,VWF_C1177Y,1177,C,Y,D3,866-1233,368,FVIII_LightChain,P00451,1,2N,loss_of_function,2
VWF_D1195G_vs_FVIII_LightChain,VWF_D1195G,1195,D,G,D3,866-1233,368,FVIII_LightChain,P00451,1,2N,loss_of_function,2
VWF_C1190F_vs_FVIII_LightChain,VWF_C1190F,1190,C,F,D3,866-1233,368,FVIII_LightChain,P00451,1,2N,loss_of_function,2
VWF_C1173R_vs_FVIII_LightChain,VWF_C1173R,1173,C,R,D3,866-1233,368,FVIII_LightChain,P00451,1,2N,loss_of_function,2
VWF_P1151S_vs_FVIII_LightChain,VWF_P1151S,1151,P,S,D3,866-1233,368,FVIII_LightChain,P00451,1,2N,loss_of_function,2
VWF_D1184N_vs_FVIII_LightChain,VWF_D1184N,1184,D,N,D3,866-1233,368,FVIII_LightChain,P00451,1,2N,loss_of_function,2
VWF_C1670S_vs_ADAMTS13_Spacer,VWF_C1670S,1670,C,S,A2,1480-1672,193,ADAMTS13_Spacer,Q76LX8,1,2A,cleavage,2
VWF_E1638K_vs_ADAMTS13_Spacer,VWF_E1638K,1638,E,K,A2,1480-1672,193,ADAMTS13_Spacer,Q76LX8,1,2A,cleavage,2
VWF_R816W_vs_FVIII_LightChain,VWF_R816W,816,R,W,D_prime,764-865,102,FVIII_LightChain,P00451,1,2N,loss_of_function,2
VWF_R816Q_vs_FVIII_LightChain,VWF_R816Q,816,R,Q,D_prime,764-865,102,FVIII_LightChain,P00451,1,2N,loss_of_function,2
VWF_R826K_vs_FVIII_LightChain,VWF_R826K,826,R,K,D_prime,764-865,102,FVIII_LightChain,P00451,1,2N,loss_of_function,2
VWF_G813D_vs_FVIII_LightChain,VWF_G813D,813,G,D,D_prime,764-865,102,FVIII_LightChain,P00451,1,2N,loss_of_function,2
VWF_I1628T_vs_ADAMTS13_Spacer,VWF_I1628T,1628,I,T,A2,1480-1672,193,ADAMTS13_Spacer,Q76LX8,1,2A,cleavage,2
VWF_G1629R_vs_ADAMTS13_Spacer,VWF_G1629R,1629,G,R,A2,1480-1672,193,ADAMTS13_Spacer,Q76LX8,1,2A,cleavage,2
VWF_E1638Q_vs_ADAMTS13_Spacer,VWF_E1638Q,1638,E,Q,A2,1480-1672,193,ADAMTS13_Spacer,Q76LX8,1,2A,cleavage,2
VWF_R1641K_vs_ADAMTS13_Spacer,VWF_R1641K,1641,R,K,A2,1480-1672,193,ADAMTS13_Spacer,Q76LX8,1,2A,cleavage,2
VWF_V1630M_vs_ADAMTS13_Spacer,VWF_V1630M,1630,V,M,A2,1480-1672,193,ADAMTS13_Spacer,Q76LX8,1,2A,cleavage,2
VWF_G1631S_vs_ADAMTS13_Spacer,VWF_G1631S,1631,G,S,A2,1480-1672,193,ADAMTS13_Spacer,Q76LX8,1,2A,cleavage,2
VWF_P1632S_vs_ADAMTS13_Spacer,VWF_P1632S,1632,P,S,A2,1480-1672,193,ADAMTS13_Spacer,Q76LX8,1,2A,cleavage,2
VWF_C767R_vs_FVIII_LightChain,VWF_C767R,767,C,R,D_prime,764-865,102,FVIII_LightChain,P00451,1,2N,loss_of_function,2
VWF_D1560E_vs_ADAMTS13_Spacer,VWF_D1560E,1560,D,E,A2,1480-1672,193,ADAMTS13_Spacer,Q76LX8,1,2A,cleavage,2
VWF_L1562P_vs_ADAMTS13_Spacer,VWF_L1562P,1562,L,P,A2,1480-1672,193,ADAMTS13_Spacer,Q76LX8,1,2A,cleavage,2
VWF_R1569C_vs_ADAMTS13_Spacer,VWF_R1569C,1569,R,C,A2,1480-1672,193,ADAMTS13_Spacer,Q76LX8,1,2A,cleavage,2
VWF_L876F_vs_FVIII_LightChain,VWF_L876F,876,L,F,D3,866-1233,368,FVIII_LightChain,P00451,1,2N,loss_of_function,2
VWF_R1597W_vs_ADAMTS13_Spacer,VWF_R1597W,1597,R,W,A2,1480-1672,193,ADAMTS13_Spacer,Q76LX8,1,2A,cleavage,2
VWF_R1569H_vs_ADAMTS13_Spacer,VWF_R1569H,1569,R,H,A2,1480-1672,193,ADAMTS13_Spacer,Q76LX8,1,2A,cleavage,2
VWF_N1574Y_vs_ADAMTS13_Spacer,VWF_N1574Y,1574,N,Y,A2,1480-1672,193,ADAMTS13_Spacer,Q76LX8,1,2A,cleavage,2
VWF_R1575K_vs_ADAMTS13_Spacer,VWF_R1575K,1575,R,K,A2,1480-1672,193,ADAMTS13_Spacer,Q76LX8,1,2A,cleavage,2
VWF_T1576N_vs_ADAMTS13_Spacer,VWF_T1576N,1576,T,N,A2,1480-1672,193,ADAMTS13_Spacer,Q76LX8,1,2A,cleavage,2
VWF_T1578N_vs_ADAMTS13_Spacer,VWF_T1578N,1578,T,N,A2,1480-1672,193,ADAMTS13_Spacer,Q76LX8,1,2A,cleavage,2
VWF_T1578I_vs_ADAMTS13_Spacer,VWF_T1578I,1578,T,I,A2,1480-1672,193,ADAMTS13_Spacer,Q76LX8,1,2A,cleavage,2
VWF_E1549K_vs_ADAMTS13_Spacer,VWF_E1549K,1549,E,K,A2,1480-1672,193,ADAMTS13_Spacer,Q76LX8,1,2A,cleavage,2
VWF_L876H_vs_FVIII_LightChain,VWF_L876H,876,L,H,D3,866-1233,368,FVIII_LightChain,P00451,1,2N,loss_of_function,2
VWF_R768Q_vs_FVIII_LightChain,VWF_R768Q,768,R,Q,D_prime,764-865,102,FVIII_LightChain,P00451,1,2N,loss_of_function,2
VWF_P769H_vs_FVIII_LightChain,VWF_P769H,769,P,H,D_prime,764-865,102,FVIII_LightChain,P00451,1,2N,loss_of_function,2
VWF_S764N_vs_FVIII_LightChain,VWF_S764N,764,S,N,D_prime,764-865,102,FVIII_LightChain,P00451,1,2N,loss_of_function,2
VWF_S1613P_vs_ADAMTS13_Spacer,VWF_S1613P,1613,S,P,A2,1480-1672,193,ADAMTS13_Spacer,Q76LX8,1,2A,cleavage,2
VWF_S1613A_vs_ADAMTS13_Spacer,VWF_S1613A,1613,S,A,A2,1480-1672,193,ADAMTS13_Spacer,Q76LX8,1,2A,cleavage,2
VWF_D1614N_vs_ADAMTS13_Spacer,VWF_D1614N,1614,D,N,A2,1480-1672,193,ADAMTS13_Spacer,Q76LX8,1,2A,cleavage,2
VWF_F1654I_vs_ADAMTS13_Spacer,VWF_F1654I,1654,F,I,A2,1480-1672,193,ADAMTS13_Spacer,Q76LX8,1,2A,cleavage,2
VWF_I1628N_vs_ADAMTS13_Spacer,VWF_I1628N,1628,I,N,A2,1480-1672,193,ADAMTS13_Spacer,Q76LX8,1,2A,cleavage,2
VWF_P1662S_vs_ADAMTS13_Spacer,VWF_P1662S,1662,P,S,A2,1480-1672,193,ADAMTS13_Spacer,Q76LX8,1,2A,cleavage,2
VWF_V1665E_vs_ADAMTS13_Spacer,VWF_V1665E,1665,V,E,A2,1480-1672,193,ADAMTS13_Spacer,Q76LX8,1,2A,cleavage,2
VWF_C1670Y_vs_ADAMTS13_Spacer,VWF_C1670Y,1670,C,Y,A2,1480-1672,193,ADAMTS13_Spacer,Q76LX8,1,2A,cleavage,2
VWF_P1648S_vs_ADAMTS13_Spacer,VWF_P1648S,1648,P,S,A2,1480-1672,193,ADAMTS13_Spacer,Q76LX8,1,2A,cleavage,2
VWF_G1672R_vs_ADAMTS13_Spacer,VWF_G1672R,1672,G,R,A2,1480-1672,193,ADAMTS13_Spacer,Q76LX8,1,2A,cleavage,2
VWF_N1633D_vs_ADAMTS13_Spacer,VWF_N1633D,1633,N,D,A2,1480-1672,193,ADAMTS13_Spacer,Q76LX8,1,2A,cleavage,2
VWF_V1626L_vs_ADAMTS13_Spacer,VWF_V1626L,1626,V,L,A2,1480-1672,193,ADAMTS13_Spacer,Q76LX8,1,2A,cleavage,2
VWF_V982M_vs_FVIII_LightChain,VWF_V982M,982,V,M,D3,866-1233,368,FVIII_LightChain,P00451,1,2N,loss_of_function,2
VWF_V982L_vs_FVIII_LightChain,VWF_V982L,982,V,L,D3,866-1233,368,FVIII_LightChain,P00451,1,2N,loss_of_function,2
VWF_G1643S_vs_ADAMTS13_Spacer,VWF_G1643S,1643,G,S,A2,1480-1672,193,ADAMTS13_Spacer,Q76LX8,1,2A,cleavage,2
VWF_V1636M_vs_ADAMTS13_Spacer,VWF_V1636M,1636,V,M,A2,1480-1672,193,ADAMTS13_Spacer,Q76LX8,1,2A,cleavage,2
VWF_G1629E_vs_ADAMTS13_Spacer,VWF_G1629E,1629,G,E,A2,1480-1672,193,ADAMTS13_Spacer,Q76LX8,1,2A,cleavage,2
VWF_P1627T_vs_ADAMTS13_Spacer,VWF_P1627T,1627,P,T,A2,1480-1672,193,ADAMTS13_Spacer,Q76LX8,1,2A,cleavage,2
VWF_V1625L_vs_ADAMTS13_Spacer,VWF_V1625L,1625,V,L,A2,1480-1672,193,ADAMTS13_Spacer,Q76LX8,1,2A,cleavage,2
VWF_P770S_vs_FVIII_LightChain,VWF_P770S,770,P,S,D_prime,764-865,102,FVIII_LightChain,P00451,1,2N,loss_of_function,2
VWF_T1656M_vs_ADAMTS13_Spacer,VWF_T1656M,1656,T,M,A2,1480-1672,193,ADAMTS13_Spacer,Q76LX8,1,2A,cleavage,2
VWF_D1614E_vs_ADAMTS13_Spacer,VWF_D1614E,1614,D,E,A2,1480-1672,193,ADAMTS13_Spacer,Q76LX8,1,2A,cleavage,2
VWF_D1614G_vs_ADAMTS13_Spacer,VWF_D1614G,1614,D,G,A2,1480-1672,193,ADAMTS13_Spacer,Q76LX8,1,2A,cleavage,2
VWF_R1668S_vs_ADAMTS13_Spacer,VWF_R1668S,1668,R,S,A2,1480-1672,193,ADAMTS13_Spacer,Q76LX8,1,2A,cleavage,2
VWF_G1609E_vs_ADAMTS13_Spacer,VWF_G1609E,1609,G,E,A2,1480-1672,193,ADAMTS13_Spacer,Q76LX8,1,2A,cleavage,2
VWF_M814L_vs_FVIII_LightChain,VWF_M814L,814,M,L,D_prime,764-865,102,FVIII_LightChain,P00451,1,2N,loss_of_function,2
VWF_P812L_vs_FVIII_LightChain,VWF_P812L,812,P,L,D_prime,764-865,102,FVIII_LightChain,P00451,1,2N,loss_of_function,2
VWF_P812Q_vs_FVIII_LightChain,VWF_P812Q,812,P,Q,D_prime,764-865,102,FVIII_LightChain,P00451,1,2N,loss_of_function,2
VWF_C804F_vs_FVIII_LightChain,VWF_C804F,804,C,F,D_prime,764-865,102,FVIII_LightChain,P00451,1,2N,loss_of_function,2
VWF_V1502I_vs_ADAMTS13_Spacer,VWF_V1502I,1502,V,I,A2,1480-1672,193,ADAMTS13_Spacer,Q76LX8,1,2A,cleavage,2
VWF_G939R_vs_FVIII_LightChain,VWF_G939R,939,G,R,D3,866-1233,368,FVIII_LightChain,P00451,1,2N,loss_of_function,2
VWF_I934T_vs_FVIII_LightChain,VWF_I934T,934,I,T,D3,866-1233,368,FVIII_LightChain,P00451,1,2N,loss_of_function,2
VWF_L1657I_vs_ADAMTS13_Spacer,VWF_L1657I,1657,L,I,A2,1480-1672,193,ADAMTS13_Spacer,Q76LX8,1,2A,cleavage,2
VWF_V1604G_vs_ADAMTS13_Spacer,VWF_V1604G,1604,V,G,A2,1480-1672,193,ADAMTS13_Spacer,Q76LX8,1,2A,cleavage,2
VWF_V775M_vs_FVIII_LightChain,VWF_V775M,775,V,M,D_prime,764-865,102,FVIII_LightChain,P00451,1,2N,loss_of_function,2
VWF_R1597L_vs_ADAMTS13_Spacer,VWF_R1597L,1597,R,L,A2,1480-1672,193,ADAMTS13_Spacer,Q76LX8,1,2A,cleavage,2
VWF_R1597Q_vs_ADAMTS13_Spacer,VWF_R1597Q,1597,R,Q,A2,1480-1672,193,ADAMTS13_Spacer,Q76LX8,1,2A,cleavage,2
VWF_R1583W_vs_ADAMTS13_Spacer,VWF_R1583W,1583,R,W,A2,1480-1672,193,ADAMTS13_Spacer,Q76LX8,1,2A,cleavage,2
VWF_G1573S_vs_ADAMTS13_Spacer,VWF_G1573S,1573,G,S,A2,1480-1672,193,ADAMTS13_Spacer,Q76LX8,1,2A,cleavage,2
VWF_Y795C_vs_FVIII_LightChain,VWF_Y795C,795,Y,C,D_prime,764-865,102,FVIII_LightChain,P00451,1,2N,loss_of_function,2
VWF_C792W_vs_FVIII_LightChain,VWF_C792W,792,C,W,D_prime,764-865,102,FVIII_LightChain,P00451,1,2N,loss_of_function,2
VWF_C792R_vs_FVIII_LightChain,VWF_C792R,792,C,R,D_prime,764-865,102,FVIII_LightChain,P00451,1,2N,loss_of_function,2
VWF_T791M_vs_FVIII_LightChain,VWF_T791M,791,T,M,D_prime,764-865,102,FVIII_LightChain,P00451,1,2N,loss_of_function,2
VWF_K790N_vs_FVIII_LightChain,VWF_K790N,790,K,N,D_prime,764-865,102,FVIII_LightChain,P00451,1,2N,loss_of_function,2
VWF_L1657P_vs_ADAMTS13_Spacer,VWF_L1657P,1657,L,P,A2,1480-1672,193,ADAMTS13_Spacer,Q76LX8,1,2A,cleavage,2
VWF_S1517R_vs_ADAMTS13_Spacer,VWF_S1517R,1517,S,R,A2,1480-1672,193,ADAMTS13_Spacer,Q76LX8,1,2A,cleavage,2
VWF_L1657H_vs_ADAMTS13_Spacer,VWF_L1657H,1657,L,H,A2,1480-1672,193,ADAMTS13_Spacer,Q76LX8,1,2A,cleavage,2
VWF_L1657F_vs_ADAMTS13_Spacer,VWF_L1657F,1657,L,F,A2,1480-1672,193,ADAMTS13_Spacer,Q76LX8,1,2A,cleavage,2
VWF_R1205H_vs_FVIII_LightChain,VWF_R1205H,1205,R,H,D3,866-1233,368,FVIII_LightChain,P00451,1,2N,loss_of_function,2
VWF_R1205C_vs_FVIII_LightChain,VWF_R1205C,1205,R,C,D3,866-1233,368,FVIII_LightChain,P00451,1,2N,loss_of_function,2
VWF_R1204Q_vs_FVIII_LightChain,VWF_R1204Q,1204,R,Q,D3,866-1233,368,FVIII_LightChain,P00451,1,2N,loss_of_function,2
VWF_R1204W_vs_FVIII_LightChain,VWF_R1204W,1204,R,W,D3,866-1233,368,FVIII_LightChain,P00451,1,2N,loss_of_function,2
VWF_E1185K_vs_FVIII_LightChain,VWF_E1185K,1185,E,K,D3,866-1233,368,FVIII_LightChain,P00451,1,2N,loss_of_function,2
VWF_S1208L_vs_FVIII_LightChain,VWF_S1208L,1208,S,L,D3,866-1233,368,FVIII_LightChain,P00451,1,2N,loss_of_function,2
VWF_R1205L_vs_FVIII_LightChain,VWF_R1205L,1205,R,L,D3,866-1233,368,FVIII_LightChain,P00451,1,2N,loss_of_function,2
VWF_R1205S_vs_FVIII_LightChain,VWF_R1205S,1205,R,S,D3,866-1233,368,FVIII_LightChain,P00451,1,2N,loss_of_function,2
VWF_C1130Y_vs_FVIII_LightChain,VWF_C1130Y,1130,C,Y,D3,866-1233,368,FVIII_LightChain,P00451,1,2N,loss_of_function,2
VWF_R1145H_vs_FVIII_LightChain,VWF_R1145H,1145,R,H,D3,866-1233,368,FVIII_LightChain,P00451,1,2N,loss_of_function,2
VWF_W1144G_vs_FVIII_LightChain,VWF_W1144G,1144,W,G,D3,866-1233,368,FVIII_LightChain,P00451,1,2N,loss_of_function,2
VWF_R1136Q_vs_FVIII_LightChain,VWF_R1136Q,1136,R,Q,D3,866-1233,368,FVIII_LightChain,P00451,1,2N,loss_of_function,2
VWF_R1136W_vs_FVIII_LightChain,VWF_R1136W,1136,R,W,D3,866-1233,368,FVIII_LightChain,P00451,1,2N,loss_of_function,2
VWF_E1131K_vs_FVIII_LightChain,VWF_E1131K,1131,E,K,D3,866-1233,368,FVIII_LightChain,P00451,1,2N,loss_of_function,2
VWF_C1130F_vs_FVIII_LightChain,VWF_C1130F,1130,C,F,D3,866-1233,368,FVIII_LightChain,P00451,1,2N,loss_of_function,2
VWF_C1142F_vs_FVIII_LightChain,VWF_C1142F,1142,C,F,D3,866-1233,368,FVIII_LightChain,P00451,1,2N,loss_of_function,2
VWF_V1110M_vs_FVIII_LightChain,VWF_V1110M,1110,V,M,D3,866-1233,368,FVIII_LightChain,P00451,1,2N,loss_of_function,2
VWF_Y1107C_vs_FVIII_LightChain,VWF_Y1107C,1107,Y,C,D3,866-1233,368,FVIII_LightChain,P00451,1,2N,loss_of_function,2
VWF_A1105D_vs_FVIII_LightChain,VWF_A1105D,1105,A,D,D3,866-1233,368,FVIII_LightChain,P00451,1,2N,loss_of_function,2
VWF_C1126Y_vs_FVIII_LightChain,VWF_C1126Y,1126,C,Y,D3,866-1233,368,FVIII_LightChain,P00451,1,2N,loss_of_function,2
VWF_C1126R_vs_FVIII_LightChain,VWF_C1126R,1126,C,R,D3,866-1233,368,FVIII_LightChain,P00451,1,2N,loss_of_function,2
VWF_T1045I_vs_FVIII_LightChain,VWF_T1045I,1045,T,I,D3,866-1233,368,FVIII_LightChain,P00451,1,2N,loss_of_function,2
VWF_G994V_vs_FVIII_LightChain,VWF_G994V,994,G,V,D3,866-1233,368,FVIII_LightChain,P00451,1,2N,loss_of_function,2
VWF_G994D_vs_FVIII_LightChain,VWF_G994D,994,G,D,D3,866-1233,368,FVIII_LightChain,P00451,1,2N,loss_of_function,2
VWF_V1485I_vs_ADAMTS13_Spacer,VWF_V1485I,1485,V,I,A2,1480-1672,193,ADAMTS13_Spacer,Q76LX8,1,2A,cleavage,2
VWF_P1480L_vs_ADAMTS13_Spacer,VWF_P1480L,1480,P,L,A2,1480-1672,193,ADAMTS13_Spacer,Q76LX8,1,2A,cleavage,2
VWF_P917L_vs_FVIII_LightChain,VWF_P917L,917,P,L,D3,866-1233,368,FVIII_LightChain,P00451,1,2N,loss_of_function,2
VWF_S915N_vs_FVIII_LightChain,VWF_S915N,915,S,N,D3,866-1233,368,FVIII_LightChain,P00451,1,2N,loss_of_function,2
VWF_T1122M_vs_FVIII_LightChain,VWF_T1122M,1122,T,M,D3,866-1233,368,FVIII_LightChain,P00451,1,2N,loss_of_function,2
VWF_F1514C_vs_ADAMTS13_Spacer,VWF_F1514C,1514,F,C,A2,1480-1672,193,ADAMTS13_Spacer,Q76LX8,1,2A,cleavage,2
VWF_L1503R_vs_ADAMTS13_Spacer,VWF_L1503R,1503,L,R,A2,1480-1672,193,ADAMTS13_Spacer,Q76LX8,1,2A,cleavage,2
VWF_L1503P_vs_ADAMTS13_Spacer,VWF_L1503P,1503,L,P,A2,1480-1672,193,ADAMTS13_Spacer,Q76LX8,1,2A,cleavage,2
VWF_L1503Q_vs_ADAMTS13_Spacer,VWF_L1503Q,1503,L,Q,A2,1480-1672,193,ADAMTS13_Spacer,Q76LX8,1,2A,cleavage,2
VWF_V1502F_vs_ADAMTS13_Spacer,VWF_V1502F,1502,V,F,A2,1480-1672,193,ADAMTS13_Spacer,Q76LX8,1,2A,cleavage,2
VWF_T866R_vs_FVIII_LightChain,VWF_T866R,866,T,R,D3,866-1233,368,FVIII_LightChain,P00451,1,2N,loss_of_function,2
VWF_K855N_vs_FVIII_LightChain,VWF_K855N,855,K,N,D_prime,764-865,102,FVIII_LightChain,P00451,1,2N,loss_of_function,2
VWF_R854W_vs_FVIII_LightChain,VWF_R854W,854,R,W,D_prime,764-865,102,FVIII_LightChain,P00451,1,2N,loss_of_function,2
VWF_V1548M_vs_ADAMTS13_Spacer,VWF_V1548M,1548,V,M,A2,1480-1672,193,ADAMTS13_Spacer,Q76LX8,1,2A,cleavage,2
VWF_W1120C_vs_FVIII_LightChain,VWF_W1120C,1120,W,C,D3,866-1233,368,FVIII_LightChain,P00451,1,2N,loss_of_function,2
VWF_D1529N_vs_ADAMTS13_Spacer,VWF_D1529N,1529,D,N,A2,1480-1672,193,ADAMTS13_Spacer,Q76LX8,1,2A,cleavage,2
VWF_Q1556R_vs_ADAMTS13_Spacer,VWF_Q1556R,1556,Q,R,A2,1480-1672,193,ADAMTS13_Spacer,Q76LX8,1,2A,cleavage,2
VWF_D879N_vs_FVIII_LightChain,VWF_D879N,879,D,N,D3,866-1233,368,FVIII_LightChain,P00451,1,2N,loss_of_function,2
VWF_A873V_vs_FVIII_LightChain,VWF_A873V,873,A,V,D3,866-1233,368,FVIII_LightChain,P00451,1,2N,loss_of_function,2
VWF_G871S_vs_FVIII_LightChain,VWF_G871S,871,G,S,D3,866-1233,368,FVIII_LightChain,P00451,1,2N,loss_of_function,2
VWF_C1101G_vs_FVIII_LightChain,VWF_C1101G,1101,C,G,D3,866-1233,368,FVIII_LightChain,P00451,1,2N,loss_of_function,2
VWF_C1101R_vs_FVIII_LightChain,VWF_C1101R,1101,C,R,D3,866-1233,368,FVIII_LightChain,P00451,1,2N,loss_of_function,2
VWF_A1098T_vs_FVIII_LightChain,VWF_A1098T,1098,A,T,D3,866-1233,368,FVIII_LightChain,P00451,1,2N,loss_of_function,2
VWF_D1096H_vs_FVIII_LightChain,VWF_D1096H,1096,D,H,D3,866-1233,368,FVIII_LightChain,P00451,1,2N,loss_of_function,2
VWF_I1094T_vs_FVIII_LightChain,VWF_I1094T,1094,I,T,D3,866-1233,368,FVIII_LightChain,P00451,1,2N,loss_of_function,2
VWF_D1087N_vs_FVIII_LightChain,VWF_D1087N,1087,D,N,D3,866-1233,368,FVIII_LightChain,P00451,1,2N,loss_of_function,2
VWF_C1084Y_vs_FVIII_LightChain,VWF_C1084Y,1084,C,Y,D3,866-1233,368,FVIII_LightChain,P00451,1,2N,loss_of_function,2
VWF_V1083I_vs_FVIII_LightChain,VWF_V1083I,1083,V,I,D3,866-1233,368,FVIII_LightChain,P00451,1,2N,loss_of_function,2
VWF_R906W_vs_FVIII_LightChain,VWF_R906W,906,R,W,D3,866-1233,368,FVIII_LightChain,P00451,1,2N,loss_of_function,2
VWF_V1230I_vs_FVIII_LightChain,VWF_V1230I,1230,V,I,D3,866-1233,368,FVIII_LightChain,P00451,1,2N,loss_of_function,2
VWF_V1229I_vs_FVIII_LightChain,VWF_V1229I,1229,V,I,D3,866-1233,368,FVIII_LightChain,P00451,1,2N,loss_of_function,2
VWF_C1227R_vs_FVIII_LightChain,VWF_C1227R,1227,C,R,D3,866-1233,368,FVIII_LightChain,P00451,1,2N,loss_of_function,2
VWF_P902S_vs_FVIII_LightChain,VWF_P902S,902,P,S,D3,866-1233,368,FVIII_LightChain,P00451,1,2N,loss_of_function,2
VWF_C1060R_vs_FVIII_LightChain,VWF_C1060R,1060,C,R,D3,866-1233,368,FVIII_LightChain,P00451,1,2N,loss_of_function,2
VWF_Q1053H_vs_FVIII_LightChain,VWF_Q1053H,1053,Q,H,D3,866-1233,368,FVIII_LightChain,P00451,1,2N,loss_of_function,2
VWF_G1172V_vs_FVIII_LightChain,VWF_G1172V,1172,G,V,D3,866-1233,368,FVIII_LightChain,P00451,1,2N,loss_of_function,2
VWF_C1169R_vs_FVIII_LightChain,VWF_C1169R,1169,C,R,D3,866-1233,368,FVIII_LightChain,P00451,1,2N,loss_of_function,2
VWF_C1165Y_vs_FVIII_LightChain,VWF_C1165Y,1165,C,Y,D3,866-1233,368,FVIII_LightChain,P00451,1,2N,loss_of_function,2
VWF_P1151L_vs_FVIII_LightChain,VWF_P1151L,1151,P,L,D3,866-1233,368,FVIII_LightChain,P00451,1,2N,loss_of_function,2
VWF_C1149R_vs_FVIII_LightChain,VWF_C1149R,1149,C,R,D3,866-1233,368,FVIII_LightChain,P00451,1,2N,loss_of_function,2
VWF_S1148R_vs_FVIII_LightChain,VWF_S1148R,1148,S,R,D3,866-1233,368,FVIII_LightChain,P00451,1,2N,loss_of_function,2
VWF_G1180V_vs_FVIII_LightChain,VWF_G1180V,1180,G,V,D3,866-1233,368,FVIII_LightChain,P00451,1,2N,loss_of_function,2
VWF_P1077T_vs_FVIII_LightChain,VWF_P1077T,1077,P,T,D3,866-1233,368,FVIII_LightChain,P00451,1,2N,loss_of_function,2
VWF_T1064N_vs_FVIII_LightChain,VWF_T1064N,1064,T,N,D3,866-1233,368,FVIII_LightChain,P00451,1,2N,loss_of_function,2
VWF_P1127S_vs_FVIII_LightChain,VWF_P1127S,1127,P,S,D3,866-1233,368,FVIII_LightChain,P00451,1,2N,loss_of_function,2
VWF_R2507G_vs_Integrin_alphaIIb_beta3,VWF_R2507G,2507,R,G,C4,2497-2577,81,Integrin_alphaIIb_beta3,P08514,1,2M,loss_of_function,2
VWF_R2507W_vs_Integrin_alphaIIb_beta3,VWF_R2507W,2507,R,W,C4,2497-2577,81,Integrin_alphaIIb_beta3,P08514,1,2M,loss_of_function,2
VWF_N2531S_vs_Integrin_alphaIIb_beta3,VWF_N2531S,2531,N,S,C4,2497-2577,81,Integrin_alphaIIb_beta3,P08514,1,2M,loss_of_function,2
VWF_V2501M_vs_Integrin_alphaIIb_beta3,VWF_V2501M,2501,V,M,C4,2497-2577,81,Integrin_alphaIIb_beta3,P08514,1,2M,loss_of_function,2
VWF_G2518S_vs_Integrin_alphaIIb_beta3,VWF_G2518S,2518,G,S,C4,2497-2577,81,Integrin_alphaIIb_beta3,P08514,1,2M,loss_of_function,2
VWF_E2539V_vs_Integrin_alphaIIb_beta3,VWF_E2539V,2539,E,V,C4,2497-2577,81,Integrin_alphaIIb_beta3,P08514,1,2M,loss_of_function,2
VWF_R2535P_vs_Integrin_alphaIIb_beta3,VWF_R2535P,2535,R,P,C4,2497-2577,81,Integrin_alphaIIb_beta3,P08514,1,2M,loss_of_function,2
VWF_R2535Q_vs_Integrin_alphaIIb_beta3,VWF_R2535Q,2535,R,Q,C4,2497-2577,81,Integrin_alphaIIb_beta3,P08514,1,2M,loss_of_function,2
VWF_W2514R_vs_Integrin_alphaIIb_beta3,VWF_W2514R,2514,W,R,C4,2497-2577,81,Integrin_alphaIIb_beta3,P08514,1,2M,loss_of_function,2
VWF_C2533W_vs_Integrin_alphaIIb_beta3,VWF_C2533W,2533,C,W,C4,2497-2577,81,Integrin_alphaIIb_beta3,P08514,1,2M,loss_of_function,2
VWF_P2527S_vs_Integrin_alphaIIb_beta3,VWF_P2527S,2527,P,S,C4,2497-2577,81,Integrin_alphaIIb_beta3,P08514,1,2M,loss_of_function,2
VWF_G2560S_vs_Integrin_alphaIIb_beta3,VWF_G2560S,2560,G,S,C4,2497-2577,81,Integrin_alphaIIb_beta3,P08514,1,2M,loss_of_function,2
VWF_P2550R_vs_Integrin_alphaIIb_beta3,VWF_P2550R,2550,P,R,C4,2497-2577,81,Integrin_alphaIIb_beta3,P08514,1,2M,loss_of_function,2
VWF_R2575H_vs_Integrin_alphaIIb_beta3,VWF_R2575H,2575,R,H,C4,2497-2577,81,Integrin_alphaIIb_beta3,P08514,1,2M,loss_of_function,2
VWF_P2550L_vs_Integrin_alphaIIb_beta3,VWF_P2550L,2550,P,L,C4,2497-2577,81,Integrin_alphaIIb_beta3,P08514,1,2M,loss_of_function,2
VWF_C2571Y_vs_Integrin_alphaIIb_beta3,VWF_C2571Y,2571,C,Y,C4,2497-2577,81,Integrin_alphaIIb_beta3,P08514,1,2M,loss_of_function,2
VWF_R2575L_vs_Integrin_alphaIIb_beta3,VWF_R2575L,2575,R,L,C4,2497-2577,81,Integrin_alphaIIb_beta3,P08514,1,2M,loss_of_function,2
VWF_S2497P_vs_Integrin_alphaIIb_beta3,VWF_S2497P,2497,S,P,C4,2497-2577,81,Integrin_alphaIIb_beta3,P08514,1,2M,loss_of_function,2
VWF_P2527H_vs_Integrin_alphaIIb_beta3,VWF_P2527H,2527,P,H,C4,2497-2577,81,Integrin_alphaIIb_beta3,P08514,1,2M,loss_of_function,2
VWF_I2542K_vs_Integrin_alphaIIb_beta3,VWF_I2542K,2542,I,K,C4,2497-2577,81,Integrin_alphaIIb_beta3,P08514,1,2M,loss_of_function,2
VWF_A2569E_vs_Integrin_alphaIIb_beta3,VWF_A2569E,2569,A,E,C4,2497-2577,81,Integrin_alphaIIb_beta3,P08514,1,2M,loss_of_function,2
VWF_A2522V_vs_Integrin_alphaIIb_beta3,VWF_A2522V,2522,A,V,C4,2497-2577,81,Integrin_alphaIIb_beta3,P08514,1,2M,loss_of_function,2
VWF_D2509N_vs_Integrin_alphaIIb_beta3,VWF_D2509N,2509,D,N,C4,2497-2577,81,Integrin_alphaIIb_beta3,P08514,1,2M,loss_of_function,2
VWF_G2518A_vs_Integrin_alphaIIb_beta3,VWF_G2518A,2518,G,A,C4,2497-2577,81,Integrin_alphaIIb_beta3,P08514,1,2M,loss_of_function,2
VWF_V2547I_vs_Integrin_alphaIIb_beta3,VWF_V2547I,2547,V,I,C4,2497-2577,81,Integrin_alphaIIb_beta3,P08514,1,2M,loss_of_function,2
VWF_S764R_vs_FVIII_LightChain,VWF_S764R,764,S,R,D_prime,764-865,102,FVIII_LightChain,P00451,1,2N,loss_of_function,2
VWF_R768W_vs_FVIII_LightChain,VWF_R768W,768,R,W,D_prime,764-865,102,FVIII_LightChain,P00451,1,2N,loss_of_function,2
VWF_M771I_vs_FVIII_LightChain,VWF_M771I,771,M,I,D_prime,764-865,102,FVIII_LightChain,P00451,1,2N,loss_of_function,2
VWF_N780K_vs_FVIII_LightChain,VWF_N780K,780,N,K,D_prime,764-865,102,FVIII_LightChain,P00451,1,2N,loss_of_function,2
VWF_R782Q_vs_FVIII_LightChain,VWF_R782Q,782,R,Q,D_prime,764-865,102,FVIII_LightChain,P00451,1,2N,loss_of_function,2
VWF_G785E_vs_FVIII_LightChain,VWF_G785E,785,G,E,D_prime,764-865,102,FVIII_LightChain,P00451,1,2N,loss_of_function,2
VWF_E787K_vs_FVIII_LightChain,VWF_E787K,787,E,K,D_prime,764-865,102,FVIII_LightChain,P00451,1,2N,loss_of_function,2
VWF_C788R_vs_FVIII_LightChain,VWF_C788R,788,C,R,D_prime,764-865,102,FVIII_LightChain,P00451,1,2N,loss_of_function,2
VWF_T789P_vs_FVIII_LightChain,VWF_T789P,789,T,P,D_prime,764-865,102,FVIII_LightChain,P00451,1,2N,loss_of_function,2
VWF_M800V_vs_FVIII_LightChain,VWF_M800V,800,M,V,D_prime,764-865,102,FVIII_LightChain,P00451,1,2N,loss_of_function,2
VWF_G833D_vs_FVIII_LightChain,VWF_G833D,833,G,D,D_prime,764-865,102,FVIII_LightChain,P00451,1,2N,loss_of_function,2
VWF_Q852G_vs_FVIII_LightChain,VWF_Q852G,852,Q,G,D_prime,764-865,102,FVIII_LightChain,P00451,1,2N,loss_of_function,2
VWF_C858F_vs_FVIII_LightChain,VWF_C858F,858,C,F,D_prime,764-865,102,FVIII_LightChain,P00451,1,2N,loss_of_function,2
VWF_G899S_vs_FVIII_LightChain,VWF_G899S,899,G,S,D3,866-1233,368,FVIII_LightChain,P00451,1,2N,loss_of_function,2
VWF_R924Q_vs_FVIII_LightChain,VWF_R924Q,924,R,Q,D3,866-1233,368,FVIII_LightChain,P00451,1,2N,loss_of_function,2
VWF_R960P_vs_FVIII_LightChain,VWF_R960P,960,R,P,D3,866-1233,368,FVIII_LightChain,P00451,1,2N,loss_of_function,2
VWF_I962L_vs_FVIII_LightChain,VWF_I962L,962,I,L,D3,866-1233,368,FVIII_LightChain,P00451,1,2N,loss_of_function,2
VWF_C993F_vs_FVIII_LightChain,VWF_C993F,993,C,F,D3,866-1233,368,FVIII_LightChain,P00451,1,2N,loss_of_function,2
VWF_C996G_vs_FVIII_LightChain,VWF_C996G,996,C,G,D3,866-1233,368,FVIII_LightChain,P00451,1,2N,loss_of_function,2
VWF_C996Y_vs_FVIII_LightChain,VWF_C996Y,996,C,Y,D3,866-1233,368,FVIII_LightChain,P00451,1,2N,loss_of_function,2
VWF_Q1030R_vs_FVIII_LightChain,VWF_Q1030R,1030,Q,R,D3,866-1233,368,FVIII_LightChain,P00451,1,2N,loss_of_function,2
VWF_P1043S_vs_FVIII_LightChain,VWF_P1043S,1043,P,S,D3,866-1233,368,FVIII_LightChain,P00451,1,2N,loss_of_function,2
VWF_T1054A_vs_FVIII_LightChain,VWF_T1054A,1054,T,A,D3,866-1233,368,FVIII_LightChain,P00451,1,2N,loss_of_function,2
VWF_T1054M_vs_FVIII_LightChain,VWF_T1054M,1054,T,M,D3,866-1233,368,FVIII_LightChain,P00451,1,2N,loss_of_function,2
VWF_M1055T_vs_FVIII_LightChain,VWF_M1055T,1055,M,T,D3,866-1233,368,FVIII_LightChain,P00451,1,2N,loss_of_function,2
VWF_L1063I_vs_FVIII_LightChain,VWF_L1063I,1063,L,I,D3,866-1233,368,FVIII_LightChain,P00451,1,2N,loss_of_function,2
VWF_D1066E_vs_FVIII_LightChain,VWF_D1066E,1066,D,E,D3,866-1233,368,FVIII_LightChain,P00451,1,2N,loss_of_function,2
VWF_C1071F_vs_FVIII_LightChain,VWF_C1071F,1071,C,F,D3,866-1233,368,FVIII_LightChain,P00451,1,2N,loss_of_function,2
VWF_C1101W_vs_FVIII_LightChain,VWF_C1101W,1101,C,W,D3,866-1233,368,FVIII_LightChain,P00451,1,2N,loss_of_function,2
VWF_C1111Y_vs_FVIII_LightChain,VWF_C1111Y,1111,C,Y,D3,866-1233,368,FVIII_LightChain,P00451,1,2N,loss_of_function,2
VWF_C1130R_vs_FVIII_LightChain,VWF_C1130R,1130,C,R,D3,866-1233,368,FVIII_LightChain,P00451,1,2N,loss_of_function,2
VWF_C1130G_vs_FVIII_LightChain,VWF_C1130G,1130,C,G,D3,866-1233,368,FVIII_LightChain,P00451,1,2N,loss_of_function,2
VWF_T1156M_vs_FVIII_LightChain,VWF_T1156M,1156,T,M,D3,866-1233,368,FVIII_LightChain,P00451,1,2N,loss_of_function,2
VWF_C1157F_vs_FVIII_LightChain,VWF_C1157F,1157,C,F,D3,866-1233,368,FVIII_LightChain,P00451,1,2N,loss_of_function,2
VWF_E1171Q_vs_FVIII_LightChain,VWF_E1171Q,1171,E,Q,D3,866-1233,368,FVIII_LightChain,P00451,1,2N,loss_of_function,2
VWF_E1171V_vs_FVIII_LightChain,VWF_E1171V,1171,E,V,D3,866-1233,368,FVIII_LightChain,P00451,1,2N,loss_of_function,2
VWF_P1179L_vs_FVIII_LightChain,VWF_P1179L,1179,P,L,D3,866-1233,368,FVIII_LightChain,P00451,1,2N,loss_of_function,2
VWF_G1180R_vs_FVIII_LightChain,VWF_G1180R,1180,G,R,D3,866-1233,368,FVIII_LightChain,P00451,1,2N,loss_of_function,2
VWF_C1190R_vs_FVIII_LightChain,VWF_C1190R,1190,C,R,D3,866-1233,368,FVIII_LightChain,P00451,1,2N,loss_of_function,2
VWF_C1196R_vs_FVIII_LightChain,VWF_C1196R,1196,C,R,D3,866-1233,368,FVIII_LightChain,P00451,1,2N,loss_of_function,2
VWF_C1196Y_vs_FVIII_LightChain,VWF_C1196Y,1196,C,Y,D3,866-1233,368,FVIII_LightChain,P00451,1,2N,loss_of_function,2
VWF_A1207S_vs_FVIII_LightChain,VWF_A1207S,1207,A,S,D3,866-1233,368,FVIII_LightChain,P00451,1,2N,loss_of_function,2
VWF_S1208P_vs_FVIII_LightChain,VWF_S1208P,1208,S,P,D3,866-1233,368,FVIII_LightChain,P00451,1,2N,loss_of_function,2
VWF_C1225G_vs_FVIII_LightChain,VWF_C1225G,1225,C,G,D3,866-1233,368,FVIII_LightChain,P00451,1,2N,loss_of_function,2
VWF_N1231S_vs_FVIII_LightChain,VWF_N1231S,1231,N,S,D3,866-1233,368,FVIII_LightChain,P00451,1,2N,loss_of_function,2
VWF_S1486L_vs_ADAMTS13_Spacer,VWF_S1486L,1486,S,L,A2,1480-1672,193,ADAMTS13_Spacer,Q76LX8,1,2A,cleavage,2
VWF_G1505R_vs_ADAMTS13_Spacer,VWF_G1505R,1505,G,R,A2,1480-1672,193,ADAMTS13_Spacer,Q76LX8,1,2A,cleavage,2
VWF_G1505E_vs_ADAMTS13_Spacer,VWF_G1505E,1505,G,E,A2,1480-1672,193,ADAMTS13_Spacer,Q76LX8,1,2A,cleavage,2
VWF_K1518E_vs_ADAMTS13_Spacer,VWF_K1518E,1518,K,E,A2,1480-1672,193,ADAMTS13_Spacer,Q76LX8,1,2A,cleavage,2
VWF_M1521T_vs_ADAMTS13_Spacer,VWF_M1521T,1521,M,T,A2,1480-1672,193,ADAMTS13_Spacer,Q76LX8,1,2A,cleavage,2
VWF_Q1526R_vs_ADAMTS13_Spacer,VWF_Q1526R,1526,Q,R,A2,1480-1672,193,ADAMTS13_Spacer,Q76LX8,1,2A,cleavage,2
VWF_R1527Q_vs_ADAMTS13_Spacer,VWF_R1527Q,1527,R,Q,A2,1480-1672,193,ADAMTS13_Spacer,Q76LX8,1,2A,cleavage,2
VWF_V1537I_vs_ADAMTS13_Spacer,VWF_V1537I,1537,V,I,A2,1480-1672,193,ADAMTS13_Spacer,Q76LX8,1,2A,cleavage,2
VWF_V1539E_vs_ADAMTS13_Spacer,VWF_V1539E,1539,V,E,A2,1480-1672,193,ADAMTS13_Spacer,Q76LX8,1,2A,cleavage,2
VWF_L1540P_vs_ADAMTS13_Spacer,VWF_L1540P,1540,L,P,A2,1480-1672,193,ADAMTS13_Spacer,Q76LX8,1,2A,cleavage,2
VWF_R1564W_vs_ADAMTS13_Spacer,VWF_R1564W,1564,R,W,A2,1480-1672,193,ADAMTS13_Spacer,Q76LX8,1,2A,cleavage,2
VWF_I1568N_vs_ADAMTS13_Spacer,VWF_I1568N,1568,I,N,A2,1480-1672,193,ADAMTS13_Spacer,Q76LX8,1,2A,cleavage,2
VWF_L1580V_vs_ADAMTS13_Spacer,VWF_L1580V,1580,L,V,A2,1480-1672,193,ADAMTS13_Spacer,Q76LX8,1,2A,cleavage,2
VWF_L1580P_vs_ADAMTS13_Spacer,VWF_L1580P,1580,L,P,A2,1480-1672,193,ADAMTS13_Spacer,Q76LX8,1,2A,cleavage,2
VWF_Y1584C_vs_ADAMTS13_Spacer,VWF_Y1584C,1584,Y,C,A2,1480-1672,193,ADAMTS13_Spacer,Q76LX8,1,2A,cleavage,2
VWF_L1603P_vs_ADAMTS13_Spacer,VWF_L1603P,1603,L,P,A2,1480-1672,193,ADAMTS13_Spacer,Q76LX8,1,2A,cleavage,2
VWF_G1609R_vs_ADAMTS13_Spacer,VWF_G1609R,1609,G,R,A2,1480-1672,193,ADAMTS13_Spacer,Q76LX8,1,2A,cleavage,2
VWF_V1626E_vs_ADAMTS13_Spacer,VWF_V1626E,1626,V,E,A2,1480-1672,193,ADAMTS13_Spacer,Q76LX8,1,2A,cleavage,2
VWF_P1627H_vs_ADAMTS13_Spacer,VWF_P1627H,1627,P,H,A2,1480-1672,193,ADAMTS13_Spacer,Q76LX8,1,2A,cleavage,2
VWF_V1630E_vs_ADAMTS13_Spacer,VWF_V1630E,1630,V,E,A2,1480-1672,193,ADAMTS13_Spacer,Q76LX8,1,2A,cleavage,2
VWF_G1631D_vs_ADAMTS13_Spacer,VWF_G1631D,1631,G,D,A2,1480-1672,193,ADAMTS13_Spacer,Q76LX8,1,2A,cleavage,2
VWF_L1639P_vs_ADAMTS13_Spacer,VWF_L1639P,1639,L,P,A2,1480-1672,193,ADAMTS13_Spacer,Q76LX8,1,2A,cleavage,2
VWF_G1643V_vs_ADAMTS13_Spacer,VWF_G1643V,1643,G,V,A2,1480-1672,193,ADAMTS13_Spacer,Q76LX8,1,2A,cleavage,2
VWF_P1648R_vs_ADAMTS13_Spacer,VWF_P1648R,1648,P,R,A2,1480-1672,193,ADAMTS13_Spacer,Q76LX8,1,2A,cleavage,2
VWF_A2498D_vs_Integrin_alphaIIb_beta3,VWF_A2498D,2498,A,D,C4,2497-2577,81,Integrin_alphaIIb_beta3,P08514,1,2M,loss_of_function,2
VWF_Q2520P_vs_Integrin_alphaIIb_beta3,VWF_Q2520P,2520,Q,P,C4,2497-2577,81,Integrin_alphaIIb_beta3,P08514,1,2M,loss_of_function,2
VWF_Q2520R_vs_Integrin_alphaIIb_beta3,VWF_Q2520R,2520,Q,R,C4,2497-2577,81,Integrin_alphaIIb_beta3,P08514,1,2M,loss_of_function,2
VWF_I2542V_vs_Integrin_alphaIIb_beta3,VWF_I2542V,2542,I,V,C4,2497-2577,81,Integrin_alphaIIb_beta3,P08514,1,2M,loss_of_function,2
VWF_N2546Y_vs_Integrin_alphaIIb_beta3,VWF_N2546Y,2546,N,Y,C4,2497-2577,81,Integrin_alphaIIb_beta3,P08514,1,2M,loss_of_function,2
VWF_L2552Q_vs_Integrin_alphaIIb_beta3,VWF_L2552Q,2552,L,Q,C4,2497-2577,81,Integrin_alphaIIb_beta3,P08514,1,2M,loss_of_function,2
VWF_P2555A_vs_Integrin_alphaIIb_beta3,VWF_P2555A,2555,P,A,C4,2497-2577,81,Integrin_alphaIIb_beta3,P08514,1,2M,loss_of_function,2
VWF_P2555L_vs_Integrin_alphaIIb_beta3,VWF_P2555L,2555,P,L,C4,2497-2577,81,Integrin_alphaIIb_beta3,P08514,1,2M,loss_of_function,2
VWF_S2573R_vs_Integrin_alphaIIb_beta3,VWF_S2573R,2573,S,R,C4,2497-2577,81,Integrin_alphaIIb_beta3,P08514,1,2M,loss_of_function,2
