system,variant,status,prod_dir,final_gro,trajectory,tpr_exists,xtc_size_mb,gro_mtime,cpt_mtime,ns_per_day,runner_start,runner_complete,wall_hours_from_runner,queue
a1_gpiba,Y1321C,complete,/media/luzhenyang/project/alphagenome/alphagenome/VWF_ErTongYiyuan/output/gromacs_md_a1_gpiba/Y1321C/md_a1_gpiba,/media/luzhenyang/project/alphagenome/alphagenome/VWF_ErTongYiyuan/output/gromacs_md_a1_gpiba/Y1321C/md_a1_gpiba/md_prod.gro,/media/luzhenyang/project/alphagenome/alphagenome/VWF_ErTongYiyuan/output/gromacs_md_a1_gpiba/Y1321C/md_a1_gpiba/md_prod.xtc,True,130.98,2026-06-28 23:50:37,2026-06-29 04:46:23,,,,,P0
a1_gpiba,Y1321W,complete,/media/luzhenyang/project/alphagenome/alphagenome/VWF_ErTongYiyuan/output/gromacs_md_a1_gpiba/Y1321W/md_a1_gpiba,/media/luzhenyang/project/alphagenome/alphagenome/VWF_ErTongYiyuan/output/gromacs_md_a1_gpiba/Y1321W/md_a1_gpiba/md_prod.gro,/media/luzhenyang/project/alphagenome/alphagenome/VWF_ErTongYiyuan/output/gromacs_md_a1_gpiba/Y1321W/md_a1_gpiba/md_prod.xtc,True,130.96,2026-06-29 03:05:03,2026-06-29 04:18:00,,,,,P0
a1_gpiba,G1324A,complete,/media/luzhenyang/project/alphagenome/alphagenome/VWF_ErTongYiyuan/output/gromacs_md_a1_gpiba/G1324A/md_a1_gpiba,/media/luzhenyang/project/alphagenome/alphagenome/VWF_ErTongYiyuan/output/gromacs_md_a1_gpiba/G1324A/md_a1_gpiba/md_prod.gro,/media/luzhenyang/project/alphagenome/alphagenome/VWF_ErTongYiyuan/output/gromacs_md_a1_gpiba/G1324A/md_a1_gpiba/md_prod.xtc,True,130.97,2026-06-28 23:48:36,2026-06-29 02:16:32,,,,,P0
a1_gpiba,G1324R,complete,/media/luzhenyang/project/alphagenome/alphagenome/VWF_ErTongYiyuan/output/gromacs_md_a1_gpiba/G1324R/md_a1_gpiba,/media/luzhenyang/project/alphagenome/alphagenome/VWF_ErTongYiyuan/output/gromacs_md_a1_gpiba/G1324R/md_a1_gpiba/md_prod.gro,/media/luzhenyang/project/alphagenome/alphagenome/VWF_ErTongYiyuan/output/gromacs_md_a1_gpiba/G1324R/md_a1_gpiba/md_prod.xtc,True,131.0,2026-06-29 08:19:51,2026-06-29 08:19:50,,,,,P0
a1_gpiba,G1324S,complete,/media/luzhenyang/project/alphagenome/alphagenome/VWF_ErTongYiyuan/output/gromacs_md_a1_gpiba/G1324S/md_a1_gpiba,/media/luzhenyang/project/alphagenome/alphagenome/VWF_ErTongYiyuan/output/gromacs_md_a1_gpiba/G1324S/md_a1_gpiba/md_prod.gro,/media/luzhenyang/project/alphagenome/alphagenome/VWF_ErTongYiyuan/output/gromacs_md_a1_gpiba/G1324S/md_a1_gpiba/md_prod.xtc,True,130.96,2026-06-29 04:26:39,2026-06-29 04:26:39,,,,,P0
a1_gpiba,A1377V,complete,/media/luzhenyang/project/alphagenome/alphagenome/VWF_ErTongYiyuan/output/gromacs_md_a1_gpiba/A1377V/md_a1_gpiba,/media/luzhenyang/project/alphagenome/alphagenome/VWF_ErTongYiyuan/output/gromacs_md_a1_gpiba/A1377V/md_a1_gpiba/md_prod.gro,/media/luzhenyang/project/alphagenome/alphagenome/VWF_ErTongYiyuan/output/gromacs_md_a1_gpiba/A1377V/md_a1_gpiba/md_prod.xtc,True,130.94,2026-06-29 05:24:29,2026-06-29 05:24:28,,,,,P0
a1_gpiba,L1276P,complete,/media/luzhenyang/project/alphagenome/alphagenome/VWF_ErTongYiyuan/output/gromacs_md_a1_gpiba/L1276P/md_a1_gpiba,/media/luzhenyang/project/alphagenome/alphagenome/VWF_ErTongYiyuan/output/gromacs_md_a1_gpiba/L1276P/md_a1_gpiba/md_prod.gro,/media/luzhenyang/project/alphagenome/alphagenome/VWF_ErTongYiyuan/output/gromacs_md_a1_gpiba/L1276P/md_a1_gpiba/md_prod.xtc,True,130.97,2026-06-29 04:10:07,2026-06-29 04:10:07,,,,,all_recommended
a1_gpiba,L1276R,pending,/media/luzhenyang/project/alphagenome/alphagenome/VWF_ErTongYiyuan/output/gromacs_md_a1_gpiba/L1276R/md_a1_gpiba,,,False,,,,,,,,all_recommended
a1_gpiba,D1302G,running_or_checkpointed,/media/luzhenyang/project/alphagenome/alphagenome/VWF_ErTongYiyuan/output/gromacs_md_a1_gpiba/D1302G/md_a1_gpiba,,/media/luzhenyang/project/alphagenome/alphagenome/VWF_ErTongYiyuan/output/gromacs_md_a1_gpiba/D1302G/md_a1_gpiba/md_prod.xtc,True,107.96,,2026-06-29 13:57:41,,,,,all_recommended
a1_gpiba,R1315G,pending,/media/luzhenyang/project/alphagenome/alphagenome/VWF_ErTongYiyuan/output/gromacs_md_a1_gpiba/R1315G/md_a1_gpiba,,,False,,,,,,,,all_recommended
a1_gpiba,R1315P,complete,/media/luzhenyang/project/alphagenome/alphagenome/VWF_ErTongYiyuan/output/gromacs_md_a1_gpiba/R1315P/md_a1_gpiba,/media/luzhenyang/project/alphagenome/alphagenome/VWF_ErTongYiyuan/output/gromacs_md_a1_gpiba/R1315P/md_a1_gpiba/md_prod.gro,/media/luzhenyang/project/alphagenome/alphagenome/VWF_ErTongYiyuan/output/gromacs_md_a1_gpiba/R1315P/md_a1_gpiba/md_prod.xtc,True,130.97,2026-06-29 12:09:32,2026-06-29 12:09:32,,,,,all_recommended
a1_gpiba,H1322P,running_or_checkpointed,/media/luzhenyang/project/alphagenome/alphagenome/VWF_ErTongYiyuan/output/gromacs_md_a1_gpiba/H1322P/md_a1_gpiba,,/media/luzhenyang/project/alphagenome/alphagenome/VWF_ErTongYiyuan/output/gromacs_md_a1_gpiba/H1322P/md_a1_gpiba/md_prod.xtc,True,92.79,,2026-06-29 13:55:02,,,,,all_recommended
a1_gpiba,A1355D,complete,/media/luzhenyang/project/alphagenome/alphagenome/VWF_ErTongYiyuan/output/gromacs_md_a1_gpiba/A1355D/md_a1_gpiba,/media/luzhenyang/project/alphagenome/alphagenome/VWF_ErTongYiyuan/output/gromacs_md_a1_gpiba/A1355D/md_a1_gpiba/md_prod.gro,/media/luzhenyang/project/alphagenome/alphagenome/VWF_ErTongYiyuan/output/gromacs_md_a1_gpiba/A1355D/md_a1_gpiba/md_prod.xtc,True,130.96,2026-06-29 12:16:18,2026-06-29 12:16:18,,,,,all_recommended
a1_gpiba,E1359K,running_or_checkpointed,/media/luzhenyang/project/alphagenome/alphagenome/VWF_ErTongYiyuan/output/gromacs_md_a1_gpiba/E1359K/md_a1_gpiba,,/media/luzhenyang/project/alphagenome/alphagenome/VWF_ErTongYiyuan/output/gromacs_md_a1_gpiba/E1359K/md_a1_gpiba/md_prod.xtc,True,94.88,,2026-06-29 13:53:17,,,,,all_recommended
a1_gpiba,V1360A,running_or_checkpointed,/media/luzhenyang/project/alphagenome/alphagenome/VWF_ErTongYiyuan/output/gromacs_md_a1_gpiba/V1360A/md_a1_gpiba,,/media/luzhenyang/project/alphagenome/alphagenome/VWF_ErTongYiyuan/output/gromacs_md_a1_gpiba/V1360A/md_a1_gpiba/md_prod.xtc,True,115.01,,2026-06-29 13:59:43,,,,,all_recommended
a1_gpiba,L1361W,running_or_checkpointed,/media/luzhenyang/project/alphagenome/alphagenome/VWF_ErTongYiyuan/output/gromacs_md_a1_gpiba/L1361W/md_a1_gpiba,,/media/luzhenyang/project/alphagenome/alphagenome/VWF_ErTongYiyuan/output/gromacs_md_a1_gpiba/L1361W/md_a1_gpiba/md_prod.xtc,True,51.76,,2026-06-29 13:56:18,,,,,all_recommended
a1_gpiba,K1362T,running_or_checkpointed,/media/luzhenyang/project/alphagenome/alphagenome/VWF_ErTongYiyuan/output/gromacs_md_a1_gpiba/K1362T/md_a1_gpiba,,/media/luzhenyang/project/alphagenome/alphagenome/VWF_ErTongYiyuan/output/gromacs_md_a1_gpiba/K1362T/md_a1_gpiba/md_prod.xtc,True,38.16,,2026-06-29 13:58:37,,,,,all_recommended
a1_gpiba,Y1363C,running_or_checkpointed,/media/luzhenyang/project/alphagenome/alphagenome/VWF_ErTongYiyuan/output/gromacs_md_a1_gpiba/Y1363C/md_a1_gpiba,,/media/luzhenyang/project/alphagenome/alphagenome/VWF_ErTongYiyuan/output/gromacs_md_a1_gpiba/Y1363C/md_a1_gpiba/md_prod.xtc,True,37.12,,2026-06-29 13:50:04,,,,,all_recommended
a1_gpiba,F1369I,pending,/media/luzhenyang/project/alphagenome/alphagenome/VWF_ErTongYiyuan/output/gromacs_md_a1_gpiba/F1369I/md_a1_gpiba,,,False,,,,,,,,all_recommended
a1_gpiba,D1373Y,pending,/media/luzhenyang/project/alphagenome/alphagenome/VWF_ErTongYiyuan/output/gromacs_md_a1_gpiba/D1373Y/md_a1_gpiba,,,False,,,,,,,,all_recommended
a1_gpiba,R1374S,pending,/media/luzhenyang/project/alphagenome/alphagenome/VWF_ErTongYiyuan/output/gromacs_md_a1_gpiba/R1374S/md_a1_gpiba,,,False,,,,,,,,all_recommended
a1_gpiba,L1382P,pending,/media/luzhenyang/project/alphagenome/alphagenome/VWF_ErTongYiyuan/output/gromacs_md_a1_gpiba/L1382P/md_a1_gpiba,,,False,,,,,,,,all_recommended
a1_gpiba,L1383R,pending,/media/luzhenyang/project/alphagenome/alphagenome/VWF_ErTongYiyuan/output/gromacs_md_a1_gpiba/L1383R/md_a1_gpiba,,,False,,,,,,,,all_recommended
a1_gpiba,S1387I,pending,/media/luzhenyang/project/alphagenome/alphagenome/VWF_ErTongYiyuan/output/gromacs_md_a1_gpiba/S1387I/md_a1_gpiba,,,False,,,,,,,,all_recommended
a1_gpiba,S1394F,pending,/media/luzhenyang/project/alphagenome/alphagenome/VWF_ErTongYiyuan/output/gromacs_md_a1_gpiba/S1394F/md_a1_gpiba,,,False,,,,,,,,all_recommended
a1_gpiba,R1399C,pending,/media/luzhenyang/project/alphagenome/alphagenome/VWF_ErTongYiyuan/output/gromacs_md_a1_gpiba/R1399C/md_a1_gpiba,,,False,,,,,,,,all_recommended
a1_gpiba,Q1402P,pending,/media/luzhenyang/project/alphagenome/alphagenome/VWF_ErTongYiyuan/output/gromacs_md_a1_gpiba/Q1402P/md_a1_gpiba,,,False,,,,,,,,all_recommended
a1_gpiba,V1439M,pending,/media/luzhenyang/project/alphagenome/alphagenome/VWF_ErTongYiyuan/output/gromacs_md_a1_gpiba/V1439M/md_a1_gpiba,,,False,,,,,,,,all_recommended
a1_gpiba,L1282R,pending,/media/luzhenyang/project/alphagenome/alphagenome/VWF_ErTongYiyuan/output/gromacs_md_a1_gpiba/L1282R/md_a1_gpiba,,,False,,,,,,,,all_recommended
a1_gpiba,E1290L,pending,/media/luzhenyang/project/alphagenome/alphagenome/VWF_ErTongYiyuan/output/gromacs_md_a1_gpiba/E1290L/md_a1_gpiba,,,False,,,,,,,,all_recommended
a1_gpiba,L1296P,pending,/media/luzhenyang/project/alphagenome/alphagenome/VWF_ErTongYiyuan/output/gromacs_md_a1_gpiba/L1296P/md_a1_gpiba,,,False,,,,,,,,all_recommended
a1_gpiba,R1315L,pending,/media/luzhenyang/project/alphagenome/alphagenome/VWF_ErTongYiyuan/output/gromacs_md_a1_gpiba/R1315L/md_a1_gpiba,,,False,,,,,,,,all_recommended
a1_gpiba,Y1349C,pending,/media/luzhenyang/project/alphagenome/alphagenome/VWF_ErTongYiyuan/output/gromacs_md_a1_gpiba/Y1349C/md_a1_gpiba,,,False,,,,,,,,all_recommended
a1_gpiba,S1358N,pending,/media/luzhenyang/project/alphagenome/alphagenome/VWF_ErTongYiyuan/output/gromacs_md_a1_gpiba/S1358N/md_a1_gpiba,,,False,,,,,,,,all_recommended
a1_gpiba,L1365R,pending,/media/luzhenyang/project/alphagenome/alphagenome/VWF_ErTongYiyuan/output/gromacs_md_a1_gpiba/L1365R/md_a1_gpiba,,,False,,,,,,,,all_recommended
a1_gpiba,R1374L,pending,/media/luzhenyang/project/alphagenome/alphagenome/VWF_ErTongYiyuan/output/gromacs_md_a1_gpiba/R1374L/md_a1_gpiba,,,False,,,,,,,,all_recommended
a1_gpiba,S1387R,pending,/media/luzhenyang/project/alphagenome/alphagenome/VWF_ErTongYiyuan/output/gromacs_md_a1_gpiba/S1387R/md_a1_gpiba,,,False,,,,,,,,all_recommended
a1_gpiba,C1272R,pending,/media/luzhenyang/project/alphagenome/alphagenome/VWF_ErTongYiyuan/output/gromacs_md_a1_gpiba/C1272R/md_a1_gpiba,,,False,,,,,,,,all_recommended
a1_gpiba,V1316M,pending,/media/luzhenyang/project/alphagenome/alphagenome/VWF_ErTongYiyuan/output/gromacs_md_a1_gpiba/V1316M/md_a1_gpiba,,,False,,,,,,,,all_recommended
7a6o_closed_state,Y1321C,complete,/media/luzhenyang/project/alphagenome/alphagenome/VWF_ErTongYiyuan/output/gromacs_md_autoinhib/Y1321C/md_7a6o,/media/luzhenyang/project/alphagenome/alphagenome/VWF_ErTongYiyuan/output/gromacs_md_autoinhib/Y1321C/md_7a6o/md_prod.gro,/media/luzhenyang/project/alphagenome/alphagenome/VWF_ErTongYiyuan/output/gromacs_md_autoinhib/Y1321C/md_7a6o/md_prod.xtc,True,61.08,2026-06-28 21:07:40,2026-06-28 21:07:39,,,,,
7a6o_closed_state,Y1321W,complete,/media/luzhenyang/project/alphagenome/alphagenome/VWF_ErTongYiyuan/output/gromacs_md_autoinhib/Y1321W/md_7a6o,/media/luzhenyang/project/alphagenome/alphagenome/VWF_ErTongYiyuan/output/gromacs_md_autoinhib/Y1321W/md_7a6o/md_prod.gro,/media/luzhenyang/project/alphagenome/alphagenome/VWF_ErTongYiyuan/output/gromacs_md_autoinhib/Y1321W/md_7a6o/md_prod.xtc,True,61.09,2026-06-28 22:06:31,2026-06-28 22:06:31,,,,,
7a6o_closed_state,G1324A,complete,/media/luzhenyang/project/alphagenome/alphagenome/VWF_ErTongYiyuan/output/gromacs_md_autoinhib/G1324A/md_7a6o,/media/luzhenyang/project/alphagenome/alphagenome/VWF_ErTongYiyuan/output/gromacs_md_autoinhib/G1324A/md_7a6o/md_prod.gro,/media/luzhenyang/project/alphagenome/alphagenome/VWF_ErTongYiyuan/output/gromacs_md_autoinhib/G1324A/md_7a6o/md_prod.xtc,True,61.09,2026-06-28 21:05:38,2026-06-28 21:05:38,,,,,
7a6o_closed_state,G1324R,complete,/media/luzhenyang/project/alphagenome/alphagenome/VWF_ErTongYiyuan/output/gromacs_md_autoinhib/G1324R/md_7a6o,/media/luzhenyang/project/alphagenome/alphagenome/VWF_ErTongYiyuan/output/gromacs_md_autoinhib/G1324R/md_7a6o/md_prod.gro,/media/luzhenyang/project/alphagenome/alphagenome/VWF_ErTongYiyuan/output/gromacs_md_autoinhib/G1324R/md_7a6o/md_prod.xtc,True,61.1,2026-06-28 22:08:37,2026-06-28 22:08:37,,,,,
7a6o_closed_state,A1377V,complete,/media/luzhenyang/project/alphagenome/alphagenome/VWF_ErTongYiyuan/output/gromacs_md_autoinhib/A1377V/md_7a6o,/media/luzhenyang/project/alphagenome/alphagenome/VWF_ErTongYiyuan/output/gromacs_md_autoinhib/A1377V/md_7a6o/md_prod.gro,/media/luzhenyang/project/alphagenome/alphagenome/VWF_ErTongYiyuan/output/gromacs_md_autoinhib/A1377V/md_7a6o/md_prod.xtc,True,61.1,2026-06-29 07:16:19,2026-06-29 07:16:18,,,,,
7a6o_closed_state,L1276P,complete,/media/luzhenyang/project/alphagenome/alphagenome/VWF_ErTongYiyuan/output/gromacs_md_autoinhib/L1276P/md_7a6o,/media/luzhenyang/project/alphagenome/alphagenome/VWF_ErTongYiyuan/output/gromacs_md_autoinhib/L1276P/md_7a6o/md_prod.gro,/media/luzhenyang/project/alphagenome/alphagenome/VWF_ErTongYiyuan/output/gromacs_md_autoinhib/L1276P/md_7a6o/md_prod.xtc,True,61.09,2026-06-29 06:24:38,2026-06-29 06:24:38,,,,,
7a6o_closed_state,L1276R,complete,/media/luzhenyang/project/alphagenome/alphagenome/VWF_ErTongYiyuan/output/gromacs_md_autoinhib/L1276R/md_7a6o,/media/luzhenyang/project/alphagenome/alphagenome/VWF_ErTongYiyuan/output/gromacs_md_autoinhib/L1276R/md_7a6o/md_prod.gro,/media/luzhenyang/project/alphagenome/alphagenome/VWF_ErTongYiyuan/output/gromacs_md_autoinhib/L1276R/md_7a6o/md_prod.xtc,True,61.1,2026-06-29 08:18:02,2026-06-29 08:18:02,,,,,
7a6o_closed_state,D1302G,complete,/media/luzhenyang/project/alphagenome/alphagenome/VWF_ErTongYiyuan/output/gromacs_md_autoinhib/D1302G/md_7a6o,/media/luzhenyang/project/alphagenome/alphagenome/VWF_ErTongYiyuan/output/gromacs_md_autoinhib/D1302G/md_7a6o/md_prod.gro,/media/luzhenyang/project/alphagenome/alphagenome/VWF_ErTongYiyuan/output/gromacs_md_autoinhib/D1302G/md_7a6o/md_prod.xtc,True,61.06,2026-06-29 09:07:20,2026-06-29 09:07:20,,,,,
7a6o_closed_state,R1315G,complete,/media/luzhenyang/project/alphagenome/alphagenome/VWF_ErTongYiyuan/output/gromacs_md_autoinhib/R1315G/md_7a6o,/media/luzhenyang/project/alphagenome/alphagenome/VWF_ErTongYiyuan/output/gromacs_md_autoinhib/R1315G/md_7a6o/md_prod.gro,/media/luzhenyang/project/alphagenome/alphagenome/VWF_ErTongYiyuan/output/gromacs_md_autoinhib/R1315G/md_7a6o/md_prod.xtc,True,61.08,2026-06-29 13:19:01,2026-06-29 13:19:01,,,,,
7a6o_closed_state,R1315P,complete,/media/luzhenyang/project/alphagenome/alphagenome/VWF_ErTongYiyuan/output/gromacs_md_autoinhib/R1315P/md_7a6o,/media/luzhenyang/project/alphagenome/alphagenome/VWF_ErTongYiyuan/output/gromacs_md_autoinhib/R1315P/md_7a6o/md_prod.gro,/media/luzhenyang/project/alphagenome/alphagenome/VWF_ErTongYiyuan/output/gromacs_md_autoinhib/R1315P/md_7a6o/md_prod.xtc,True,61.07,2026-06-29 13:37:03,2026-06-29 13:37:03,,,,,
7a6o_closed_state,H1322P,running_or_checkpointed,/media/luzhenyang/project/alphagenome/alphagenome/VWF_ErTongYiyuan/output/gromacs_md_autoinhib/H1322P/md_7a6o,,/media/luzhenyang/project/alphagenome/alphagenome/VWF_ErTongYiyuan/output/gromacs_md_autoinhib/H1322P/md_7a6o/md_prod.xtc,True,49.99,,2026-06-29 13:51:36,,,,,
7a6o_closed_state,A1355D,running_or_checkpointed,/media/luzhenyang/project/alphagenome/alphagenome/VWF_ErTongYiyuan/output/gromacs_md_autoinhib/A1355D/md_7a6o,,/media/luzhenyang/project/alphagenome/alphagenome/VWF_ErTongYiyuan/output/gromacs_md_autoinhib/A1355D/md_7a6o/md_prod.xtc,True,37.8,,2026-06-29 13:56:22,,,,,
7a6o_closed_state,E1359K,running_or_checkpointed,/media/luzhenyang/project/alphagenome/alphagenome/VWF_ErTongYiyuan/output/gromacs_md_autoinhib/E1359K/md_7a6o,,/media/luzhenyang/project/alphagenome/alphagenome/VWF_ErTongYiyuan/output/gromacs_md_autoinhib/E1359K/md_7a6o/md_prod.xtc,True,6.1,,2026-06-29 13:52:03,,,,,
7a6o_closed_state,V1360A,running_or_checkpointed,/media/luzhenyang/project/alphagenome/alphagenome/VWF_ErTongYiyuan/output/gromacs_md_autoinhib/V1360A/md_7a6o,,/media/luzhenyang/project/alphagenome/alphagenome/VWF_ErTongYiyuan/output/gromacs_md_autoinhib/V1360A/md_7a6o/md_prod.xtc,True,3.66,,2026-06-29 13:55:17,,,,,
7a6o_closed_state,L1361W,pending,/media/luzhenyang/project/alphagenome/alphagenome/VWF_ErTongYiyuan/output/gromacs_md_autoinhib/L1361W/md_7a6o,,,False,,,,,,,,
7a6o_closed_state,K1362T,pending,/media/luzhenyang/project/alphagenome/alphagenome/VWF_ErTongYiyuan/output/gromacs_md_autoinhib/K1362T/md_7a6o,,,False,,,,,,,,
7a6o_closed_state,Y1363C,pending,/media/luzhenyang/project/alphagenome/alphagenome/VWF_ErTongYiyuan/output/gromacs_md_autoinhib/Y1363C/md_7a6o,,,False,,,,,,,,
7a6o_closed_state,F1369I,pending,/media/luzhenyang/project/alphagenome/alphagenome/VWF_ErTongYiyuan/output/gromacs_md_autoinhib/F1369I/md_7a6o,,,False,,,,,,,,
7a6o_closed_state,D1373Y,pending,/media/luzhenyang/project/alphagenome/alphagenome/VWF_ErTongYiyuan/output/gromacs_md_autoinhib/D1373Y/md_7a6o,,,False,,,,,,,,
7a6o_closed_state,R1374S,pending,/media/luzhenyang/project/alphagenome/alphagenome/VWF_ErTongYiyuan/output/gromacs_md_autoinhib/R1374S/md_7a6o,,,False,,,,,,,,
7a6o_closed_state,L1382P,pending,/media/luzhenyang/project/alphagenome/alphagenome/VWF_ErTongYiyuan/output/gromacs_md_autoinhib/L1382P/md_7a6o,,,False,,,,,,,,
7a6o_closed_state,L1383R,pending,/media/luzhenyang/project/alphagenome/alphagenome/VWF_ErTongYiyuan/output/gromacs_md_autoinhib/L1383R/md_7a6o,,,False,,,,,,,,
7a6o_closed_state,S1387I,pending,/media/luzhenyang/project/alphagenome/alphagenome/VWF_ErTongYiyuan/output/gromacs_md_autoinhib/S1387I/md_7a6o,,,False,,,,,,,,
7a6o_closed_state,S1394F,pending,/media/luzhenyang/project/alphagenome/alphagenome/VWF_ErTongYiyuan/output/gromacs_md_autoinhib/S1394F/md_7a6o,,,False,,,,,,,,
7a6o_closed_state,R1399C,pending,/media/luzhenyang/project/alphagenome/alphagenome/VWF_ErTongYiyuan/output/gromacs_md_autoinhib/R1399C/md_7a6o,,,False,,,,,,,,
7a6o_closed_state,Q1402P,pending,/media/luzhenyang/project/alphagenome/alphagenome/VWF_ErTongYiyuan/output/gromacs_md_autoinhib/Q1402P/md_7a6o,,,False,,,,,,,,
7a6o_closed_state,V1439M,pending,/media/luzhenyang/project/alphagenome/alphagenome/VWF_ErTongYiyuan/output/gromacs_md_autoinhib/V1439M/md_7a6o,,,False,,,,,,,,
7a6o_closed_state,V1409F,pending,/media/luzhenyang/project/alphagenome/alphagenome/VWF_ErTongYiyuan/output/gromacs_md_autoinhib/V1409F/md_7a6o,,,False,,,,,,,,
7a6o_closed_state,P1413R,pending,/media/luzhenyang/project/alphagenome/alphagenome/VWF_ErTongYiyuan/output/gromacs_md_autoinhib/P1413R/md_7a6o,,,False,,,,,,,,
7a6o_closed_state,I1416T,pending,/media/luzhenyang/project/alphagenome/alphagenome/VWF_ErTongYiyuan/output/gromacs_md_autoinhib/I1416T/md_7a6o,,,False,,,,,,,,
7a6o_closed_state,I1425F,pending,/media/luzhenyang/project/alphagenome/alphagenome/VWF_ErTongYiyuan/output/gromacs_md_autoinhib/I1425F/md_7a6o,,,False,,,,,,,,
7a6o_closed_state,R1426C,pending,/media/luzhenyang/project/alphagenome/alphagenome/VWF_ErTongYiyuan/output/gromacs_md_autoinhib/R1426C/md_7a6o,,,False,,,,,,,,
