Chromosome,Position,Ref,Alt,RNA_Delta_HUVEC,Splice_Delta_HUVEC,ATAC_Max_Delta,ATAC_Track_Idx,Histone_Max_Delta,Histone_Track_Idx,CAGE_Max_Delta,CAGE_Track_Idx,PROCAP_Max_Delta,PROCAP_Track_Idx,Contact_Max_Delta,Contact_Track_Idx,Data_Source,God_Mode_Status
chr12,6126975,T,C,4.0,0.015625,2.5,0,640.0,315,640.0,53,64.0,1,0.0625,16,AllTissues,Success
chr12,6126688,A,C,4.0,0.01953125,3.0,0,768.0,271,576.0,21,64.0,5,0.0625,16,AllTissues,Success
chr12,6126464,C,G,4.0,0.015625,4.0,11,768.0,315,640.0,105,40.0,0,0.0625,16,AllTissues,Success
chr12,6126256,G,A,2.5,0.015625,4.0,11,640.0,425,640.0,6,96.0,1,0.0625,16,AllTissues,Success
chr12,6126233,T,C,4.0,0.015625,4.0,5,640.0,323,448.0,62,32.0,11,0.0625,16,AllTissues,Success
chr12,6125928,G,A,2.5,0.01171875,3.0,6,640.0,315,384.0,14,40.0,6,0.0625,16,AllTissues,Success
chr12,6125927,G,A,4.0,0.015625,2.5,6,768.0,425,512.0,74,56.0,2,0.0625,16,AllTissues,Success
chr12,6125911,C,T,2.5,0.01171875,4.0,11,512.0,83,512.0,66,64.0,4,0.0625,16,AllTissues,Success
chr12,6125837,C,T,2.5,0.015625,3.0,7,512.0,270,640.0,122,64.0,0,0.0625,16,AllTissues,Success
chr12,6125823,G,A,2.5,0.015625,2.5,11,640.0,271,640.0,53,56.0,8,0.0625,16,AllTissues,Success
chr12,6125811,T,C,2.5,0.013671875,4.0,12,640.0,315,640.0,132,64.0,4,0.0625,16,AllTissues,Success
chr12,6125731,C,T,2.5,0.01171875,3.0,13,768.0,271,896.0,92,64.0,0,0.0625,16,AllTissues,Success
chr12,6125718,G,A,2.5,0.017578125,3.0,10,768.0,274,512.0,50,64.0,5,0.0625,16,AllTissues,Success
chr12,6125683,C,T,2.5,0.015625,3.0,6,768.0,274,640.0,100,64.0,4,0.0625,16,AllTissues,Success
chr12,6125524,A,C,2.5,0.03125,3.0,6,768.0,159,768.0,231,48.0,7,0.0625,16,AllTissues,Success
chr12,6125273,T,A,2.5,0.015625,2.0,0,640.0,253,640.0,132,80.0,5,0.0625,16,AllTissues,Success
chr12,6125272,T,C,2.5,0.01171875,3.0,11,640.0,315,896.0,251,64.0,0,0.0625,16,AllTissues,Success
chr12,6125092,G,A,2.5,0.064453125,3.0,11,512.0,159,768.0,131,64.0,0,0.0625,16,AllTissues,Success
chr12,6124846,C,G,2.5,0.013671875,2.5,2,640.0,269,640.0,89,96.0,1,0.0625,16,AllTissues,Success
chr12,6124705,AAAAGGAAACAATG,A,68.326171875,0.999999701976776,187.0195,2,2688.0,164,33259.125,14,4830.8594,0,0.1016,16,AllTissues,Success
chr12,6124551,C,G,2.5,0.017578125,2.5,2,640.0,271,896.0,251,48.0,5,0.0625,16,AllTissues,Success
chr12,6124548,C,T,2.5,0.025390625,5.0,5,640.0,269,896.0,6,64.0,5,0.0625,16,AllTissues,Success
chr12,6124527,G,C,2.5,0.015625,3.0,13,768.0,159,640.0,143,48.0,10,0.0625,16,AllTissues,Success
chr12,6124492,G,A,2.5,0.15618896484375,2.0312,141,768.0,271,640.0,100,48.0,2,0.0625,16,AllTissues,Success
chr12,6124418,T,G,3.484375,0.35546875,2.0,6,736.0,727,512.0,27,64.0,6,0.0625,16,AllTissues,Success
chr12,6123334,C,T,4.0,0.015625,2.0,13,640.0,83,512.0,152,80.0,6,0.0625,16,AllTissues,Success
chr12,6123260,G,A,4.0,0.015625,5.0,5,768.0,274,640.0,105,32.0,5,0.0625,16,AllTissues,Success
chr12,6123216,G,A,2.5,0.015625,2.5,5,640.0,323,512.0,108,64.0,3,0.0625,16,AllTissues,Success
chr12,6123206,A,T,4.0,0.085693359375,2.5,6,768.0,315,768.0,131,64.0,0,0.0312,16,AllTissues,Success
chr12,6123196,T,C,4.0,0.0234375,2.0,13,768.0,315,512.0,14,96.0,1,0.0625,16,AllTissues,Success
chr12,6123183,C,T,2.5,0.015625,3.0,13,512.0,150,448.0,265,56.0,8,0.0625,16,AllTissues,Success
chr12,6123176,G,A,4.0,0.015625,3.0,2,640.0,425,640.0,53,96.0,0,0.0625,16,AllTissues,Success
chr12,6123175,C,T,2.5,0.046875,2.5,11,768.0,274,768.0,58,112.0,5,0.0625,16,AllTissues,Success
chr12,6123172,C,A,4.0,0.015625,4.0,5,768.0,589,640.0,16,40.0,3,0.0625,16,AllTissues,Success
chr12,6123146,C,CA,40.7109375,0.9999993443489076,185.1211,2,1664.0,164,13568.0,14,4610.0,0,0.0703,1,AllTissues,Success
chr12,6123142,C,T,2.5,0.31591796875,4.0,2,640.0,252,896.0,251,112.0,5,0.0625,16,AllTissues,Success
chr12,6123134,G,T,4.0,0.015625,3.0,7,512.0,269,512.0,124,40.0,0,0.0625,16,AllTissues,Success
chr12,6123127,C,T,4.0,0.01708984375,5.0,5,512.0,535,640.0,17,64.0,5,0.0625,16,AllTissues,Success
chr12,6123126,G,C,4.0,0.015625,2.5,2,768.0,274,576.0,21,48.0,5,0.0625,16,AllTissues,Success
chr12,6122953,C,T,4.0,0.04443359375,2.0,0,768.0,269,512.0,236,64.0,3,0.0625,16,AllTissues,Success
chr12,6121657,A,G,2.5,0.015625,3.0,10,640.0,253,512.0,85,48.0,1,0.0625,16,AllTissues,Success
chr12,6121378,G,A,2.5,0.015625,4.0,12,640.0,83,640.0,100,80.0,9,0.0625,16,AllTissues,Success
chr12,6121355,C,T,2.5,0.015625,3.0,0,640.0,83,640.0,16,96.0,1,0.0625,16,AllTissues,Success
chr12,6121352,C,A,2.5,0.015625,3.0,10,768.0,274,448.0,133,32.0,2,0.0625,16,AllTissues,Success
chr12,6121345,G,A,4.0,0.013671875,2.5,10,640.0,253,640.0,85,64.0,0,0.0625,16,AllTissues,Success
chr12,6121341,G,T,2.5,0.14251708984375,3.0,10,512.0,274,512.0,52,64.0,5,0.0625,16,AllTissues,Success
chr12,6121320,C,A,4.0,0.01171875,2.0,4,512.0,271,512.0,35,40.0,6,0.0625,16,AllTissues,Success
chr12,6121317,G,C,2.5,0.013671875,4.0,11,640.0,269,384.0,238,48.0,0,0.0625,16,AllTissues,Success
chr12,6121314,C,T,4.0,0.0185546875,5.0,4,640.0,425,512.0,124,48.0,1,0.0625,16,AllTissues,Success
chr12,6121312,C,G,2.5,0.013671875,5.0,2,768.0,271,576.0,21,48.0,5,0.0625,16,AllTissues,Success
chr12,6121305,G,A,4.0,0.01171875,2.5,10,768.0,269,512.0,16,56.0,0,0.0625,16,AllTissues,Success
chr12,6121300,T,C,2.5,0.015625,3.0,0,768.0,159,640.0,132,48.0,7,0.0625,16,AllTissues,Success
chr12,6121298,C,T,2.5,0.015625,3.0,10,640.0,269,512.0,6,48.0,5,0.0625,16,AllTissues,Success
chr12,6121297,C,G,2.5,0.01171875,3.0,7,512.0,253,640.0,58,48.0,2,0.0625,16,AllTissues,Success
chr12,6121294,G,C,2.5,0.01171875,2.5,10,768.0,315,640.0,132,56.0,1,0.0625,16,AllTissues,Success
chr12,6121294,G,A,2.5,0.01171875,3.5,4,768.0,269,640.0,104,80.0,1,0.0625,16,AllTissues,Success
chr12,6121293,CG,C,40.0390625,0.999999225139618,182.0898,2,1344.0,326,12928.0,14,4340.0,0,0.0859,18,AllTissues,Success
chr12,6121291,A,T,2.5,0.015625,3.0,13,768.0,159,640.0,93,64.0,8,0.0625,16,AllTissues,Success
chr12,6121291,A,G,2.5,0.015625,3.0,11,768.0,589,640.0,66,64.0,8,0.0625,16,AllTissues,Success
chr12,6121287,C,T,2.5,0.015625,3.0,2,512.0,315,448.0,61,64.0,0,0.0625,16,AllTissues,Success
chr12,6121280,G,A,2.5,0.015625,2.0,5,512.0,454,384.0,35,64.0,6,0.0625,16,AllTissues,Success
chr12,6121268,G,C,2.5,0.015625,2.5,6,768.0,274,576.0,110,48.0,0,0.0625,16,AllTissues,Success
chr12,6121268,G,A,2.5,0.015625,2.5,10,768.0,274,640.0,6,112.0,5,0.0625,16,AllTissues,Success
chr12,6121255,C,G,2.5,0.01171875,3.0,2,768.0,315,640.0,93,64.0,11,0.0625,16,AllTissues,Success
chr12,6121254,T,A,4.0,0.013671875,2.5,4,768.0,274,512.0,83,96.0,3,0.0625,16,AllTissues,Success
chr12,6121247,G,T,2.5,0.015625,3.0,10,640.0,83,640.0,78,64.0,1,0.0625,16,AllTissues,Success
chr12,6121247,G,C,4.0,0.013671875,3.0,11,640.0,83,896.0,251,64.0,3,0.0625,16,AllTissues,Success
chr12,6121246,T,C,2.5,0.01171875,5.0,4,512.0,159,512.0,6,96.0,1,0.0625,16,AllTissues,Success
chr12,6121233,G,A,4.0,0.015625,2.5,4,448.0,164,576.0,110,32.0,7,0.0625,16,AllTissues,Success
chr12,6121233,G,A,4.0,0.015625,2.5,4,448.0,164,576.0,110,32.0,7,0.0625,16,AllTissues,Success
chr12,6121230,C,T,2.5,0.01171875,2.5,10,768.0,271,640.0,86,96.0,1,0.0625,16,AllTissues,Success
chr12,6121226,G,T,2.5,0.017578125,3.0,11,512.0,253,640.0,14,64.0,1,0.0625,16,AllTissues,Success
chr12,6121223,G,T,4.0,0.015625,2.5,7,768.0,274,640.0,89,64.0,4,0.0625,16,AllTissues,Success
chr12,6121223,G,C,4.0,0.015625,2.5,0,768.0,274,512.0,14,48.0,2,0.0625,16,AllTissues,Success
chr12,6121215,A,G,2.5,0.015625,3.0,7,768.0,274,512.0,74,64.0,1,0.0625,16,AllTissues,Success
chr12,6121212,A,G,4.0,0.015625,3.0,0,512.0,271,640.0,105,48.0,4,0.0625,16,AllTissues,Success
chr12,6121210,C,A,4.0,0.01171875,2.5,0,768.0,315,512.0,40,48.0,0,0.0625,16,AllTissues,Success
chr12,6121198,G,T,2.5,0.015625,3.0,10,768.0,315,640.0,58,48.0,11,0.0625,16,AllTissues,Success
chr12,6121198,G,A,4.0,0.013671875,4.0,12,768.0,315,512.0,85,48.0,11,0.0625,16,AllTissues,Success
chr12,6031443,C,G,8.03125,0.99462890625,2.5,5,512.0,253,512.0,14,64.0,0,0.0625,16,AllTissues,Success
chr12,6031442,A,C,8.052734375,0.9957809448242188,2.5,0,768.0,271,512.0,85,64.0,4,0.0625,16,AllTissues,Success
chr12,6031439,C,G,2.5,0.143310546875,2.5,6,768.0,274,512.0,103,48.0,4,0.0625,16,AllTissues,Success
chr12,6031148,C,A,4.0,0.0299053192138671,2.0,0,768.0,274,512.0,50,56.0,4,0.0625,16,AllTissues,Success
chr12,6029611,T,G,4.0,0.015625,2.0,6,768.0,274,768.0,115,80.0,0,0.0625,16,AllTissues,Success
chr12,6029470,T,C,4.0,0.015625,3.0,8,512.0,270,640.0,40,112.0,5,0.0625,16,AllTissues,Success
chr12,6029446,C,A,4.0,0.01171875,3.0,4,640.0,253,512.0,85,48.0,7,0.0625,16,AllTissues,Success
chr12,6029442,A,G,4.0,0.017578125,1.5,5,512.0,171,512.0,139,64.0,6,0.0625,16,AllTissues,Success
chr12,6029431,G,A,4.0,0.0244140625,5.0,5,768.0,271,576.0,21,56.0,4,0.0625,16,AllTissues,Success
chr12,6029429,C,T,3.5,0.015625,3.0,0,640.0,315,576.0,21,32.0,0,0.0625,16,AllTissues,Success
chr12,6029429,CC,TG,4.0,0.01171875,2.5,10,448.0,201,512.0,24,48.0,2,0.0625,16,AllTissues,Success
chr12,6029425,T,G,2.5,0.015625,2.0,0,896.0,324,640.0,100,32.0,0,0.0625,16,AllTissues,Success
chr12,6029409,C,T,4.0,0.01171875,2.0,13,512.0,315,512.0,55,64.0,0,0.0625,16,AllTissues,Success
chr12,6029409,C,A,4.0,0.013671875,2.0,5,768.0,159,640.0,100,64.0,6,0.0625,16,AllTissues,Success
chr12,6029407,T,A,4.0,0.01171875,2.5,0,768.0,271,640.0,55,96.0,0,0.0625,16,AllTissues,Success
chr12,6029400,AG,A,41.734375,0.9999977946281432,187.1562,2,896.0,273,11392.0,14,3896.0,0,0.1016,1,AllTissues,Success
chr12,6029395,C,T,4.0,0.01953125,3.0,10,768.0,269,768.0,115,48.0,0,0.0625,16,AllTissues,Success
chr12,6029388,C,T,4.0,0.015625,3.0,5,768.0,274,512.0,50,48.0,6,0.0625,16,AllTissues,Success
chr12,6029383,G,A,4.0,0.015625,2.0,4,512.0,253,512.0,68,56.0,2,0.0625,16,AllTissues,Success
chr12,6029382,C,T,4.0,0.013671875,4.0,5,640.0,253,640.0,100,48.0,3,0.0625,16,AllTissues,Success
chr12,6029373,C,T,4.0,0.013671875,3.0,0,512.0,425,640.0,78,48.0,9,0.0625,16,AllTissues,Success
chr12,6029368,A,G,4.0,0.013671875,4.0,12,768.0,274,640.0,100,32.0,10,0.0625,16,AllTissues,Success
chr12,6029366,G,A,4.0,0.015625,2.0,2,768.0,274,640.0,53,48.0,3,0.0625,16,AllTissues,Success
chr12,6029365,C,T,2.5,0.015625,3.0,2,640.0,253,384.0,16,32.0,1,0.0625,16,AllTissues,Success
chr12,6029365,C,G,3.5,0.013671875,2.0,7,640.0,253,512.0,80,64.0,6,0.0625,16,AllTissues,Success
chr12,6029345,G,T,4.0,0.01171875,3.0,11,512.0,164,512.0,53,48.0,6,0.0625,16,AllTissues,Success
chr12,6029343,T,TG,38.453125,0.9999985694885254,187.1562,2,1536.0,425,11520.0,14,4054.0,0,0.0801,1,AllTissues,Success
chr12,6029341,C,G,4.0,0.4834442138671875,2.5,0,640.0,83,640.0,78,48.0,1,0.0625,16,AllTissues,Success
chr12,6029340,A,G,4.0,0.04296875,3.0,10,768.0,159,512.0,78,32.0,3,0.0625,16,AllTissues,Success
chr12,6026099,C,T,4.0,0.0654296875,3.0,13,512.0,270,640.0,68,48.0,4,0.0625,16,AllTissues,Success
chr12,6026060,T,C,5.41796875,0.8984062671661377,2.0,0,384.0,589,512.0,124,48.0,4,0.0625,16,AllTissues,Success
chr12,6026058,A,G,2.5,0.19140625,2.0,4,640.0,83,512.0,66,64.0,6,0.0625,16,AllTissues,Success
chr12,6026047,C,T,4.828125,0.9912185668945312,3.0,0,640.0,315,640.0,58,56.0,0,0.0625,16,AllTissues,Success
chr12,6026046,C,A,4.96875,0.7548828125,3.0,0,640.0,83,512.0,85,112.0,5,0.0625,16,AllTissues,Success
chr12,6026041,T,C,4.0,0.1825590133666992,2.5,0,768.0,269,384.0,86,80.0,0,0.0625,16,AllTissues,Success
chr12,6026036,C,A,4.0,0.021484375,3.0,13,512.0,253,512.0,68,56.0,4,0.0625,16,AllTissues,Success
chr12,6026033,C,T,2.5,0.03564453125,2.0,13,768.0,274,512.0,124,48.0,5,0.0625,16,AllTissues,Success
chr12,6026033,C,A,2.5,0.0224609375,2.0,6,768.0,274,640.0,86,32.0,1,0.0625,16,AllTissues,Success
chr12,6026028,A,C,4.0,0.09375,3.0,10,512.0,589,512.0,19,32.0,0,0.0625,16,AllTissues,Success
chr12,6026027,C,T,4.0,0.017578125,4.0,5,512.0,425,640.0,100,128.0,5,0.0625,16,AllTissues,Success
chr12,6026027,C,G,4.0,0.015625,2.0,5,512.0,253,640.0,100,64.0,4,0.0625,16,AllTissues,Success
chr12,6026025,C,T,4.0,0.1552660167217254,3.0,2,512.0,315,768.0,131,32.0,11,0.0625,16,AllTissues,Success
chr12,6026021,T,C,4.0,0.02197265625,2.0,10,384.0,326,640.0,142,48.0,1,0.0625,16,AllTissues,Success
chr12,6026014,A,G,4.0,0.02392578125,3.0,4,640.0,83,512.0,83,32.0,2,0.0625,16,AllTissues,Success
chr12,6026007,G,A,2.5,0.0498046875,3.0,7,512.0,253,768.0,102,80.0,0,0.0625,16,AllTissues,Success
chr12,6025991,G,T,4.0,0.015625,3.0,7,512.0,83,512.0,103,48.0,1,0.0625,16,AllTissues,Success
chr12,6025990,G,A,2.5,0.021484375,2.5,7,512.0,425,640.0,14,112.0,5,0.0625,16,AllTissues,Success
chr12,6025971,C,A,4.0,0.0390625,2.5,0,640.0,83,448.0,229,64.0,4,0.0625,16,AllTissues,Success
chr12,6025952,A,C,4.0,0.02734375,5.0,2,512.0,315,640.0,104,128.0,0,0.0625,16,AllTissues,Success
chr12,6025941,AG,A,42.125,0.9999991655349731,182.1211,2,1216.0,425,13824.0,14,4470.0,0,0.0723,1,AllTissues,Success
chr12,6025925,T,C,4.0,0.0292205810546875,2.0,2,768.0,274,640.0,53,40.0,3,0.0625,16,AllTissues,Success
chr12,6025922,C,T,4.0,0.0281829833984375,4.0,12,512.0,274,640.0,40,48.0,6,0.0625,16,AllTissues,Success
chr12,6025922,C,G,4.0,0.01171875,4.0,12,1024.0,270,512.0,78,40.0,0,0.0625,16,AllTissues,Success
chr12,6025919,G,A,4.0,0.0654296875,3.0,0,896.0,324,512.0,123,64.0,0,0.0625,16,AllTissues,Success
chr12,6025914,T,TGTC,68.1640625,0.9999972581863404,186.8594,2,2080.0,315,27968.0,14,4877.5,0,0.1016,1,AllTissues,Success
chr12,6025911,T,C,4.0,0.017578125,2.0,0,640.0,315,512.0,124,80.0,0,0.0625,16,AllTissues,Success
chr12,6025910,CTGG,C,67.82421875,0.9999969005584716,184.9297,2,1344.0,240,26528.0,14,4427.75,0,0.1328,1,AllTissues,Success
chr12,6025905,C,A,8.6015625,0.9985885620117188,3.0,4,1024.0,270,640.0,14,48.0,2,0.0625,16,AllTissues,Success
chr12,6025904,A,C,8.48828125,0.9995956420898438,3.0,13,512.0,324,512.0,75,32.0,10,0.0625,16,AllTissues,Success
chr12,6025901,C,T,7.0703125,0.80078125,2.5,11,512.0,589,512.0,53,64.0,6,0.0625,16,AllTissues,Success
chr12,6025711,G,A,2.5,0.015625,5.0,4,896.0,324,384.0,8,48.0,2,0.0625,16,AllTissues,Success
chr12,6019733,C,T,2.5,0.013671875,3.0,13,512.0,164,768.0,115,64.0,1,0.0625,16,AllTissues,Success
chr12,6019732,A,C,2.5,0.013671875,2.5,13,768.0,274,384.0,63,48.0,3,0.0625,16,AllTissues,Success
chr12,6019730,C,T,2.5,0.015625,2.0,4,640.0,315,640.0,68,128.0,1,0.0625,16,AllTissues,Success
chr12,6019727,T,G,2.5,0.013671875,4.0,2,512.0,253,640.0,108,64.0,5,0.0625,16,AllTissues,Success
chr12,6019726,T,G,4.0,0.01171875,3.0,5,640.0,324,640.0,14,64.0,4,0.0625,16,AllTissues,Success
chr12,6019616,G,T,0.0,0.0,0.0,-1,0.0,-1,0.0,-1,0.0,-1,0.0,-1,AllTissues,Failed
chr12,6121202,GC,G,0.0,0.0,0.0,-1,0.0,-1,0.0,-1,0.0,-1,0.0,-1,AllTissues,Failed
chr12,6121192,G,A,0.0,0.0,0.0,-1,0.0,-1,0.0,-1,0.0,-1,0.0,-1,AllTissues,Failed
chr12,6121188,GA,G,0.0,0.0,0.0,-1,0.0,-1,0.0,-1,0.0,-1,0.0,-1,AllTissues,Failed
chr12,6121182,G,T,0.0,0.0,0.0,-1,0.0,-1,0.0,-1,0.0,-1,0.0,-1,AllTissues,Failed
chr12,6121182,G,A,0.0,0.0,0.0,-1,0.0,-1,0.0,-1,0.0,-1,0.0,-1,AllTissues,Failed
chr12,6121181,C,T,0.0,0.0,0.0,-1,0.0,-1,0.0,-1,0.0,-1,0.0,-1,AllTissues,Failed
chr12,6121174,C,T,0.0,0.0,0.0,-1,0.0,-1,0.0,-1,0.0,-1,0.0,-1,AllTissues,Failed
chr12,6121122,A,G,0.0,0.0,0.0,-1,0.0,-1,0.0,-1,0.0,-1,0.0,-1,AllTissues,Failed
chr12,6110984,G,C,0.0,0.0,0.0,-1,0.0,-1,0.0,-1,0.0,-1,0.0,-1,AllTissues,Failed
chr12,6125082,T,G,0.0,0.0,0.0,-1,0.0,-1,0.0,-1,0.0,-1,0.0,-1,AllTissues,Failed
chr12,6110970,T,G,0.0,0.0,0.0,-1,0.0,-1,0.0,-1,0.0,-1,0.0,-1,AllTissues,Failed
chr12,6125071,C,T,0.0,0.0,0.0,-1,0.0,-1,0.0,-1,0.0,-1,0.0,-1,AllTissues,Failed
chr12,6110970,T,A,0.0,0.0,0.0,-1,0.0,-1,0.0,-1,0.0,-1,0.0,-1,AllTissues,Failed
chr12,6125069,T,C,0.0,0.0,0.0,-1,0.0,-1,0.0,-1,0.0,-1,0.0,-1,AllTissues,Failed
chr12,6110968,C,G,0.0,0.0,0.0,-1,0.0,-1,0.0,-1,0.0,-1,0.0,-1,AllTissues,Failed
chr12,6124861,C,G,0.0,0.0,0.0,-1,0.0,-1,0.0,-1,0.0,-1,0.0,-1,AllTissues,Failed
chr12,6110960,G,A,0.0,0.0,0.0,-1,0.0,-1,0.0,-1,0.0,-1,0.0,-1,AllTissues,Failed
chr12,6121279,C,T,0.0,0.0,0.0,-1,0.0,-1,0.0,-1,0.0,-1,0.0,-1,AllTissues,Failed
chr12,6110984,G,C,0.0,0.0,0.0,-1,0.0,-1,0.0,-1,0.0,-1,0.0,-1,AllTissues,Failed
chr12,6110953,C,A,0.0,0.0,0.0,-1,0.0,-1,0.0,-1,0.0,-1,0.0,-1,AllTissues,Failed
chr12,6110970,T,G,0.0,0.0,0.0,-1,0.0,-1,0.0,-1,0.0,-1,0.0,-1,AllTissues,Failed
chr12,6110948,T,C,0.0,0.0,0.0,-1,0.0,-1,0.0,-1,0.0,-1,0.0,-1,AllTissues,Failed
chr12,6110970,T,A,0.0,0.0,0.0,-1,0.0,-1,0.0,-1,0.0,-1,0.0,-1,AllTissues,Failed
chr12,6110944,A,G,0.0,0.0,0.0,-1,0.0,-1,0.0,-1,0.0,-1,0.0,-1,AllTissues,Failed
chr12,6110968,C,G,0.0,0.0,0.0,-1,0.0,-1,0.0,-1,0.0,-1,0.0,-1,AllTissues,Failed
chr12,6110960,G,A,0.0,0.0,0.0,-1,0.0,-1,0.0,-1,0.0,-1,0.0,-1,AllTissues,Failed
chr12,6110953,C,A,0.0,0.0,0.0,-1,0.0,-1,0.0,-1,0.0,-1,0.0,-1,AllTissues,Failed
chr12,6110948,T,C,0.0,0.0,0.0,-1,0.0,-1,0.0,-1,0.0,-1,0.0,-1,AllTissues,Failed
chr12,6110944,A,G,0.0,0.0,0.0,-1,0.0,-1,0.0,-1,0.0,-1,0.0,-1,AllTissues,Failed
chr12,6110942,T,TA,0.0,0.0,0.0,-1,0.0,-1,0.0,-1,0.0,-1,0.0,-1,AllTissues,Failed
chr12,6110940,G,T,0.0,0.0,0.0,-1,0.0,-1,0.0,-1,0.0,-1,0.0,-1,AllTissues,Failed
chr12,6110942,T,TA,0.0,0.0,0.0,-1,0.0,-1,0.0,-1,0.0,-1,0.0,-1,AllTissues,Failed
chr12,6110939,G,A,0.0,0.0,0.0,-1,0.0,-1,0.0,-1,0.0,-1,0.0,-1,AllTissues,Failed
chr12,6110940,G,T,0.0,0.0,0.0,-1,0.0,-1,0.0,-1,0.0,-1,0.0,-1,AllTissues,Failed
chr12,6110938,A,G,0.0,0.0,0.0,-1,0.0,-1,0.0,-1,0.0,-1,0.0,-1,AllTissues,Failed
chr12,6110939,G,A,0.0,0.0,0.0,-1,0.0,-1,0.0,-1,0.0,-1,0.0,-1,AllTissues,Failed
chr12,6110936,A,G,0.0,0.0,0.0,-1,0.0,-1,0.0,-1,0.0,-1,0.0,-1,AllTissues,Failed
chr12,6110938,A,G,0.0,0.0,0.0,-1,0.0,-1,0.0,-1,0.0,-1,0.0,-1,AllTissues,Failed
chr12,6110934,G,A,0.0,0.0,0.0,-1,0.0,-1,0.0,-1,0.0,-1,0.0,-1,AllTissues,Failed
chr12,6110936,A,G,0.0,0.0,0.0,-1,0.0,-1,0.0,-1,0.0,-1,0.0,-1,AllTissues,Failed
chr12,6110934,G,A,0.0,0.0,0.0,-1,0.0,-1,0.0,-1,0.0,-1,0.0,-1,AllTissues,Failed
chr12,6110929,T,G,0.0,0.0,0.0,-1,0.0,-1,0.0,-1,0.0,-1,0.0,-1,AllTissues,Failed
chr12,6110929,T,G,0.0,0.0,0.0,-1,0.0,-1,0.0,-1,0.0,-1,0.0,-1,AllTissues,Failed
chr12,6110927,G,T,0.0,0.0,0.0,-1,0.0,-1,0.0,-1,0.0,-1,0.0,-1,AllTissues,Failed
chr12,6110927,G,T,0.0,0.0,0.0,-1,0.0,-1,0.0,-1,0.0,-1,0.0,-1,AllTissues,Failed
chr12,6110927,G,C,0.0,0.0,0.0,-1,0.0,-1,0.0,-1,0.0,-1,0.0,-1,AllTissues,Failed
chr12,6110927,G,C,0.0,0.0,0.0,-1,0.0,-1,0.0,-1,0.0,-1,0.0,-1,AllTissues,Failed
chr12,6110927,G,C,0.0,0.0,0.0,-1,0.0,-1,0.0,-1,0.0,-1,0.0,-1,AllTissues,Failed
chr12,6110927,G,C,0.0,0.0,0.0,-1,0.0,-1,0.0,-1,0.0,-1,0.0,-1,AllTissues,Failed
chr12,6110919,T,G,0.0,0.0,0.0,-1,0.0,-1,0.0,-1,0.0,-1,0.0,-1,AllTissues,Failed
chr12,6110919,T,G,0.0,0.0,0.0,-1,0.0,-1,0.0,-1,0.0,-1,0.0,-1,AllTissues,Failed
chr12,6110913,A,C,0.0,0.0,0.0,-1,0.0,-1,0.0,-1,0.0,-1,0.0,-1,AllTissues,Failed
chr12,6110913,A,C,0.0,0.0,0.0,-1,0.0,-1,0.0,-1,0.0,-1,0.0,-1,AllTissues,Failed
chr12,6110912,CA,C,0.0,0.0,0.0,-1,0.0,-1,0.0,-1,0.0,-1,0.0,-1,AllTissues,Failed
chr12,6110912,CA,C,0.0,0.0,0.0,-1,0.0,-1,0.0,-1,0.0,-1,0.0,-1,AllTissues,Failed
chr12,6110912,C,CA,0.0,0.0,0.0,-1,0.0,-1,0.0,-1,0.0,-1,0.0,-1,AllTissues,Failed
chr12,6110912,C,CA,0.0,0.0,0.0,-1,0.0,-1,0.0,-1,0.0,-1,0.0,-1,AllTissues,Failed
chr12,6110897,CAAA,TGT,0.0,0.0,0.0,-1,0.0,-1,0.0,-1,0.0,-1,0.0,-1,AllTissues,Failed
chr12,6110897,CAAA,TGT,0.0,0.0,0.0,-1,0.0,-1,0.0,-1,0.0,-1,0.0,-1,AllTissues,Failed
chr12,6110893,T,C,0.0,0.0,0.0,-1,0.0,-1,0.0,-1,0.0,-1,0.0,-1,AllTissues,Failed
chr12,6110893,T,C,0.0,0.0,0.0,-1,0.0,-1,0.0,-1,0.0,-1,0.0,-1,AllTissues,Failed
chr12,6110886,G,C,0.0,0.0,0.0,-1,0.0,-1,0.0,-1,0.0,-1,0.0,-1,AllTissues,Failed
chr12,6110886,G,C,0.0,0.0,0.0,-1,0.0,-1,0.0,-1,0.0,-1,0.0,-1,AllTissues,Failed
chr12,6110886,G,A,0.0,0.0,0.0,-1,0.0,-1,0.0,-1,0.0,-1,0.0,-1,AllTissues,Failed
chr12,6110886,G,A,0.0,0.0,0.0,-1,0.0,-1,0.0,-1,0.0,-1,0.0,-1,AllTissues,Failed
chr12,6110885,C,T,0.0,0.0,0.0,-1,0.0,-1,0.0,-1,0.0,-1,0.0,-1,AllTissues,Failed
chr12,6110885,C,T,0.0,0.0,0.0,-1,0.0,-1,0.0,-1,0.0,-1,0.0,-1,AllTissues,Failed
chr12,6110879,G,A,0.0,0.0,0.0,-1,0.0,-1,0.0,-1,0.0,-1,0.0,-1,AllTissues,Failed
chr12,6110879,G,A,0.0,0.0,0.0,-1,0.0,-1,0.0,-1,0.0,-1,0.0,-1,AllTissues,Failed
chr12,6110876,CCT,C,0.0,0.0,0.0,-1,0.0,-1,0.0,-1,0.0,-1,0.0,-1,AllTissues,Failed
chr12,6110876,CCT,C,0.0,0.0,0.0,-1,0.0,-1,0.0,-1,0.0,-1,0.0,-1,AllTissues,Failed
chr12,6110867,T,A,0.0,0.0,0.0,-1,0.0,-1,0.0,-1,0.0,-1,0.0,-1,AllTissues,Failed
chr12,6110867,T,A,0.0,0.0,0.0,-1,0.0,-1,0.0,-1,0.0,-1,0.0,-1,AllTissues,Failed
chr12,6110865,C,A,0.0,0.0,0.0,-1,0.0,-1,0.0,-1,0.0,-1,0.0,-1,AllTissues,Failed
chr12,6110865,C,A,0.0,0.0,0.0,-1,0.0,-1,0.0,-1,0.0,-1,0.0,-1,AllTissues,Failed
chr12,6110642,C,T,0.0,0.0,0.0,-1,0.0,-1,0.0,-1,0.0,-1,0.0,-1,AllTissues,Failed
chr12,6110591,C,CACTCTG,0.0,0.0,0.0,-1,0.0,-1,0.0,-1,0.0,-1,0.0,-1,AllTissues,Failed
chr12,6110642,C,T,0.0,0.0,0.0,-1,0.0,-1,0.0,-1,0.0,-1,0.0,-1,AllTissues,Failed
chr12,6110591,C,CACTCTG,0.0,0.0,0.0,-1,0.0,-1,0.0,-1,0.0,-1,0.0,-1,AllTissues,Failed
chr12,6110590,GCAAAGG,AGACTCTGAACTT,0.0,0.0,0.0,-1,0.0,-1,0.0,-1,0.0,-1,0.0,-1,AllTissues,Failed
chr12,6110590,GCAAAGG,AGACTCTGAACTT,0.0,0.0,0.0,-1,0.0,-1,0.0,-1,0.0,-1,0.0,-1,AllTissues,Failed
chr12,6110586,GAGGGCAAAGG,AGACTCTGAACTT,0.0,0.0,0.0,-1,0.0,-1,0.0,-1,0.0,-1,0.0,-1,AllTissues,Failed
chr12,6110583,C,G,0.0,0.0,0.0,-1,0.0,-1,0.0,-1,0.0,-1,0.0,-1,AllTissues,Failed
chr12,6110586,GAGGGCAAAGG,AGACTCTGAACTT,0.0,0.0,0.0,-1,0.0,-1,0.0,-1,0.0,-1,0.0,-1,AllTissues,Failed
chr12,6110579,G,GACTCT,0.0,0.0,0.0,-1,0.0,-1,0.0,-1,0.0,-1,0.0,-1,AllTissues,Failed
chr12,6110583,C,G,0.0,0.0,0.0,-1,0.0,-1,0.0,-1,0.0,-1,0.0,-1,AllTissues,Failed
chr12,6110568,T,C,0.0,0.0,0.0,-1,0.0,-1,0.0,-1,0.0,-1,0.0,-1,AllTissues,Failed
chr12,6110579,G,GACTCT,0.0,0.0,0.0,-1,0.0,-1,0.0,-1,0.0,-1,0.0,-1,AllTissues,Failed
chr12,6110565,G,A,0.0,0.0,0.0,-1,0.0,-1,0.0,-1,0.0,-1,0.0,-1,AllTissues,Failed
chr12,6110568,T,C,0.0,0.0,0.0,-1,0.0,-1,0.0,-1,0.0,-1,0.0,-1,AllTissues,Failed
chr12,6110559,T,C,0.0,0.0,0.0,-1,0.0,-1,0.0,-1,0.0,-1,0.0,-1,AllTissues,Failed
chr12,6110565,G,A,0.0,0.0,0.0,-1,0.0,-1,0.0,-1,0.0,-1,0.0,-1,AllTissues,Failed
chr12,6110557,C,T,0.0,0.0,0.0,-1,0.0,-1,0.0,-1,0.0,-1,0.0,-1,AllTissues,Failed
chr12,6110559,T,C,0.0,0.0,0.0,-1,0.0,-1,0.0,-1,0.0,-1,0.0,-1,AllTissues,Failed
chr12,6110553,A,G,0.0,0.0,0.0,-1,0.0,-1,0.0,-1,0.0,-1,0.0,-1,AllTissues,Failed
chr12,6110557,C,T,0.0,0.0,0.0,-1,0.0,-1,0.0,-1,0.0,-1,0.0,-1,AllTissues,Failed
chr12,6110551,A,G,0.0,0.0,0.0,-1,0.0,-1,0.0,-1,0.0,-1,0.0,-1,AllTissues,Failed
chr12,6110553,A,G,0.0,0.0,0.0,-1,0.0,-1,0.0,-1,0.0,-1,0.0,-1,AllTissues,Failed
chr12,6110548,G,C,0.0,0.0,0.0,-1,0.0,-1,0.0,-1,0.0,-1,0.0,-1,AllTissues,Failed
chr12,6110551,A,G,0.0,0.0,0.0,-1,0.0,-1,0.0,-1,0.0,-1,0.0,-1,AllTissues,Failed
chr12,6110540,A,G,0.0,0.0,0.0,-1,0.0,-1,0.0,-1,0.0,-1,0.0,-1,AllTissues,Failed
chr12,6110548,G,C,0.0,0.0,0.0,-1,0.0,-1,0.0,-1,0.0,-1,0.0,-1,AllTissues,Failed
chr12,6110530,AC,G,0.0,0.0,0.0,-1,0.0,-1,0.0,-1,0.0,-1,0.0,-1,AllTissues,Failed
chr12,6110540,A,G,0.0,0.0,0.0,-1,0.0,-1,0.0,-1,0.0,-1,0.0,-1,AllTissues,Failed
chr12,6110527,AGT,A,0.0,0.0,0.0,-1,0.0,-1,0.0,-1,0.0,-1,0.0,-1,AllTissues,Failed
chr12,6110530,AC,G,0.0,0.0,0.0,-1,0.0,-1,0.0,-1,0.0,-1,0.0,-1,AllTissues,Failed
chr12,6110521,G,T,0.0,0.0,0.0,-1,0.0,-1,0.0,-1,0.0,-1,0.0,-1,AllTissues,Failed
chr12,6110527,AGT,A,0.0,0.0,0.0,-1,0.0,-1,0.0,-1,0.0,-1,0.0,-1,AllTissues,Failed
chr12,6110518,ACAGCTTGTAGTACC,A,0.0,0.0,0.0,-1,0.0,-1,0.0,-1,0.0,-1,0.0,-1,AllTissues,Failed
chr12,6110521,G,T,0.0,0.0,0.0,-1,0.0,-1,0.0,-1,0.0,-1,0.0,-1,AllTissues,Failed
chr12,6110516,G,A,0.0,0.0,0.0,-1,0.0,-1,0.0,-1,0.0,-1,0.0,-1,AllTissues,Failed
chr12,6110518,ACAGCTTGTAGTACC,A,0.0,0.0,0.0,-1,0.0,-1,0.0,-1,0.0,-1,0.0,-1,AllTissues,Failed
chr12,6110515,C,T,0.0,0.0,0.0,-1,0.0,-1,0.0,-1,0.0,-1,0.0,-1,AllTissues,Failed
chr12,6110516,G,A,0.0,0.0,0.0,-1,0.0,-1,0.0,-1,0.0,-1,0.0,-1,AllTissues,Failed
chr12,6110497,C,A,0.0,0.0,0.0,-1,0.0,-1,0.0,-1,0.0,-1,0.0,-1,AllTissues,Failed
chr12,6110515,C,T,0.0,0.0,0.0,-1,0.0,-1,0.0,-1,0.0,-1,0.0,-1,AllTissues,Failed
chr12,6110493,G,T,0.0,0.0,0.0,-1,0.0,-1,0.0,-1,0.0,-1,0.0,-1,AllTissues,Failed
chr12,6110497,C,A,0.0,0.0,0.0,-1,0.0,-1,0.0,-1,0.0,-1,0.0,-1,AllTissues,Failed
chr12,6110493,G,T,0.0,0.0,0.0,-1,0.0,-1,0.0,-1,0.0,-1,0.0,-1,AllTissues,Failed
chr12,6110493,G,A,0.0,0.0,0.0,-1,0.0,-1,0.0,-1,0.0,-1,0.0,-1,AllTissues,Failed
chr12,6110485,C,T,0.0,0.0,0.0,-1,0.0,-1,0.0,-1,0.0,-1,0.0,-1,AllTissues,Failed
chr12,6110493,G,A,0.0,0.0,0.0,-1,0.0,-1,0.0,-1,0.0,-1,0.0,-1,AllTissues,Failed
chr12,6110485,C,A,0.0,0.0,0.0,-1,0.0,-1,0.0,-1,0.0,-1,0.0,-1,AllTissues,Failed
chr12,6110485,C,T,0.0,0.0,0.0,-1,0.0,-1,0.0,-1,0.0,-1,0.0,-1,AllTissues,Failed
chr12,6110484,T,C,0.0,0.0,0.0,-1,0.0,-1,0.0,-1,0.0,-1,0.0,-1,AllTissues,Failed
chr12,6110485,C,A,0.0,0.0,0.0,-1,0.0,-1,0.0,-1,0.0,-1,0.0,-1,AllTissues,Failed
chr12,6110481,C,T,0.0,0.0,0.0,-1,0.0,-1,0.0,-1,0.0,-1,0.0,-1,AllTissues,Failed
chr12,6110484,T,C,0.0,0.0,0.0,-1,0.0,-1,0.0,-1,0.0,-1,0.0,-1,AllTissues,Failed
chr12,6110479,TGCCATCGATCCTG,T,0.0,0.0,0.0,-1,0.0,-1,0.0,-1,0.0,-1,0.0,-1,AllTissues,Failed
chr12,6110481,C,T,0.0,0.0,0.0,-1,0.0,-1,0.0,-1,0.0,-1,0.0,-1,AllTissues,Failed
chr12,6110471,G,C,0.0,0.0,0.0,-1,0.0,-1,0.0,-1,0.0,-1,0.0,-1,AllTissues,Failed
chr12,6110479,TGCCATCGATCCTG,T,0.0,0.0,0.0,-1,0.0,-1,0.0,-1,0.0,-1,0.0,-1,AllTissues,Failed
chr12,6110466,T,C,0.0,0.0,0.0,-1,0.0,-1,0.0,-1,0.0,-1,0.0,-1,AllTissues,Failed
chr12,6110471,G,C,0.0,0.0,0.0,-1,0.0,-1,0.0,-1,0.0,-1,0.0,-1,AllTissues,Failed
chr12,6110457,A,T,0.0,0.0,0.0,-1,0.0,-1,0.0,-1,0.0,-1,0.0,-1,AllTissues,Failed
chr12,6110466,T,C,0.0,0.0,0.0,-1,0.0,-1,0.0,-1,0.0,-1,0.0,-1,AllTissues,Failed
chr12,6110457,A,G,0.0,0.0,0.0,-1,0.0,-1,0.0,-1,0.0,-1,0.0,-1,AllTissues,Failed
chr12,6110457,A,T,0.0,0.0,0.0,-1,0.0,-1,0.0,-1,0.0,-1,0.0,-1,AllTissues,Failed
chr12,6110444,G,A,0.0,0.0,0.0,-1,0.0,-1,0.0,-1,0.0,-1,0.0,-1,AllTissues,Failed
chr12,6110457,A,G,0.0,0.0,0.0,-1,0.0,-1,0.0,-1,0.0,-1,0.0,-1,AllTissues,Failed
chr12,6110439,T,C,0.0,0.0,0.0,-1,0.0,-1,0.0,-1,0.0,-1,0.0,-1,AllTissues,Failed
chr12,6110444,G,A,0.0,0.0,0.0,-1,0.0,-1,0.0,-1,0.0,-1,0.0,-1,AllTissues,Failed
chr12,6110437,T,C,0.0,0.0,0.0,-1,0.0,-1,0.0,-1,0.0,-1,0.0,-1,AllTissues,Failed
chr12,6110439,T,C,0.0,0.0,0.0,-1,0.0,-1,0.0,-1,0.0,-1,0.0,-1,AllTissues,Failed
chr12,6110428,C,T,0.0,0.0,0.0,-1,0.0,-1,0.0,-1,0.0,-1,0.0,-1,AllTissues,Failed
chr12,6110437,T,C,0.0,0.0,0.0,-1,0.0,-1,0.0,-1,0.0,-1,0.0,-1,AllTissues,Failed
chr12,6110428,C,G,0.0,0.0,0.0,-1,0.0,-1,0.0,-1,0.0,-1,0.0,-1,AllTissues,Failed
chr12,6110428,C,T,0.0,0.0,0.0,-1,0.0,-1,0.0,-1,0.0,-1,0.0,-1,AllTissues,Failed
chr12,6110428,C,G,0.0,0.0,0.0,-1,0.0,-1,0.0,-1,0.0,-1,0.0,-1,AllTissues,Failed
chr12,6110428,C,A,0.0,0.0,0.0,-1,0.0,-1,0.0,-1,0.0,-1,0.0,-1,AllTissues,Failed
chr12,6110428,C,A,0.0,0.0,0.0,-1,0.0,-1,0.0,-1,0.0,-1,0.0,-1,AllTissues,Failed
chr12,6110427,C,T,0.0,0.0,0.0,-1,0.0,-1,0.0,-1,0.0,-1,0.0,-1,AllTissues,Failed
chr12,6110427,C,T,0.0,0.0,0.0,-1,0.0,-1,0.0,-1,0.0,-1,0.0,-1,AllTissues,Failed
chr12,6110422,A,G,0.0,0.0,0.0,-1,0.0,-1,0.0,-1,0.0,-1,0.0,-1,AllTissues,Failed
chr12,6110422,A,G,0.0,0.0,0.0,-1,0.0,-1,0.0,-1,0.0,-1,0.0,-1,AllTissues,Failed
chr12,6110419,C,T,0.0,0.0,0.0,-1,0.0,-1,0.0,-1,0.0,-1,0.0,-1,AllTissues,Failed
chr12,6110419,C,T,0.0,0.0,0.0,-1,0.0,-1,0.0,-1,0.0,-1,0.0,-1,AllTissues,Failed
chr12,6110415,T,C,0.0,0.0,0.0,-1,0.0,-1,0.0,-1,0.0,-1,0.0,-1,AllTissues,Failed
chr12,6110415,T,C,0.0,0.0,0.0,-1,0.0,-1,0.0,-1,0.0,-1,0.0,-1,AllTissues,Failed
chr12,6110413,A,C,0.0,0.0,0.0,-1,0.0,-1,0.0,-1,0.0,-1,0.0,-1,AllTissues,Failed
chr12,6110413,A,C,0.0,0.0,0.0,-1,0.0,-1,0.0,-1,0.0,-1,0.0,-1,AllTissues,Failed
chr12,6110409,T,G,0.0,0.0,0.0,-1,0.0,-1,0.0,-1,0.0,-1,0.0,-1,AllTissues,Failed
chr12,6110409,T,A,0.0,0.0,0.0,-1,0.0,-1,0.0,-1,0.0,-1,0.0,-1,AllTissues,Failed
chr12,6110409,T,G,0.0,0.0,0.0,-1,0.0,-1,0.0,-1,0.0,-1,0.0,-1,AllTissues,Failed
chr12,6110408,GT,G,0.0,0.0,0.0,-1,0.0,-1,0.0,-1,0.0,-1,0.0,-1,AllTissues,Failed
chr12,6110409,T,A,0.0,0.0,0.0,-1,0.0,-1,0.0,-1,0.0,-1,0.0,-1,AllTissues,Failed
chr12,6110408,GT,G,0.0,0.0,0.0,-1,0.0,-1,0.0,-1,0.0,-1,0.0,-1,AllTissues,Failed
chr12,6110408,G,T,0.0,0.0,0.0,-1,0.0,-1,0.0,-1,0.0,-1,0.0,-1,AllTissues,Failed
chr12,6110408,G,T,0.0,0.0,0.0,-1,0.0,-1,0.0,-1,0.0,-1,0.0,-1,AllTissues,Failed
chr12,6110406,A,T,0.0,0.0,0.0,-1,0.0,-1,0.0,-1,0.0,-1,0.0,-1,AllTissues,Failed
chr12,6110406,A,T,0.0,0.0,0.0,-1,0.0,-1,0.0,-1,0.0,-1,0.0,-1,AllTissues,Failed
chr12,6110394,T,A,0.0,0.0,0.0,-1,0.0,-1,0.0,-1,0.0,-1,0.0,-1,AllTissues,Failed
chr12,6110394,T,A,0.0,0.0,0.0,-1,0.0,-1,0.0,-1,0.0,-1,0.0,-1,AllTissues,Failed
chr12,6110392,C,T,0.0,0.0,0.0,-1,0.0,-1,0.0,-1,0.0,-1,0.0,-1,AllTissues,Failed
chr12,6110392,C,T,0.0,0.0,0.0,-1,0.0,-1,0.0,-1,0.0,-1,0.0,-1,AllTissues,Failed
chr12,6110372,A,T,0.0,0.0,0.0,-1,0.0,-1,0.0,-1,0.0,-1,0.0,-1,AllTissues,Failed
chr12,6110372,A,T,0.0,0.0,0.0,-1,0.0,-1,0.0,-1,0.0,-1,0.0,-1,AllTissues,Failed
chr12,6110372,A,G,0.0,0.0,0.0,-1,0.0,-1,0.0,-1,0.0,-1,0.0,-1,AllTissues,Failed
chr12,6110372,A,G,0.0,0.0,0.0,-1,0.0,-1,0.0,-1,0.0,-1,0.0,-1,AllTissues,Failed
chr12,6110357,A,G,0.0,0.0,0.0,-1,0.0,-1,0.0,-1,0.0,-1,0.0,-1,AllTissues,Failed
chr12,6110357,A,G,0.0,0.0,0.0,-1,0.0,-1,0.0,-1,0.0,-1,0.0,-1,AllTissues,Failed
chr12,6110325,TAAA,T,0.0,0.0,0.0,-1,0.0,-1,0.0,-1,0.0,-1,0.0,-1,AllTissues,Failed
chr12,6110325,TAAA,T,0.0,0.0,0.0,-1,0.0,-1,0.0,-1,0.0,-1,0.0,-1,AllTissues,Failed
chr12,6095736,CA,C,0.0,0.0,0.0,-1,0.0,-1,0.0,-1,0.0,-1,0.0,-1,AllTissues,Failed
chr12,6095587,G,C,0.0,0.0,0.0,-1,0.0,-1,0.0,-1,0.0,-1,0.0,-1,AllTissues,Failed
chr12,6095736,CA,C,0.0,0.0,0.0,-1,0.0,-1,0.0,-1,0.0,-1,0.0,-1,AllTissues,Failed
chr12,6095586,T,C,0.0,0.0,0.0,-1,0.0,-1,0.0,-1,0.0,-1,0.0,-1,AllTissues,Failed
chr12,6095587,G,C,0.0,0.0,0.0,-1,0.0,-1,0.0,-1,0.0,-1,0.0,-1,AllTissues,Failed
chr12,6095575,G,T,0.0,0.0,0.0,-1,0.0,-1,0.0,-1,0.0,-1,0.0,-1,AllTissues,Failed
chr12,6095586,T,C,0.0,0.0,0.0,-1,0.0,-1,0.0,-1,0.0,-1,0.0,-1,AllTissues,Failed
chr12,6095572,G,A,0.0,0.0,0.0,-1,0.0,-1,0.0,-1,0.0,-1,0.0,-1,AllTissues,Failed
chr12,6095575,G,T,0.0,0.0,0.0,-1,0.0,-1,0.0,-1,0.0,-1,0.0,-1,AllTissues,Failed
chr12,6095572,G,A,0.0,0.0,0.0,-1,0.0,-1,0.0,-1,0.0,-1,0.0,-1,AllTissues,Failed
chr12,6095571,C,T,0.0,0.0,0.0,-1,0.0,-1,0.0,-1,0.0,-1,0.0,-1,AllTissues,Failed
chr12,6095571,C,T,0.0,0.0,0.0,-1,0.0,-1,0.0,-1,0.0,-1,0.0,-1,AllTissues,Failed
chr12,6095563,TA,T,0.0,0.0,0.0,-1,0.0,-1,0.0,-1,0.0,-1,0.0,-1,AllTissues,Failed
chr12,6095554,G,A,0.0,0.0,0.0,-1,0.0,-1,0.0,-1,0.0,-1,0.0,-1,AllTissues,Failed
chr12,6095563,TA,T,0.0,0.0,0.0,-1,0.0,-1,0.0,-1,0.0,-1,0.0,-1,AllTissues,Failed
chr12,6095546,A,G,0.0,0.0,0.0,-1,0.0,-1,0.0,-1,0.0,-1,0.0,-1,AllTissues,Failed
chr12,6095546,A,C,0.0,0.0,0.0,-1,0.0,-1,0.0,-1,0.0,-1,0.0,-1,AllTissues,Failed
chr12,6095554,G,A,0.0,0.0,0.0,-1,0.0,-1,0.0,-1,0.0,-1,0.0,-1,AllTissues,Failed
chr12,6095546,A,G,0.0,0.0,0.0,-1,0.0,-1,0.0,-1,0.0,-1,0.0,-1,AllTissues,Failed
chr12,6095544,C,G,0.0,0.0,0.0,-1,0.0,-1,0.0,-1,0.0,-1,0.0,-1,AllTissues,Failed
chr12,6095546,A,C,0.0,0.0,0.0,-1,0.0,-1,0.0,-1,0.0,-1,0.0,-1,AllTissues,Failed
chr12,6095542,G,A,0.0,0.0,0.0,-1,0.0,-1,0.0,-1,0.0,-1,0.0,-1,AllTissues,Failed
chr12,6095544,C,G,0.0,0.0,0.0,-1,0.0,-1,0.0,-1,0.0,-1,0.0,-1,AllTissues,Failed
chr12,6095538,CA,C,0.0,0.0,0.0,-1,0.0,-1,0.0,-1,0.0,-1,0.0,-1,AllTissues,Failed
chr12,6095525,G,A,0.0,0.0,0.0,-1,0.0,-1,0.0,-1,0.0,-1,0.0,-1,AllTissues,Failed
chr12,6095542,G,A,0.0,0.0,0.0,-1,0.0,-1,0.0,-1,0.0,-1,0.0,-1,AllTissues,Failed
chr12,6095522,A,G,0.0,0.0,0.0,-1,0.0,-1,0.0,-1,0.0,-1,0.0,-1,AllTissues,Failed
chr12,6095538,CA,C,0.0,0.0,0.0,-1,0.0,-1,0.0,-1,0.0,-1,0.0,-1,AllTissues,Failed
chr12,6095513,G,A,0.0,0.0,0.0,-1,0.0,-1,0.0,-1,0.0,-1,0.0,-1,AllTissues,Failed
chr12,6095525,G,A,0.0,0.0,0.0,-1,0.0,-1,0.0,-1,0.0,-1,0.0,-1,AllTissues,Failed
chr12,6095512,C,T,0.0,0.0,0.0,-1,0.0,-1,0.0,-1,0.0,-1,0.0,-1,AllTissues,Failed
chr12,6095522,A,G,0.0,0.0,0.0,-1,0.0,-1,0.0,-1,0.0,-1,0.0,-1,AllTissues,Failed
chr12,6095512,C,G,0.0,0.0,0.0,-1,0.0,-1,0.0,-1,0.0,-1,0.0,-1,AllTissues,Failed
chr12,6095513,G,A,0.0,0.0,0.0,-1,0.0,-1,0.0,-1,0.0,-1,0.0,-1,AllTissues,Failed
chr12,6095508,T,C,0.0,0.0,0.0,-1,0.0,-1,0.0,-1,0.0,-1,0.0,-1,AllTissues,Failed
chr12,6095512,C,T,0.0,0.0,0.0,-1,0.0,-1,0.0,-1,0.0,-1,0.0,-1,AllTissues,Failed
chr12,6095489,A,G,0.0,0.0,0.0,-1,0.0,-1,0.0,-1,0.0,-1,0.0,-1,AllTissues,Failed
chr12,6095471,C,T,0.0,0.0,0.0,-1,0.0,-1,0.0,-1,0.0,-1,0.0,-1,AllTissues,Failed
chr12,6095512,C,G,0.0,0.0,0.0,-1,0.0,-1,0.0,-1,0.0,-1,0.0,-1,AllTissues,Failed
chr12,6095471,C,A,0.0,0.0,0.0,-1,0.0,-1,0.0,-1,0.0,-1,0.0,-1,AllTissues,Failed
chr12,6095508,T,C,0.0,0.0,0.0,-1,0.0,-1,0.0,-1,0.0,-1,0.0,-1,AllTissues,Failed
chr12,6095465,G,T,0.0,0.0,0.0,-1,0.0,-1,0.0,-1,0.0,-1,0.0,-1,AllTissues,Failed
chr12,6095489,A,G,0.0,0.0,0.0,-1,0.0,-1,0.0,-1,0.0,-1,0.0,-1,AllTissues,Failed
chr12,6095465,G,A,0.0,0.0,0.0,-1,0.0,-1,0.0,-1,0.0,-1,0.0,-1,AllTissues,Failed
chr12,6095471,C,T,0.0,0.0,0.0,-1,0.0,-1,0.0,-1,0.0,-1,0.0,-1,AllTissues,Failed
chr12,6095460,C,A,0.0,0.0,0.0,-1,0.0,-1,0.0,-1,0.0,-1,0.0,-1,AllTissues,Failed
chr12,6095471,C,A,0.0,0.0,0.0,-1,0.0,-1,0.0,-1,0.0,-1,0.0,-1,AllTissues,Failed
chr12,6095465,G,T,0.0,0.0,0.0,-1,0.0,-1,0.0,-1,0.0,-1,0.0,-1,AllTissues,Failed
chr12,6095457,C,A,0.0,0.0,0.0,-1,0.0,-1,0.0,-1,0.0,-1,0.0,-1,AllTissues,Failed
chr12,6095465,G,A,0.0,0.0,0.0,-1,0.0,-1,0.0,-1,0.0,-1,0.0,-1,AllTissues,Failed
chr12,6095453,C,T,0.0,0.0,0.0,-1,0.0,-1,0.0,-1,0.0,-1,0.0,-1,AllTissues,Failed
chr12,6095460,C,A,0.0,0.0,0.0,-1,0.0,-1,0.0,-1,0.0,-1,0.0,-1,AllTissues,Failed
chr12,6095449,T,G,0.0,0.0,0.0,-1,0.0,-1,0.0,-1,0.0,-1,0.0,-1,AllTissues,Failed
chr12,6075569,G,A,0.0,0.0,0.0,-1,0.0,-1,0.0,-1,0.0,-1,0.0,-1,AllTissues,Failed
chr12,6095457,C,A,0.0,0.0,0.0,-1,0.0,-1,0.0,-1,0.0,-1,0.0,-1,AllTissues,Failed
chr12,6075554,G,T,0.0,0.0,0.0,-1,0.0,-1,0.0,-1,0.0,-1,0.0,-1,AllTissues,Failed
chr12,6095453,C,T,0.0,0.0,0.0,-1,0.0,-1,0.0,-1,0.0,-1,0.0,-1,AllTissues,Failed
chr12,6075553,T,C,0.0,0.0,0.0,-1,0.0,-1,0.0,-1,0.0,-1,0.0,-1,AllTissues,Failed
chr12,6095449,T,G,0.0,0.0,0.0,-1,0.0,-1,0.0,-1,0.0,-1,0.0,-1,AllTissues,Failed
chr12,6075546,C,T,0.0,0.0,0.0,-1,0.0,-1,0.0,-1,0.0,-1,0.0,-1,AllTissues,Failed
chr12,6075569,G,A,0.0,0.0,0.0,-1,0.0,-1,0.0,-1,0.0,-1,0.0,-1,AllTissues,Failed
chr12,6075544,C,T,0.0,0.0,0.0,-1,0.0,-1,0.0,-1,0.0,-1,0.0,-1,AllTissues,Failed
chr12,6075554,G,T,0.0,0.0,0.0,-1,0.0,-1,0.0,-1,0.0,-1,0.0,-1,AllTissues,Failed
chr12,6075543,C,T,0.0,0.0,0.0,-1,0.0,-1,0.0,-1,0.0,-1,0.0,-1,AllTissues,Failed
chr12,6075553,T,C,0.0,0.0,0.0,-1,0.0,-1,0.0,-1,0.0,-1,0.0,-1,AllTissues,Failed
chr12,6075539,G,A,0.0,0.0,0.0,-1,0.0,-1,0.0,-1,0.0,-1,0.0,-1,AllTissues,Failed
chr12,6075546,C,T,0.0,0.0,0.0,-1,0.0,-1,0.0,-1,0.0,-1,0.0,-1,AllTissues,Failed
chr12,6075517,G,T,0.0,0.0,0.0,-1,0.0,-1,0.0,-1,0.0,-1,0.0,-1,AllTissues,Failed
chr12,6075544,C,T,0.0,0.0,0.0,-1,0.0,-1,0.0,-1,0.0,-1,0.0,-1,AllTissues,Failed
chr12,6075514,G,A,0.0,0.0,0.0,-1,0.0,-1,0.0,-1,0.0,-1,0.0,-1,AllTissues,Failed
chr12,6075543,C,T,0.0,0.0,0.0,-1,0.0,-1,0.0,-1,0.0,-1,0.0,-1,AllTissues,Failed
chr12,6075512,C,T,0.0,0.0,0.0,-1,0.0,-1,0.0,-1,0.0,-1,0.0,-1,AllTissues,Failed
chr12,6075539,G,A,0.0,0.0,0.0,-1,0.0,-1,0.0,-1,0.0,-1,0.0,-1,AllTissues,Failed
chr12,6075503,G,A,0.0,0.0,0.0,-1,0.0,-1,0.0,-1,0.0,-1,0.0,-1,AllTissues,Failed
chr12,6075517,G,T,0.0,0.0,0.0,-1,0.0,-1,0.0,-1,0.0,-1,0.0,-1,AllTissues,Failed
chr12,6075502,C,T,0.0,0.0,0.0,-1,0.0,-1,0.0,-1,0.0,-1,0.0,-1,AllTissues,Failed
chr12,6075514,G,A,0.0,0.0,0.0,-1,0.0,-1,0.0,-1,0.0,-1,0.0,-1,AllTissues,Failed
chr12,6075498,G,C,0.0,0.0,0.0,-1,0.0,-1,0.0,-1,0.0,-1,0.0,-1,AllTissues,Failed
chr12,6075512,C,T,0.0,0.0,0.0,-1,0.0,-1,0.0,-1,0.0,-1,0.0,-1,AllTissues,Failed
chr12,6075487,A,C,0.0,0.0,0.0,-1,0.0,-1,0.0,-1,0.0,-1,0.0,-1,AllTissues,Failed
chr12,6075503,G,A,0.0,0.0,0.0,-1,0.0,-1,0.0,-1,0.0,-1,0.0,-1,AllTissues,Failed
chr12,6075483,G,T,0.0,0.0,0.0,-1,0.0,-1,0.0,-1,0.0,-1,0.0,-1,AllTissues,Failed
chr12,6075502,C,T,0.0,0.0,0.0,-1,0.0,-1,0.0,-1,0.0,-1,0.0,-1,AllTissues,Failed
chr12,6075473,AAGGCTCG,A,0.0,0.0,0.0,-1,0.0,-1,0.0,-1,0.0,-1,0.0,-1,AllTissues,Failed
chr12,6075498,G,C,0.0,0.0,0.0,-1,0.0,-1,0.0,-1,0.0,-1,0.0,-1,AllTissues,Failed
chr12,6075447,CAA,C,0.0,0.0,0.0,-1,0.0,-1,0.0,-1,0.0,-1,0.0,-1,AllTissues,Failed
chr12,6075487,A,C,0.0,0.0,0.0,-1,0.0,-1,0.0,-1,0.0,-1,0.0,-1,AllTissues,Failed
chr12,6075445,C,A,0.0,0.0,0.0,-1,0.0,-1,0.0,-1,0.0,-1,0.0,-1,AllTissues,Failed
chr12,6075483,G,T,0.0,0.0,0.0,-1,0.0,-1,0.0,-1,0.0,-1,0.0,-1,AllTissues,Failed
chr12,6075442,TCACA,T,0.0,0.0,0.0,-1,0.0,-1,0.0,-1,0.0,-1,0.0,-1,AllTissues,Failed
chr12,6075473,AAGGCTCG,A,0.0,0.0,0.0,-1,0.0,-1,0.0,-1,0.0,-1,0.0,-1,AllTissues,Failed
chr12,6075438,ACACTCACACAAAGT,A,0.0,0.0,0.0,-1,0.0,-1,0.0,-1,0.0,-1,0.0,-1,AllTissues,Failed
chr12,6075447,CAA,C,0.0,0.0,0.0,-1,0.0,-1,0.0,-1,0.0,-1,0.0,-1,AllTissues,Failed
chr12,6075434,C,T,0.0,0.0,0.0,-1,0.0,-1,0.0,-1,0.0,-1,0.0,-1,AllTissues,Failed
chr12,6075445,C,A,0.0,0.0,0.0,-1,0.0,-1,0.0,-1,0.0,-1,0.0,-1,AllTissues,Failed
chr12,6075428,G,GC,0.0,0.0,0.0,-1,0.0,-1,0.0,-1,0.0,-1,0.0,-1,AllTissues,Failed
chr12,6075442,TCACA,T,0.0,0.0,0.0,-1,0.0,-1,0.0,-1,0.0,-1,0.0,-1,AllTissues,Failed
chr12,6075420,G,A,0.0,0.0,0.0,-1,0.0,-1,0.0,-1,0.0,-1,0.0,-1,AllTissues,Failed
chr12,6075438,ACACTCACACAAAGT,A,0.0,0.0,0.0,-1,0.0,-1,0.0,-1,0.0,-1,0.0,-1,AllTissues,Failed
chr12,6075413,G,C,0.0,0.0,0.0,-1,0.0,-1,0.0,-1,0.0,-1,0.0,-1,AllTissues,Failed
chr12,6075434,C,T,0.0,0.0,0.0,-1,0.0,-1,0.0,-1,0.0,-1,0.0,-1,AllTissues,Failed
chr12,6075410,C,T,0.0,0.0,0.0,-1,0.0,-1,0.0,-1,0.0,-1,0.0,-1,AllTissues,Failed
chr12,6075428,G,GC,0.0,0.0,0.0,-1,0.0,-1,0.0,-1,0.0,-1,0.0,-1,AllTissues,Failed
chr12,6075404,G,T,0.0,0.0,0.0,-1,0.0,-1,0.0,-1,0.0,-1,0.0,-1,AllTissues,Failed
chr12,6075420,G,A,0.0,0.0,0.0,-1,0.0,-1,0.0,-1,0.0,-1,0.0,-1,AllTissues,Failed
chr12,6075397,TACTCCAGGAGGGCAGGGCAGGCGC,T,0.0,0.0,0.0,-1,0.0,-1,0.0,-1,0.0,-1,0.0,-1,AllTissues,Failed
chr12,6075413,G,C,0.0,0.0,0.0,-1,0.0,-1,0.0,-1,0.0,-1,0.0,-1,AllTissues,Failed
chr12,6075396,G,C,0.0,0.0,0.0,-1,0.0,-1,0.0,-1,0.0,-1,0.0,-1,AllTissues,Failed
chr12,6075410,C,T,0.0,0.0,0.0,-1,0.0,-1,0.0,-1,0.0,-1,0.0,-1,AllTissues,Failed
chr12,6075396,G,T,0.0,0.0,0.0,-1,0.0,-1,0.0,-1,0.0,-1,0.0,-1,AllTissues,Failed
chr12,6075404,G,T,0.0,0.0,0.0,-1,0.0,-1,0.0,-1,0.0,-1,0.0,-1,AllTissues,Failed
chr12,6075396,G,A,0.0,0.0,0.0,-1,0.0,-1,0.0,-1,0.0,-1,0.0,-1,AllTissues,Failed
chr12,6075397,TACTCCAGGAGGGCAGGGCAGGCGC,T,0.0,0.0,0.0,-1,0.0,-1,0.0,-1,0.0,-1,0.0,-1,AllTissues,Failed
chr12,6075395,C,G,0.0,0.0,0.0,-1,0.0,-1,0.0,-1,0.0,-1,0.0,-1,AllTissues,Failed
chr12,6075396,G,C,0.0,0.0,0.0,-1,0.0,-1,0.0,-1,0.0,-1,0.0,-1,AllTissues,Failed
chr12,6075395,C,A,0.0,0.0,0.0,-1,0.0,-1,0.0,-1,0.0,-1,0.0,-1,AllTissues,Failed
chr12,6075396,G,T,0.0,0.0,0.0,-1,0.0,-1,0.0,-1,0.0,-1,0.0,-1,AllTissues,Failed
chr12,6075396,G,A,0.0,0.0,0.0,-1,0.0,-1,0.0,-1,0.0,-1,0.0,-1,AllTissues,Failed
chr12,6075392,G,A,0.0,0.0,0.0,-1,0.0,-1,0.0,-1,0.0,-1,0.0,-1,AllTissues,Failed
chr12,6075391,C,T,0.0,0.0,0.0,-1,0.0,-1,0.0,-1,0.0,-1,0.0,-1,AllTissues,Failed
chr12,6075395,C,G,0.0,0.0,0.0,-1,0.0,-1,0.0,-1,0.0,-1,0.0,-1,AllTissues,Failed
chr12,6075395,C,A,0.0,0.0,0.0,-1,0.0,-1,0.0,-1,0.0,-1,0.0,-1,AllTissues,Failed
chr12,6075391,C,G,0.0,0.0,0.0,-1,0.0,-1,0.0,-1,0.0,-1,0.0,-1,AllTissues,Failed
chr12,6075392,G,A,0.0,0.0,0.0,-1,0.0,-1,0.0,-1,0.0,-1,0.0,-1,AllTissues,Failed
chr12,6075389,T,G,0.0,0.0,0.0,-1,0.0,-1,0.0,-1,0.0,-1,0.0,-1,AllTissues,Failed
chr12,6075391,C,T,0.0,0.0,0.0,-1,0.0,-1,0.0,-1,0.0,-1,0.0,-1,AllTissues,Failed
chr12,6075386,A,G,0.0,0.0,0.0,-1,0.0,-1,0.0,-1,0.0,-1,0.0,-1,AllTissues,Failed
chr12,6075391,C,G,0.0,0.0,0.0,-1,0.0,-1,0.0,-1,0.0,-1,0.0,-1,AllTissues,Failed
chr12,6075386,A,T,0.0,0.0,0.0,-1,0.0,-1,0.0,-1,0.0,-1,0.0,-1,AllTissues,Failed
chr12,6075389,T,G,0.0,0.0,0.0,-1,0.0,-1,0.0,-1,0.0,-1,0.0,-1,AllTissues,Failed
chr12,6075385,C,G,0.0,0.0,0.0,-1,0.0,-1,0.0,-1,0.0,-1,0.0,-1,AllTissues,Failed
chr12,6075386,A,G,0.0,0.0,0.0,-1,0.0,-1,0.0,-1,0.0,-1,0.0,-1,AllTissues,Failed
chr12,6075383,C,T,0.0,0.0,0.0,-1,0.0,-1,0.0,-1,0.0,-1,0.0,-1,AllTissues,Failed
chr12,6075386,A,T,0.0,0.0,0.0,-1,0.0,-1,0.0,-1,0.0,-1,0.0,-1,AllTissues,Failed
chr12,6075379,T,C,0.0,0.0,0.0,-1,0.0,-1,0.0,-1,0.0,-1,0.0,-1,AllTissues,Failed
chr12,6075385,C,G,0.0,0.0,0.0,-1,0.0,-1,0.0,-1,0.0,-1,0.0,-1,AllTissues,Failed
chr12,6075364,A,G,0.0,0.0,0.0,-1,0.0,-1,0.0,-1,0.0,-1,0.0,-1,AllTissues,Failed
chr12,6075383,C,T,0.0,0.0,0.0,-1,0.0,-1,0.0,-1,0.0,-1,0.0,-1,AllTissues,Failed
chr12,6075363,C,T,0.0,0.0,0.0,-1,0.0,-1,0.0,-1,0.0,-1,0.0,-1,AllTissues,Failed
chr12,6075379,T,C,0.0,0.0,0.0,-1,0.0,-1,0.0,-1,0.0,-1,0.0,-1,AllTissues,Failed
chr12,6075356,A,G,0.0,0.0,0.0,-1,0.0,-1,0.0,-1,0.0,-1,0.0,-1,AllTissues,Failed
chr12,6075364,A,G,0.0,0.0,0.0,-1,0.0,-1,0.0,-1,0.0,-1,0.0,-1,AllTissues,Failed
chr12,6075354,C,T,0.0,0.0,0.0,-1,0.0,-1,0.0,-1,0.0,-1,0.0,-1,AllTissues,Failed
chr12,6075363,C,T,0.0,0.0,0.0,-1,0.0,-1,0.0,-1,0.0,-1,0.0,-1,AllTissues,Failed
chr12,6075351,G,A,0.0,0.0,0.0,-1,0.0,-1,0.0,-1,0.0,-1,0.0,-1,AllTissues,Failed
chr12,6075356,A,G,0.0,0.0,0.0,-1,0.0,-1,0.0,-1,0.0,-1,0.0,-1,AllTissues,Failed
chr12,6075350,C,T,0.0,0.0,0.0,-1,0.0,-1,0.0,-1,0.0,-1,0.0,-1,AllTissues,Failed
chr12,6075354,C,T,0.0,0.0,0.0,-1,0.0,-1,0.0,-1,0.0,-1,0.0,-1,AllTissues,Failed
chr12,6075347,G,A,0.0,0.0,0.0,-1,0.0,-1,0.0,-1,0.0,-1,0.0,-1,AllTissues,Failed
chr12,6075351,G,A,0.0,0.0,0.0,-1,0.0,-1,0.0,-1,0.0,-1,0.0,-1,AllTissues,Failed
chr12,6075342,G,C,0.0,0.0,0.0,-1,0.0,-1,0.0,-1,0.0,-1,0.0,-1,AllTissues,Failed
chr12,6075350,C,T,0.0,0.0,0.0,-1,0.0,-1,0.0,-1,0.0,-1,0.0,-1,AllTissues,Failed
chr12,6075347,G,A,0.0,0.0,0.0,-1,0.0,-1,0.0,-1,0.0,-1,0.0,-1,AllTissues,Failed
chr12,6075342,G,C,0.0,0.0,0.0,-1,0.0,-1,0.0,-1,0.0,-1,0.0,-1,AllTissues,Failed
chr12,6075341,C,G,0.0,0.0,0.0,-1,0.0,-1,0.0,-1,0.0,-1,0.0,-1,AllTissues,Failed
chr12,6075340,G,T,0.0,0.0,0.0,-1,0.0,-1,0.0,-1,0.0,-1,0.0,-1,AllTissues,Failed
chr12,6075340,G,A,0.0,0.0,0.0,-1,0.0,-1,0.0,-1,0.0,-1,0.0,-1,AllTissues,Failed
chr12,6075337,CA,C,0.0,0.0,0.0,-1,0.0,-1,0.0,-1,0.0,-1,0.0,-1,AllTissues,Failed
chr12,6075337,C,T,0.0,0.0,0.0,-1,0.0,-1,0.0,-1,0.0,-1,0.0,-1,AllTissues,Failed
chr12,6075334,C,T,0.0,0.0,0.0,-1,0.0,-1,0.0,-1,0.0,-1,0.0,-1,AllTissues,Failed
chr12,6075333,A,G,0.0,0.0,0.0,-1,0.0,-1,0.0,-1,0.0,-1,0.0,-1,AllTissues,Failed
chr12,6075332,T,G,0.0,0.0,0.0,-1,0.0,-1,0.0,-1,0.0,-1,0.0,-1,AllTissues,Failed
chr12,6075330,C,T,0.0,0.0,0.0,-1,0.0,-1,0.0,-1,0.0,-1,0.0,-1,AllTissues,Failed
chr12,6075328,G,A,0.0,0.0,0.0,-1,0.0,-1,0.0,-1,0.0,-1,0.0,-1,AllTissues,Failed
chr12,6075327,C,T,0.0,0.0,0.0,-1,0.0,-1,0.0,-1,0.0,-1,0.0,-1,AllTissues,Failed
chr12,6075318,G,T,0.0,0.0,0.0,-1,0.0,-1,0.0,-1,0.0,-1,0.0,-1,AllTissues,Failed
chr12,6073758,A,T,0.0,0.0,0.0,-1,0.0,-1,0.0,-1,0.0,-1,0.0,-1,AllTissues,Failed
chr12,6073746,A,C,0.0,0.0,0.0,-1,0.0,-1,0.0,-1,0.0,-1,0.0,-1,AllTissues,Failed
chr12,6073744,G,T,0.0,0.0,0.0,-1,0.0,-1,0.0,-1,0.0,-1,0.0,-1,AllTissues,Failed
chr12,6073737,TG,T,0.0,0.0,0.0,-1,0.0,-1,0.0,-1,0.0,-1,0.0,-1,AllTissues,Failed
chr12,6073735,A,G,0.0,0.0,0.0,-1,0.0,-1,0.0,-1,0.0,-1,0.0,-1,AllTissues,Failed
chr12,6073733,A,T,0.0,0.0,0.0,-1,0.0,-1,0.0,-1,0.0,-1,0.0,-1,AllTissues,Failed
chr12,6073732,C,T,0.0,0.0,0.0,-1,0.0,-1,0.0,-1,0.0,-1,0.0,-1,AllTissues,Failed
chr12,6073730,G,C,0.0,0.0,0.0,-1,0.0,-1,0.0,-1,0.0,-1,0.0,-1,AllTissues,Failed
chr12,6073729,G,A,0.0,0.0,0.0,-1,0.0,-1,0.0,-1,0.0,-1,0.0,-1,AllTissues,Failed
chr12,6073722,A,AC,0.0,0.0,0.0,-1,0.0,-1,0.0,-1,0.0,-1,0.0,-1,AllTissues,Failed
