assay_key,variant_id,aa_change,source_labels,label_policy,inferred_domain,primary_metric,primary_value,wt_primary_value,primary_value_delta_vs_wt,primary_zscore_within_assay,primary_percentile_within_assay,metric_status
a1_aim_autoinhibition_context,VWF_D1302G,D1302G,Type2M,positive_only,A1,ptm_or_plddt,0.69539,0.51373,0.1816599999999999,2.386360337642119,1.0,ok
a1_aim_autoinhibition_context,VWF_D1472Y,D1472Y,Negative_GeneBe,negative_only,A1,ptm_or_plddt,0.69531,0.51373,0.1815799999999999,2.384698734739355,0.9921875,ok
a1_aim_autoinhibition_context,VWF_L1460P,L1460P,Type2B,positive_only,A1,ptm_or_plddt,0.46661,0.51373,-0.0471199999999999,-2.3654085635400657,0.0078125,ok
a1_aim_autoinhibition_context,VWF_S1387I,S1387I,Type2M,positive_only,A1,ptm_or_plddt,0.47987,0.51373,-0.03386,-2.0899978824067684,0.015625,ok
a1_aim_autoinhibition_context,VWF_D1472N,D1472N,Negative_GeneBe,negative_only,A1,ptm_or_plddt,0.6755,0.51373,0.1617699999999999,1.9732443159421735,0.984375,ok
a1_aim_autoinhibition_context,VWF_L1282R,L1282R,Type2M,positive_only,A1,ptm_or_plddt,0.49179,0.51373,-0.02194,-1.8424190498947848,0.0234375,ok
a1_aim_autoinhibition_context,VWF_E1447Q,E1447Q,Type1,positive_only,A1,ptm_or_plddt,0.66636,0.51373,0.1526299999999999,1.7834061843012723,0.9765625,ok
a1_aim_autoinhibition_context,VWF_L1383R,L1383R,Type2M,positive_only,A1,ptm_or_plddt,0.66283,0.51373,0.1491,1.710087956216769,0.96875,ok
a1_aim_autoinhibition_context,VWF_T1381A,T1381A,Negative_ClinVar|Negative_GeneBe,negative_only,A1,ptm_or_plddt,0.65949,0.51373,0.14576,1.6407160350263303,0.9609375,ok
a1_aim_autoinhibition_context,VWF_L1361W,L1361W,Type2M,positive_only,A1,ptm_or_plddt,0.50509,0.51373,-0.0086399999999999,-1.5661775673101042,0.03125,ok
a1_aim_autoinhibition_context,VWF_G1324A,G1324A,Type2M,positive_only,A1,ptm_or_plddt,0.65395,0.51373,0.14022,1.5256500340098549,0.953125,ok
a1_aim_autoinhibition_context,VWF_A1355D,A1355D,Type2M,positive_only,A1,ptm_or_plddt,0.50717,0.51373,-0.00656,-1.5229758918382148,0.0390625,ok
a1_aim_autoinhibition_context,VWF_G1324R,G1324R,Type2M,positive_only,A1,ptm_or_plddt,0.5079,0.51373,-0.00583,-1.5078137653504842,0.046875,ok
a1_aim_autoinhibition_context,VWF_G1415D,G1415D,Type1,positive_only,A1,ptm_or_plddt,0.65232,0.51373,0.13859,1.4917948748660177,0.9453125,ok
a1_aim_autoinhibition_context,VWF_R1308S,R1308S,Type2B,positive_only,A1,ptm_or_plddt,0.65098,0.51373,0.1372499999999999,1.463963026244704,0.9375,ok
a1_aim_autoinhibition_context,VWF_Y1349C,Y1349C,Type2M,positive_only,A1,ptm_or_plddt,0.64981,0.51373,0.1360799999999999,1.4396620837917655,0.9296875,ok
a1_aim_autoinhibition_context,VWF_S1263L,S1263L,Type1,positive_only,A1,ptm_or_plddt,0.64892,0.51373,0.13519,1.4211767514985063,0.921875,ok
a1_aim_autoinhibition_context,VWF_R1341Q,R1341Q,Type2B,positive_only,A1,ptm_or_plddt,0.64706,0.51373,0.1333299999999999,1.3825444840092185,0.9140625,ok
a1_aim_autoinhibition_context,VWF_N1421K,N1421K,Type1,positive_only,A1,ptm_or_plddt,0.51404,0.51373,0.00031,-1.3802857425632704,0.0546875,ok
a1_aim_autoinhibition_context,VWF_M1304V,M1304V,Type2B,positive_only,A1,ptm_or_plddt,0.51638,0.51373,0.0026499999999999,-1.3316838576573964,0.0625,ok
a1_gpiba_forced_binding,VWF_L1460P,L1460P,Type2B,positive_only,A1,iptm,0.48285,0.29334,0.18951,2.5068560667205886,1.0,ok
a1_gpiba_forced_binding,VWF_N1421K,N1421K,Type1,positive_only,A1,iptm,0.48127,0.29334,0.1879299999999999,2.481904289184071,0.9915966386554622,ok
a1_gpiba_forced_binding,VWF_A1461V,A1461V,Type2B,positive_only,A1,iptm,0.47446,0.29334,0.18112,2.3743589695488305,0.9831932773109244,ok
a1_gpiba_forced_binding,VWF_L1361W,L1361W,Type2M,positive_only,A1,iptm,0.46899,0.29334,0.17565,2.287975284026839,0.9747899159663864,ok
a1_gpiba_forced_binding,VWF_R1315H,R1315H,Type1|Type2M,positive_only,A1,iptm,0.458,0.29334,0.16466,2.1144182997696737,0.9663865546218487,ok
a1_gpiba_forced_binding,VWF_R1315P,R1315P,Type2M,positive_only,A1,iptm,0.45664,0.29334,0.1633,2.0929408203711524,0.957983193277311,ok
a1_gpiba_forced_binding,VWF_Y1349C,Y1349C,Type2M,positive_only,A1,iptm,0.19606,0.29334,-0.0972799999999999,-2.0222074014425093,0.0084033613445378,ok
a1_gpiba_forced_binding,VWF_R1399C,R1399C,Type2M,positive_only,A1,iptm,0.45088,0.29334,0.15754,2.001977378212711,0.9495798319327732,ok
a1_gpiba_forced_binding,VWF_K1362T,K1362T,Type2M,positive_only,A1,iptm,0.45025,0.29334,0.15691,1.992028251726631,0.9411764705882352,ok
a1_gpiba_forced_binding,VWF_P1337L,P1337L,Type2B,positive_only,A1,iptm,0.43179,0.29334,0.13845,1.7005030534202372,0.9327731092436976,ok
a1_gpiba_forced_binding,VWF_R1341W,R1341W,Type2B,positive_only,A1,iptm,0.22488,0.29334,-0.06846,-1.5670743453650298,0.0168067226890756,ok
a1_gpiba_forced_binding,VWF_C1272Y,C1272Y,Type2A,positive_only,A1,iptm,0.22494,0.29334,-0.0683999999999999,-1.5661268095092125,0.0252100840336134,ok
a1_gpiba_forced_binding,VWF_H1268N,H1268N,Type2B,positive_only,A1,iptm,0.42137,0.29334,0.12803,1.5359476597933346,0.9243697478991596,ok
a1_gpiba_forced_binding,VWF_R1341L,R1341L,Type2B,positive_only,A1,iptm,0.23162,0.29334,-0.06172,-1.4606344842282424,0.0336134453781512,ok
a1_gpiba_forced_binding,VWF_S1310F,S1310F,Type2B,positive_only,A1,iptm,0.23298,0.29334,-0.06036,-1.4391570048297213,0.042016806722689,ok
a1_gpiba_forced_binding,VWF_Y1363C,Y1363C,Type2M,positive_only,A1,iptm,0.41414,0.29334,0.1208,1.4217695891673738,0.9159663865546218,ok
a1_gpiba_forced_binding,VWF_S1387R,S1387R,Type2M,positive_only,A1,iptm,0.2354,0.29334,-0.0579399999999999,-1.400939725311765,0.0504201680672268,ok
a1_gpiba_forced_binding,VWF_P1413L,P1413L,Type1,positive_only,A1,iptm,0.41223,0.29334,0.11889,1.3916063644238623,0.907563025210084,ok
a1_gpiba_forced_binding,VWF_M1304R,M1304R,Type1|Type2A|Type2M,positive_only,A1,iptm,0.2401,0.29334,-0.0532399999999999,-1.3267160832727587,0.0588235294117647,ok
a1_gpiba_forced_binding,VWF_D1302G,D1302G,Type2M,positive_only,A1,iptm,0.24072,0.29334,-0.05262,-1.3169248794293156,0.0672268907563025,ok
a1_heparan_sulfate_binding,VWF_R1315H,R1315H,Type1|Type2M,positive_only,A1,iptm,0.25743,0.43148,-0.1740499999999999,-2.355539014895364,0.0084033613445378,ok
a1_heparan_sulfate_binding,VWF_K1362T,K1362T,Type2M,positive_only,A1,iptm,0.71531,0.43148,0.28383,2.16491536556689,1.0,ok
a1_heparan_sulfate_binding,VWF_S1358N,S1358N,Type2M,positive_only,A1,iptm,0.28912,0.43148,-0.14236,-2.0426771311772525,0.0168067226890756,ok
a1_heparan_sulfate_binding,VWF_P1337L,P1337L,Type2B,positive_only,A1,iptm,0.30522,0.43148,-0.1262599999999999,-1.8837286828382944,0.0252100840336134,ok
a1_heparan_sulfate_binding,VWF_W1313C,W1313C,Type2B,positive_only,A1,iptm,0.30567,0.43148,-0.1258099999999999,-1.879286024344348,0.0336134453781512,ok
a1_heparan_sulfate_binding,VWF_M1304V,M1304V,Type2B,positive_only,A1,iptm,0.68059,0.43148,0.24911,1.8221395813228756,0.9915966386554622,ok
a1_heparan_sulfate_binding,VWF_Y1363C,Y1363C,Type2M,positive_only,A1,iptm,0.31607,0.43148,-0.1154099999999999,-1.7766112502620393,0.042016806722689,ok
a1_heparan_sulfate_binding,VWF_R1341E,R1341E,Type2B,positive_only,A1,iptm,0.65946,0.43148,0.22798,1.6135320835960312,0.9831932773109244,ok
a1_heparan_sulfate_binding,VWF_L1446P,L1446P,Type2A,positive_only,A1,iptm,0.33314,0.43148,-0.0983399999999999,-1.6080864047250196,0.0504201680672268,ok
a1_heparan_sulfate_binding,VWF_L1365R,L1365R,Type2M,positive_only,A1,iptm,0.33376,0.43148,-0.0977199999999999,-1.601965408577805,0.0588235294117647,ok
a1_heparan_sulfate_binding,VWF_P1266Q,P1266Q,Type2B,positive_only,A1,iptm,0.65629,0.43148,0.22481,1.5822360226497891,0.9747899159663864,ok
a1_heparan_sulfate_binding,VWF_G1324S,G1324S,Type2M,positive_only,A1,iptm,0.65218,0.43148,0.2207,1.5416597417384146,0.9663865546218487,ok
a1_heparan_sulfate_binding,VWF_D1302G,D1302G,Type2M,positive_only,A1,iptm,0.65026,0.43148,0.2187799999999999,1.5227043988309112,0.957983193277311,ok
a1_heparan_sulfate_binding,VWF_I1372S,I1372S,Type2B,positive_only,A1,iptm,0.34242,0.43148,-0.0890599999999999,-1.516468914005421,0.0672268907563025,ok
a1_heparan_sulfate_binding,VWF_I1380V,I1380V,Negative_ClinVar|Negative_GeneBe,negative_only,A1,iptm,0.64796,0.43148,0.21648,1.4999974776396316,0.9495798319327732,ok
a1_heparan_sulfate_binding,VWF_L1340P,L1340P,Type2B,positive_only,A1,iptm,0.64633,0.43148,0.2148499999999999,1.4839051813171158,0.9411764705882352,ok
a1_heparan_sulfate_binding,VWF_D1472H,D1472H,Negative_ClinVar|Negative_GeneBe|Type1,negative_positive_overlap,A1,iptm,0.64566,0.43148,0.21418,1.4772905564483525,0.9327731092436976,ok
a1_heparan_sulfate_binding,VWF_D1472Y,D1472Y,Negative_GeneBe,negative_only,A1,iptm,0.34917,0.43148,-0.08231,-1.4498290365962307,0.0756302521008403,ok
a1_heparan_sulfate_binding,VWF_M1304R,M1304R,Type1|Type2A|Type2M,positive_only,A1,iptm,0.34991,0.43148,-0.0815699999999999,-1.4425233315172972,0.0840336134453781,ok
a1_heparan_sulfate_binding,VWF_S1285P,S1285P,Type1,positive_only,A1,iptm,0.35155,0.43148,-0.07993,-1.4263323094504716,0.0924369747899159,ok
a2_adamts13_folded_complex,VWF_V1665G,V1665G,Type2A,positive_only,A2,iptm,0.27491,0.25552,0.0193899999999999,3.216198199214693,1.0,ok
a2_adamts13_folded_complex,VWF_Y1542C,Y1542C,Type2A,positive_only,A2,iptm,0.09313,0.25552,-0.16239,-2.218109731185689,0.0125,ok
a2_adamts13_folded_complex,VWF_Q1526H,Q1526H,Type3,positive_only,A2,iptm,0.10282,0.25552,-0.1527,-1.9284274567573712,0.025,ok
a2_adamts13_folded_complex,VWF_G1579R,G1579R,Type2A,positive_only,A2,iptm,0.22733,0.25552,-0.02819,1.7937954523313722,0.9875,ok
a2_adamts13_folded_complex,VWF_R1583W,R1583W,Type1|Type2A,positive_only,A2,iptm,0.22592,0.25552,-0.0296,1.751643542430038,0.975,ok
a2_adamts13_folded_complex,VWF_G1631D,G1631D,Type2A,positive_only,A2,iptm,0.22223,0.25552,-0.03329,1.6413310973690995,0.9625,ok
a2_adamts13_folded_complex,VWF_K1518E,K1518E,Type2A,positive_only,A2,iptm,0.22186,0.25552,-0.03366,1.630269957891444,0.95,ok
a2_adamts13_folded_complex,VWF_L1580P,L1580P,Type2A,positive_only,A2,iptm,0.22018,0.25552,-0.03534,1.5800464056685772,0.9375,ok
a2_adamts13_folded_complex,VWF_L1582P,L1582P,Type2A,positive_only,A2,iptm,0.21906,0.25552,-0.03646,1.5465640375200005,0.925,ok
a2_adamts13_folded_complex,VWF_I1649N,I1649N,Type2A,positive_only,A2,iptm,0.2187,0.25552,-0.03682,1.5358018477579576,0.9125,ok
a2_adamts13_folded_complex,VWF_S1543F,S1543F,Type2A,positive_only,A2,iptm,0.11692,0.25552,-0.1386,-1.5069083577440283,0.0375,ok
a2_adamts13_folded_complex,VWF_L1562P,L1562P,Type2A,positive_only,A2,iptm,0.12186,0.25552,-0.13366,-1.3592271982315525,0.05,ok
a2_adamts13_folded_complex,VWF_I1525S,I1525S,Type2A,positive_only,A2,iptm,0.12265,0.25552,-0.13287,-1.3356101706981809,0.0625,ok
a2_adamts13_folded_complex,VWF_R1564P,R1564P,Type2A,positive_only,A2,iptm,0.12343,0.25552,-0.13209,-1.3122920928804214,0.075,ok
a2_adamts13_folded_complex,VWF_L1603P,L1603P,Type2A,positive_only,A2,iptm,0.21052,0.25552,-0.045,1.2912609803870967,0.9,ok
a2_adamts13_folded_complex,VWF_Q1526R,Q1526R,Negative_GeneBe,negative_only,A2,iptm,0.12784,0.25552,-0.12768,-1.1804552682953968,0.0875,ok
a2_adamts13_folded_complex,VWF_R1641K,R1641K,Negative_GeneBe,negative_only,A2,iptm,0.20679,0.25552,-0.04873,1.1797527364637086,0.8875,ok
a2_adamts13_folded_complex,VWF_A1500V,A1500V,Negative_GeneBe|Type1|Type2A,negative_positive_overlap,A2,iptm,0.12806,0.25552,-0.12746,-1.1738783745519263,0.1,ok
a2_adamts13_folded_complex,VWF_L1639P,L1639P,Type2A,positive_only,A2,iptm,0.20556,0.25552,-0.04996,1.1429819214433954,0.875,ok
a2_adamts13_folded_complex,VWF_L1657I,L1657I,Type2A,positive_only,A2,iptm,0.20506,0.25552,-0.05046,1.1280344356627805,0.8625,ok
a2_folded_stability,VWF_D1513N,D1513N,Negative_ClinVar|Negative_GeneBe,negative_only,A2,ptm_or_plddt,0.70782,0.52068,0.1871399999999999,2.4489011477920792,1.0,ok
a2_folded_stability,VWF_M1528V,M1528V,Type2A,positive_only,A2,ptm_or_plddt,0.66789,0.52068,0.1472099999999999,1.9804561085268688,0.9875,ok
a2_folded_stability,VWF_S1486L,S1486L,Negative_GeneBe,negative_only,A2,ptm_or_plddt,0.66738,0.52068,0.1466999999999999,1.974472963772918,0.975,ok
a2_folded_stability,VWF_I1525S,I1525S,Type2A,positive_only,A2,ptm_or_plddt,0.3344,0.52068,-0.18628,-1.9319339777379672,0.0125,ok
a2_folded_stability,VWF_Q1556R,Q1556R,Type2A,positive_only,A2,ptm_or_plddt,0.65747,0.52068,0.1367899999999999,1.858212249044187,0.9625,ok
a2_folded_stability,VWF_G1631D,G1631D,Type2A,positive_only,A2,ptm_or_plddt,0.65527,0.52068,0.13459,1.8324026050075368,0.95,ok
a2_folded_stability,VWF_F1520L,F1520L,Type1,positive_only,A2,ptm_or_plddt,0.65321,0.52068,0.1325299999999999,1.8082353928641264,0.9375,ok
a2_folded_stability,VWF_V1485I,V1485I,Negative_GeneBe,negative_only,A2,ptm_or_plddt,0.6388,0.52068,0.11812,1.6391822244240657,0.925,ok
a2_folded_stability,VWF_R1492S,R1492S,Negative_GeneBe,negative_only,A2,ptm_or_plddt,0.6364,0.52068,0.1157199999999999,1.6110262491113547,0.9125,ok
a2_folded_stability,VWF_L1603P,L1603P,Type2A,positive_only,A2,ptm_or_plddt,0.36259,0.52068,-0.15809,-1.601218584377429,0.025,ok
a2_folded_stability,VWF_V1604F,V1604F,Type2A,positive_only,A2,ptm_or_plddt,0.36902,0.52068,-0.15166,-1.5257840338521271,0.0375,ok
a2_folded_stability,VWF_I1649N,I1649N,Type2A,positive_only,A2,ptm_or_plddt,0.37126,0.52068,-0.14942,-1.499505123560265,0.05,ok
a2_folded_stability,VWF_I1628N,I1628N,Type2A,positive_only,A2,ptm_or_plddt,0.62689,0.52068,0.1062099999999999,1.4994581969347418,0.9,ok
a2_folded_stability,VWF_R1597W,R1597W,Type2A,positive_only,A2,ptm_or_plddt,0.3744,0.52068,-0.14628,-1.462667722526136,0.0625,ok
a2_folded_stability,VWF_L1503R,L1503R,Type2A,positive_only,A2,ptm_or_plddt,0.38466,0.52068,-0.13602,-1.3423009280643017,0.075,ok
a2_folded_stability,VWF_G1505E,G1505E,Type2A,positive_only,A2,ptm_or_plddt,0.38599,0.52068,-0.13469,-1.3266978250785082,0.0875,ok
a2_folded_stability,VWF_G1629E,G1629E,Type2A,positive_only,A2,ptm_or_plddt,0.38779,0.52068,-0.13289,-1.3055808435939755,0.1,ok
a2_folded_stability,VWF_G1643S,G1643S,Negative_GeneBe,negative_only,A2,ptm_or_plddt,0.60948,0.52068,0.0887999999999999,1.2952100593537934,0.8875,ok
a2_folded_stability,VWF_V1665G,V1665G,Type2A,positive_only,A2,ptm_or_plddt,0.60537,0.52068,0.0846899999999999,1.2469929516307772,0.875,ok
a2_folded_stability,VWF_G1629R,G1629R,Type2A,positive_only,A2,ptm_or_plddt,0.39366,0.52068,-0.12702,-1.2367160206416394,0.1125,ok
a3_collagen_binding,VWF_V1760I,V1760I,Negative_GeneBe|Type1,negative_positive_overlap,A3,iptm,0.57498,0.4885,0.08648,2.2532997780625856,1.0,ok
a3_collagen_binding,VWF_R1779L,R1779L,Type1,positive_only,A3,iptm,0.56803,0.4885,0.07953,2.058656155751274,0.9565217391304348,ok
a3_collagen_binding,VWF_P1749L,P1749L,Negative_GeneBe,negative_only,A3,iptm,0.55864,0.4885,0.07014,1.7956772185565677,0.9130434782608696,ok
a3_collagen_binding,VWF_V1822G,V1822G,Type1,positive_only,A3,iptm,0.44462,0.4885,-0.0438799999999999,-1.3975984384125952,0.0434782608695652,ok
a3_collagen_binding,VWF_L1774S,L1774S,Type1,positive_only,A3,iptm,0.45411,0.4885,-0.0343899999999999,-1.1318188735587331,0.0869565217391304,ok
a3_collagen_binding,VWF_A1716P,A1716P,Type1,positive_only,A3,iptm,0.4549,0.4885,-0.0335999999999999,-1.109693915051404,0.1304347826086956,ok
a3_collagen_binding,VWF_I1741T,I1741T,Negative_GeneBe,negative_only,A3,iptm,0.53223,0.4885,0.0437299999999999,1.0560314537735844,0.8695652173913043,ok
a3_collagen_binding,VWF_D1845N,D1845N,Negative_GeneBe,negative_only,A3,iptm,0.46226,0.4885,-0.0262399999999999,-0.903567719337556,0.1739130434782608,ok
a3_collagen_binding,VWF_P1684R,P1684R,Negative_GeneBe,negative_only,A3,iptm,0.46673,0.4885,-0.02177,-0.7783796629733034,0.217391304347826,ok
a3_collagen_binding,VWF_N1818S,N1818S,Negative_GeneBe,negative_only,A3,iptm,0.52226,0.4885,0.0337599999999999,0.7768088761557748,0.8260869565217391,ok
a3_collagen_binding,VWF_E1673K,E1673K,Negative_GeneBe,negative_only,A3,iptm,0.46764,0.4885,-0.0208599999999999,-0.7528939512749873,0.2608695652173913,ok
a3_collagen_binding,VWF_A1714T,A1714T,Negative_GeneBe,negative_only,A3,iptm,0.47556,0.4885,-0.01294,-0.5310842406698678,0.3043478260869565,ok
a3_collagen_binding,VWF_R1726H,R1726H,Negative_GeneBe,negative_only,A3,iptm,0.47766,0.4885,-0.01084,-0.4722710598276015,0.3478260869565217,ok
a3_collagen_binding,VWF_P1824H,P1824H,Type1,positive_only,A3,iptm,0.51099,0.4885,0.02249,0.4611781389689469,0.782608695652174,ok
a3_collagen_binding,VWF_R1837W,R1837W,Type1,positive_only,A3,iptm,0.47953,0.4885,-0.0089699999999999,-0.4198993226013915,0.391304347826087,ok
a3_collagen_binding,VWF_T1801M,T1801M,Negative_ClinVar|Negative_GeneBe,negative_only,A3,iptm,0.48263,0.4885,-0.0058699999999999,-0.3330798651675696,0.4347826086956521,ok
a3_collagen_binding,VWF_Q1762R,Q1762R,Negative_GeneBe,negative_only,A3,iptm,0.50533,0.4885,0.0168299999999999,0.3026626134607395,0.7391304347826086,ok
a3_collagen_binding,VWF_I1825V,I1825V,Negative_GeneBe,negative_only,A3,iptm,0.48629,0.4885,-0.0022099999999999,-0.2305768928424764,0.4782608695652174,ok
a3_collagen_binding,VWF_V1803I,V1803I,Negative_GeneBe,negative_only,A3,iptm,0.48696,0.4885,-0.0015399999999999,-0.2118126875261341,0.5217391304347826,ok
a3_collagen_binding,VWF_N1722D,N1722D,Negative_GeneBe,negative_only,A3,iptm,0.4872,0.4885,-0.0012999999999999,-0.2050911811441602,0.5652173913043478,ok
c1_collagen_binding,VWF_C2257S,C2257S,Type1,positive_only,C1,iptm,0.59549,0.53432,0.0611699999999999,2.553558968950471,1.0,ok
c1_collagen_binding,VWF_R2287W,R2287W,Type1,positive_only,C1,iptm,0.51117,0.53432,-0.02315,-1.2491725709342882,0.0714285714285714,ok
c1_collagen_binding,VWF_C2283R,C2283R,Type3,positive_only,C1,iptm,0.51367,0.53432,-0.02065,-1.136425549471863,0.1428571428571428,ok
c1_collagen_binding,VWF_T2282I,T2282I,Negative_GeneBe,negative_only,C1,iptm,0.56021,0.53432,0.0258899999999999,0.9624730020726924,0.9285714285714286,ok
c1_collagen_binding,VWF_R2311H,R2311H,Negative_GeneBe|Type1,negative_positive_overlap,C1,iptm,0.51808,0.53432,-0.01624,-0.9375398036121394,0.2142857142857142,ok
c1_collagen_binding,VWF_R2287Q,R2287Q,Negative_GeneBe,negative_only,C1,iptm,0.51865,0.53432,-0.0156699999999999,-0.9118334827187028,0.2857142857142857,ok
c1_collagen_binding,VWF_I2258V,I2258V,Negative_GeneBe,negative_only,C1,iptm,0.55348,0.53432,0.0191599999999999,0.6589580202958363,0.8571428571428571,ok
c1_collagen_binding,VWF_R2313H,R2313H,Negative_GeneBe|Type1,negative_positive_overlap,C1,iptm,0.54895,0.53432,0.01463,0.4546604174059207,0.7857142857142857,ok
c1_collagen_binding,VWF_P2297L,P2297L,Type1,positive_only,C1,iptm,0.52917,0.53432,-0.0051499999999999,-0.4373940164048081,0.3571428571428571,ok
c1_collagen_binding,VWF_E2322V,E2322V,Negative_GeneBe,negative_only,C1,iptm,0.5457,0.53432,0.0113799999999999,0.3080892895047608,0.7142857142857143,ok
c1_collagen_binding,VWF_T2303M,T2303M,Negative_GeneBe,negative_only,C1,iptm,0.5345,0.53432,0.0001799999999999,-0.1970173666469147,0.4285714285714285,ok
c1_collagen_binding,VWF_W2271G,W2271G,Type1,positive_only,C1,iptm,0.53636,0.53432,0.0020399999999999,-0.1131335826788697,0.5,ok
c1_collagen_binding,VWF_C2304Y,C2304Y,Type1,positive_only,C1,iptm,0.541,0.53432,0.00668,0.0961248891554,0.6428571428571429,ok
c1_collagen_binding,VWF_R2313C,R2313C,Negative_GeneBe,negative_only,C1,iptm,0.53773,0.53432,0.00341,-0.0513482149174551,0.5714285714285714,ok
c1_collagen_binding,VWF_M1V,M1V,Type3,positive_only,SP,,,0.53432,,,,
c1_collagen_binding,VWF_G8R,G8R,Negative_GeneBe,negative_only,SP,,,0.53432,,,,
c1_collagen_binding,VWF_V9L,V9L,Negative_GeneBe,negative_only,SP,,,0.53432,,,,
c1_collagen_binding,VWF_G19R,G19R,Type1,positive_only,SP,,,0.53432,,,,
c1_collagen_binding,VWF_T26S,T26S,Negative_GeneBe,negative_only,D1,,,0.53432,,,,
c1_collagen_binding,VWF_R27H,R27H,Negative_GeneBe,negative_only,D1,,,0.53432,,,,
c2_collagen_binding,VWF_L2380F,L2380F,Negative_GeneBe,negative_only,C2,iptm,0.61855,0.51114,0.10741,2.3595940901743035,1.0,ok
c2_collagen_binding,VWF_R2384W,R2384W,Negative_GeneBe,negative_only,C2,iptm,0.59332,0.51114,0.0821799999999999,1.2910427159652964,0.9166666666666666,ok
c2_collagen_binding,VWF_C2325S,C2325S,Type3,positive_only,C2,iptm,0.53971,0.51114,0.0285699999999999,-0.9794701326809424,0.0833333333333333,ok
c2_collagen_binding,VWF_P2336L,P2336L,Negative_GeneBe,negative_only,C2,iptm,0.54193,0.51114,0.0307899999999999,-0.8854477763296152,0.1666666666666666,ok
c2_collagen_binding,VWF_R2342H,R2342H,Negative_GeneBe,negative_only,C2,iptm,0.58173,0.51114,0.0705899999999999,0.800178251950935,0.8333333333333334,ok
c2_collagen_binding,VWF_E2366D,E2366D,Negative_GeneBe,negative_only,C2,iptm,0.54552,0.51114,0.0343799999999999,-0.7334026144821993,0.25,ok
c2_collagen_binding,VWF_C2327Y,C2327Y,Type1,positive_only,C2,iptm,0.54557,0.51114,0.0344299999999999,-0.7312849938436562,0.3333333333333333,ok
c2_collagen_binding,VWF_E2353D,E2353D,Negative_GeneBe,negative_only,C2,iptm,0.55358,0.51114,0.0424399999999999,-0.3920421675490039,0.4166666666666667,ok
c2_collagen_binding,VWF_R2384Q,R2384Q,Negative_GeneBe,negative_only,C2,iptm,0.55654,0.51114,0.0453999999999999,-0.266679025747231,0.5,ok
c2_collagen_binding,VWF_C2327W,C2327W,Type2A,positive_only,C2,iptm,0.55701,0.51114,0.0458699999999999,-0.2467733917449242,0.5833333333333334,ok
c2_collagen_binding,VWF_R2342C,R2342C,Negative_GeneBe,negative_only,C2,iptm,0.56004,0.51114,0.0488999999999999,-0.1184455810491947,0.6666666666666666,ok
c2_collagen_binding,VWF_C2362F,C2362F,Type1|Type2A|Type3,positive_only,C2,iptm,0.56054,0.51114,0.0494,-0.0972693746637582,0.75,ok
c2_collagen_binding,VWF_M1V,M1V,Type3,positive_only,SP,,,0.51114,,,,
c2_collagen_binding,VWF_G8R,G8R,Negative_GeneBe,negative_only,SP,,,0.51114,,,,
c2_collagen_binding,VWF_V9L,V9L,Negative_GeneBe,negative_only,SP,,,0.51114,,,,
c2_collagen_binding,VWF_G19R,G19R,Type1,positive_only,SP,,,0.51114,,,,
c2_collagen_binding,VWF_T26S,T26S,Negative_GeneBe,negative_only,D1,,,0.51114,,,,
c2_collagen_binding,VWF_R27H,R27H,Negative_GeneBe,negative_only,D1,,,0.51114,,,,
c2_collagen_binding,VWF_T32A,T32A,Negative_GeneBe,negative_only,D1,,,0.51114,,,,
c2_collagen_binding,VWF_R34G,R34G,Type3,positive_only,D1,,,0.51114,,,,
c4_integrin_binding,VWF_R2535P,R2535P,Type1,positive_only,C4,iptm,0.13531,0.5825,-0.44719,-2.330812734751876,0.0769230769230769,ok
c4_integrin_binding,VWF_F2561Y,F2561Y,Negative_ClinVar|Negative_GeneBe,negative_only,C4,iptm,0.53538,0.5825,-0.04712,1.2012162328536786,1.0,ok
c4_integrin_binding,VWF_N2531S,N2531S,Negative_GeneBe,negative_only,C4,iptm,0.2822,0.5825,-0.3003,-1.0339903410418252,0.1538461538461538,ok
c4_integrin_binding,VWF_N2546Y,N2546Y,Type3,positive_only,C4,iptm,0.51269,0.5825,-0.06981,1.0008969455415333,0.9230769230769232,ok
c4_integrin_binding,VWF_G2560V,G2560V,Type1,positive_only,C4,iptm,0.51163,0.5825,-0.0708699999999999,0.9915387064692166,0.8461538461538461,ok
c4_integrin_binding,VWF_Q2520P,Q2520P,Type1|Type2A,positive_only,C4,iptm,0.3132,0.5825,-0.2693,-0.7603059908136849,0.2307692307692307,ok
c4_integrin_binding,VWF_R2535Q,R2535Q,Type3,positive_only,C4,iptm,0.47063,0.5825,-0.11187,0.6295690819739336,0.7692307692307693,ok
c4_integrin_binding,VWF_S2573R,S2573R,Negative_GeneBe,negative_only,C4,iptm,0.46529,0.5825,-0.11721,0.5824247455152796,0.6923076923076923,ok
c4_integrin_binding,VWF_R2575H,R2575H,Negative_GeneBe,negative_only,C4,iptm,0.45867,0.5825,-0.12383,0.5239798939504319,0.6153846153846154,ok
c4_integrin_binding,VWF_V2547I,V2547I,Negative_GeneBe,negative_only,C4,iptm,0.34343,0.5825,-0.23907,-0.4934196067041139,0.3076923076923077,ok
c4_integrin_binding,VWF_R2507W,R2507W,Negative_GeneBe,negative_only,C4,iptm,0.34785,0.5825,-0.23465,-0.4543975154780373,0.3846153846153846,ok
c4_integrin_binding,VWF_I2542V,I2542V,Negative_GeneBe,negative_only,C4,iptm,0.41929,0.5825,-0.16321,0.176312483886426,0.5384615384615384,ok
c4_integrin_binding,VWF_G2518S,G2518S,Type1,positive_only,C4,iptm,0.39558,0.5825,-0.18692,-0.033011901400968,0.4615384615384615,ok
c4_integrin_binding,VWF_M1V,M1V,Type3,positive_only,SP,,,0.5825,,,,
c4_integrin_binding,VWF_G8R,G8R,Negative_GeneBe,negative_only,SP,,,0.5825,,,,
c4_integrin_binding,VWF_V9L,V9L,Negative_GeneBe,negative_only,SP,,,0.5825,,,,
c4_integrin_binding,VWF_G19R,G19R,Type1,positive_only,SP,,,0.5825,,,,
c4_integrin_binding,VWF_T26S,T26S,Negative_GeneBe,negative_only,D1,,,0.5825,,,,
c4_integrin_binding,VWF_R27H,R27H,Negative_GeneBe,negative_only,D1,,,0.5825,,,,
c4_integrin_binding,VWF_T32A,T32A,Negative_GeneBe,negative_only,D1,,,0.5825,,,,
c_domain_assembly_context,VWF_C2671Y,C2671Y,Type3,positive_only,C6,ptm_or_plddt,0.25926,0.35245,-0.09319,-4.098392024959636,0.0133333333333333,ok
c_domain_assembly_context,VWF_C2671G,C2671G,Type1,positive_only,C6,ptm_or_plddt,0.26413,0.35245,-0.08832,-3.860713451040189,0.0266666666666666,ok
c_domain_assembly_context,VWF_C2676Y,C2676Y,Type1,positive_only,C6,ptm_or_plddt,0.26569,0.35245,-0.08676,-3.784578219969483,0.04,ok
c_domain_assembly_context,VWF_C2676F,C2676F,Type1,positive_only,C6,ptm_or_plddt,0.26715,0.35245,-0.0852999999999999,-3.713323452428949,0.0533333333333333,ok
c_domain_assembly_context,VWF_R2663C,R2663C,Type1,positive_only,C6,ptm_or_plddt,0.30347,0.35245,-0.0489799999999999,-1.9407390982699484,0.0666666666666666,ok
c_domain_assembly_context,VWF_R2464C,R2464C,Type1,positive_only,C3,ptm_or_plddt,0.31628,0.35245,-0.0361699999999999,-1.315551720054729,0.08,ok
c_domain_assembly_context,VWF_C2477Y,C2477Y,Type1,positive_only,C3,ptm_or_plddt,0.32888,0.35245,-0.0235699999999999,-0.7006133152528733,0.0933333333333333,ok
c_domain_assembly_context,VWF_C2448Y,C2448Y,Type1,positive_only,C3,ptm_or_plddt,0.32944,0.35245,-0.0230099999999999,-0.6732827194839016,0.1066666666666666,ok
c_domain_assembly_context,VWF_R2434Q,R2434Q,Negative_GeneBe,negative_only,C3,ptm_or_plddt,0.35462,0.35245,0.00217,0.5556179974137742,1.0,ok
c_domain_assembly_context,VWF_S2479L,S2479L,Negative_GeneBe,negative_only,C3,ptm_or_plddt,0.35415,0.35245,0.0017,0.5326798188219604,0.9866666666666668,ok
c_domain_assembly_context,VWF_N2546Y,N2546Y,Type3,positive_only,C4,ptm_or_plddt,0.35378,0.35245,0.0013299999999999,0.5146221037603168,0.9733333333333334,ok
c_domain_assembly_context,VWF_C2304Y,C2304Y,Type1,positive_only,C1,ptm_or_plddt,0.35367,0.35245,0.0012199999999999,0.509253593877126,0.96,ok
c_domain_assembly_context,VWF_R2535P,R2535P,Type1,positive_only,C4,ptm_or_plddt,0.35322,0.35245,0.0007699999999999,0.4872915079913452,0.9466666666666668,ok
c_domain_assembly_context,VWF_H2486R,H2486R,Negative_GeneBe,negative_only,C3,ptm_or_plddt,0.35294,0.35245,0.0004899999999999,0.4736262101068593,0.9333333333333332,ok
c_domain_assembly_context,VWF_N2679D,N2679D,Negative_GeneBe,negative_only,C6,ptm_or_plddt,0.3527,0.35245,0.00025,0.4619130976344449,0.92,ok
c_domain_assembly_context,VWF_R2535Q,R2535Q,Type3,positive_only,C4,ptm_or_plddt,0.35251,0.35245,6.0000000000004494e-05,0.4526402169271141,0.9066666666666666,ok
c_domain_assembly_context,VWF_R2313C,R2313C,Negative_GeneBe,negative_only,C1,ptm_or_plddt,0.35226,0.35245,-0.0001899999999999,0.4404390581016819,0.8933333333333333,ok
c_domain_assembly_context,VWF_N2679S,N2679S,Type1,positive_only,C6,ptm_or_plddt,0.35193,0.35245,-0.0005199999999999,0.4243335284521096,0.88,ok
c_domain_assembly_context,VWF_F2561Y,F2561Y,Negative_ClinVar|Negative_GeneBe,negative_only,C4,ptm_or_plddt,0.35184,0.35245,-0.0006099999999999,0.4199411112749518,0.8666666666666667,ok
c_domain_assembly_context,VWF_R2311H,R2311H,Negative_GeneBe|Type1,negative_positive_overlap,C1,ptm_or_plddt,0.35174,0.35245,-0.0007099999999999,0.4150606477447789,0.8533333333333334,ok
ck_dimerization_context,VWF_L2786P,L2786P,Type1,positive_only,CK,ptm_or_plddt,0.29191,0.36023,-0.0683199999999999,-2.37359038894128,0.05,ok
ck_dimerization_context,VWF_M2782T,M2782T,Negative_GeneBe,negative_only,CK,ptm_or_plddt,0.40962,0.36023,0.0493899999999999,1.9216934009687527,1.0,ok
ck_dimerization_context,VWF_C2804Y,C2804Y,Type3,positive_only,CK,ptm_or_plddt,0.39448,0.36023,0.03425,1.3692288985540233,0.95,ok
ck_dimerization_context,VWF_P2776L,P2776L,Type1,positive_only,CK,ptm_or_plddt,0.32132,0.36023,-0.03891,-1.3004080232862458,0.1,ok
ck_dimerization_context,VWF_C2771S,C2771S,Type2A,positive_only,CK,ptm_or_plddt,0.3915,0.36023,0.03127,1.2604875367841497,0.9,ok
ck_dimerization_context,VWF_C2754W,C2754W,Type3,positive_only,CK,ptm_or_plddt,0.32575,0.36023,-0.03448,-1.1387555962256617,0.15,ok
ck_dimerization_context,VWF_C2773R,C2773R,Type2A,positive_only,CK,ptm_or_plddt,0.38217,0.36023,0.02194,0.9200321994308184,0.85,ok
ck_dimerization_context,VWF_C2739Y,C2739Y,Type3,positive_only,CK,ptm_or_plddt,0.33627,0.36023,-0.0239599999999999,-0.7548766949440907,0.2,ok
ck_dimerization_context,VWF_S2775C,S2775C,Type2A,positive_only,CK,ptm_or_plddt,0.3363,0.36023,-0.02393,-0.7537819832484217,0.25,ok
ck_dimerization_context,VWF_A2758V,A2758V,Negative_ClinVar|Negative_GeneBe,negative_only,CK,ptm_or_plddt,0.37234,0.36023,0.01211,0.5613316671496557,0.8,ok
ck_dimerization_context,VWF_C2771R,C2771R,Type2A,positive_only,CK,ptm_or_plddt,0.34237,0.36023,-0.0178599999999999,-0.5322853168245496,0.3,ok
ck_dimerization_context,VWF_M2759T,M2759T,Negative_GeneBe,negative_only,CK,ptm_or_plddt,0.37109,0.36023,0.0108599999999999,0.5157186798300765,0.75,ok
ck_dimerization_context,VWF_C2773S,C2773S,Type2A,positive_only,CK,ptm_or_plddt,0.3475,0.36023,-0.01273,-0.3450896168650021,0.35,ok
ck_dimerization_context,VWF_M2759V,M2759V,Negative_GeneBe,negative_only,CK,ptm_or_plddt,0.36423,0.36023,0.004,0.2653946054202324,0.7,ok
ck_dimerization_context,VWF_C2771Y,C2771Y,Type2A,positive_only,CK,ptm_or_plddt,0.36254,0.36023,0.0023099999999999,0.2037258465641619,0.65,ok
ck_dimerization_context,VWF_R2778Q,R2778Q,Negative_GeneBe,negative_only,CK,ptm_or_plddt,0.36253,0.36023,0.0023,0.2033609426656069,0.6,ok
ck_dimerization_context,VWF_V2793A,V2793A,Negative_GeneBe,negative_only,CK,ptm_or_plddt,0.35166,0.36023,-0.00857,-0.1932895950654461,0.4,ok
ck_dimerization_context,VWF_T2789S,T2789S,Negative_GeneBe,negative_only,CK,ptm_or_plddt,0.36147,0.36023,0.00124,0.1646811294186045,0.55,ok
ck_dimerization_context,VWF_A2801D,A2801D,Type2A,positive_only,CK,ptm_or_plddt,0.36072,0.36023,0.0004899999999999,0.1373133370268565,0.5,ok
ck_dimerization_context,VWF_T2789N,T2789N,Negative_GeneBe,negative_only,CK,ptm_or_plddt,0.35337,0.36023,-0.0068599999999999,-0.1308910284122616,0.45,ok
d1d2_propeptide_context,VWF_D141N,D141N,Type1|Type3,positive_only,D1,ptm_or_plddt,0.27495,0.23439,0.04056,3.490868792578356,1.0,ok
d1d2_propeptide_context,VWF_N318K,N318K,Negative_ClinVar|Negative_GeneBe|Type3,negative_positive_overlap,D1,ptm_or_plddt,0.27195,0.23439,0.03756,3.156584614090271,0.9896907216494846,ok
d1d2_propeptide_context,VWF_P664L,P664L,Negative_GeneBe,negative_only,D2,ptm_or_plddt,0.26656,0.23439,0.03217,2.5559873734066785,0.979381443298969,ok
d1d2_propeptide_context,VWF_G160W,G160W,Type1,positive_only,D1,ptm_or_plddt,0.26424,0.23439,0.0298499999999999,2.297474275375888,0.9690721649484536,ok
d1d2_propeptide_context,VWF_C275S,C275S,Type1|Type3,positive_only,D1,ptm_or_plddt,0.22445,0.23439,-0.0099399999999999,-2.136248211971068,0.0103092783505154,ok
d1d2_propeptide_context,VWF_R447W,R447W,Type3,positive_only,D2,ptm_or_plddt,0.26116,0.23439,0.02677,1.9542758521281247,0.9587628865979382,ok
d1d2_propeptide_context,VWF_Y87S,Y87S,Type2A,positive_only,D1,ptm_or_plddt,0.22738,0.23439,-0.0070099999999999,-1.809763997647707,0.0206185567010309,ok
d1d2_propeptide_context,VWF_G79V,G79V,Type3,positive_only,D1,ptm_or_plddt,0.25983,0.23439,0.02544,1.8060765329984076,0.9484536082474226,ok
d1d2_propeptide_context,VWF_C623W,C623W,Type2A,positive_only,D2,ptm_or_plddt,0.22764,0.23439,-0.0067499999999999,-1.7807927021787384,0.0309278350515463,ok
d1d2_propeptide_context,VWF_L129M,L129M,Negative_GeneBe|Type3,negative_positive_overlap,D1,ptm_or_plddt,0.22776,0.23439,-0.0066299999999999,-1.767421335039217,0.0412371134020618,ok
d1d2_propeptide_context,VWF_V444I,V444I,Negative_GeneBe,negative_only,D2,ptm_or_plddt,0.22984,0.23439,-0.0045499999999999,-1.5356509712874786,0.0515463917525773,ok
d1d2_propeptide_context,VWF_C570S,C570S,Type2A,positive_only,D2,ptm_or_plddt,0.25666,0.23439,0.02227,1.4528495843959977,0.9381443298969072,ok
d1d2_propeptide_context,VWF_W191R,W191R,Type1,positive_only,D1,ptm_or_plddt,0.25613,0.23439,0.02174,1.3937927128631054,0.9278350515463918,ok
d1d2_propeptide_context,VWF_H596N,H596N,Type3,positive_only,D2,ptm_or_plddt,0.23117,0.23439,-0.00322,-1.3874516521577616,0.0618556701030927,ok
d1d2_propeptide_context,VWF_A585T,A585T,Negative_GeneBe,negative_only,D2,ptm_or_plddt,0.25569,0.23439,0.0212999999999999,1.3447643666848474,0.9175257731958762,ok
d1d2_propeptide_context,VWF_G550R,G550R,Type2A,positive_only,D2,ptm_or_plddt,0.23217,0.23439,-0.0022199999999999,-1.2760235926617332,0.0721649484536082,ok
d1d2_propeptide_context,VWF_A290V,A290V,Negative_GeneBe,negative_only,D1,ptm_or_plddt,0.2329,0.23439,-0.0014899999999999,-1.1946811092296317,0.0824742268041237,ok
d1d2_propeptide_context,VWF_D47H,D47H,Type3,positive_only,D1,ptm_or_plddt,0.23291,0.23439,-0.0014799999999999,-1.1935668286346703,0.0927835051546391,ok
d1d2_propeptide_context,VWF_C584F,C584F,Type3,positive_only,D2,ptm_or_plddt,0.23358,0.23439,-0.0008099999999999,-1.118910028772331,0.1030927835051546,ok
d1d2_propeptide_context,VWF_R273W,R273W,Type1|Type2A|Type3,positive_only,D1,ptm_or_plddt,0.23388,0.23439,-0.0005099999999999,-1.0854816109235232,0.1134020618556701,ok
d4_assembly_context,VWF_R2218Q,R2218Q,Negative_GeneBe,negative_only,D4,ptm_or_plddt,0.2465,0.22129,0.02521,2.4361056161893773,1.0,ok
d4_assembly_context,VWF_R1921W,R1921W,Negative_GeneBe,negative_only,D4,ptm_or_plddt,0.24635,0.22129,0.02506,2.4235745668105286,0.9833333333333332,ok
d4_assembly_context,VWF_H1900P,H1900P,Type1,positive_only,D4,ptm_or_plddt,0.24594,0.22129,0.02465,2.389323031841671,0.9666666666666668,ok
d4_assembly_context,VWF_E2233K,E2233K,Type1,positive_only,D4,ptm_or_plddt,0.2413,0.22129,0.02001,2.001695904389253,0.95,ok
d4_assembly_context,VWF_L1923P,L1923P,Negative_GeneBe|Type1,negative_positive_overlap,D4,ptm_or_plddt,0.23526,0.22129,0.01397,1.497112316067572,0.9333333333333332,ok
d4_assembly_context,VWF_C2212Y,C2212Y,Type1,positive_only,D4,ptm_or_plddt,0.20079,0.22129,-0.0204999999999999,-1.3825228311920914,0.0166666666666666,ok
d4_assembly_context,VWF_K1887N,K1887N,Type1,positive_only,D4,ptm_or_plddt,0.2334,0.22129,0.01211,1.3417273037698356,0.9166666666666666,ok
d4_assembly_context,VWF_A1997T,A1997T,Negative_GeneBe,negative_only,D4,ptm_or_plddt,0.23236,0.22129,0.01107,1.2548453614098125,0.9,ok
d4_assembly_context,VWF_L2142F,L2142F,Negative_GeneBe,negative_only,D4,ptm_or_plddt,0.20237,0.22129,-0.0189199999999999,-1.250529111068208,0.0333333333333333,ok
d4_assembly_context,VWF_C2184Y,C2184Y,Type1,positive_only,D4,ptm_or_plddt,0.20269,0.22129,-0.0185999999999999,-1.2237962057266607,0.05,ok
d4_assembly_context,VWF_M2038V,M2038V,Negative_GeneBe,negative_only,D4,ptm_or_plddt,0.23149,0.22129,0.0102,1.1821652750124831,0.8833333333333333,ok
d4_assembly_context,VWF_T1951A,T1951A,Negative_GeneBe|Type1,negative_positive_overlap,D4,ptm_or_plddt,0.23147,0.22129,0.01018,1.1804944684286371,0.8666666666666667,ok
d4_assembly_context,VWF_M1880I,M1880I,Negative_GeneBe,negative_only,D4,ptm_or_plddt,0.23139,0.22129,0.0101,1.173811242093251,0.85,ok
d4_assembly_context,VWF_E1938D,E1938D,Type1,positive_only,D4,ptm_or_plddt,0.2034,0.22129,-0.0178899999999999,-1.1644825720001064,0.0666666666666666,ok
d4_assembly_context,VWF_C2237R,C2237R,Type3,positive_only,D4,ptm_or_plddt,0.20401,0.22129,-0.0172799999999999,-1.1135229711927843,0.0833333333333333,ok
d4_assembly_context,VWF_V2014I,V2014I,Negative_GeneBe,negative_only,D4,ptm_or_plddt,0.20418,0.22129,-0.0171099999999999,-1.0993211152300877,0.1,ok
d4_assembly_context,VWF_H2151Y,H2151Y,Type1,positive_only,D4,ptm_or_plddt,0.20451,0.22129,-0.0167799999999999,-1.0717528065966184,0.1166666666666666,ok
d4_assembly_context,VWF_C2237F,C2237F,Type1,positive_only,D4,ptm_or_plddt,0.20463,0.22129,-0.0166599999999999,-1.061727967093538,0.1333333333333333,ok
d4_assembly_context,VWF_I2126T,I2126T,Negative_GeneBe,negative_only,D4,ptm_or_plddt,0.22979,0.22129,0.0085,1.040146715385519,0.8333333333333334,ok
d4_assembly_context,VWF_V1934G,V1934G,Type1,positive_only,D4,ptm_or_plddt,0.20495,0.22129,-0.0163399999999999,-1.034995061751993,0.15,ok
dprime_d3_fviii_binding,VWF_G785E,G785E,Type2N,positive_only,D_prime,iptm,0.14851,0.12029,0.02822,3.328737247978821,1.0,ok
dprime_d3_fviii_binding,VWF_C788Y,C788Y,Type2N,positive_only,D_prime,iptm,0.14551,0.12029,0.02522,2.9374605331266976,0.98989898989899,ok
dprime_d3_fviii_binding,VWF_C1149R,C1149R,Type1|Type2A,positive_only,D3,iptm,0.13837,0.12029,0.01808,2.0062219517786444,0.9797979797979798,ok
dprime_d3_fviii_binding,VWF_N1231S,N1231S,Negative_GeneBe,negative_only,D3,iptm,0.13805,0.12029,0.01776,1.9644857688610864,0.9696969696969696,ok
dprime_d3_fviii_binding,VWF_Q1030R,Q1030R,Negative_GeneBe,negative_only,D3,iptm,0.13721,0.12029,0.01692,1.8549282887024912,0.9595959595959596,ok
dprime_d3_fviii_binding,VWF_C1060Y,C1060Y,Type1|Type2N,positive_only,D3,iptm,0.13626,0.12029,0.0159699999999999,1.7310239956659847,0.9494949494949496,ok
dprime_d3_fviii_binding,VWF_R816W,R816W,Type1|Type2N,positive_only,D_prime,iptm,0.1359,0.12029,0.0156099999999999,1.6840707898837302,0.9393939393939394,ok
dprime_d3_fviii_binding,VWF_R1035G,R1035G,Negative_GeneBe,negative_only,D3,iptm,0.13551,0.12029,0.0152199999999999,1.6332048169529538,0.9292929292929292,ok
dprime_d3_fviii_binding,VWF_C1130R,C1130R,Type1|Type2A,positive_only,D3,iptm,0.11057,0.12029,-0.0097199999999999,-1.6196089391843589,0.0101010101010101,ok
dprime_d3_fviii_binding,VWF_R924W,R924W,Type1,positive_only,D3,iptm,0.11082,0.12029,-0.0094699999999999,-1.587002546280015,0.0202020202020202,ok
dprime_d3_fviii_binding,VWF_C1126F,C1126F,Type2A,positive_only,D3,iptm,0.13499,0.12029,0.0147,1.5653835197119204,0.9191919191919192,ok
dprime_d3_fviii_binding,VWF_C996E,C996E,Type1,positive_only,D3,iptm,0.11113,0.12029,-0.0091599999999999,-1.5465706190786284,0.0303030303030303,ok
dprime_d3_fviii_binding,VWF_Y1107C,Y1107C,Type2A,positive_only,D3,iptm,0.11126,0.12029,-0.0090299999999999,-1.529615294768371,0.0404040404040404,ok
dprime_d3_fviii_binding,VWF_E787K,E787K,Type2N,positive_only,D_prime,iptm,0.13437,0.12029,0.0140799999999999,1.484519665309147,0.9090909090909092,ok
dprime_d3_fviii_binding,VWF_V1191I,V1191I,Negative_ClinVar,negative_only,D3,iptm,0.11161,0.12029,-0.0086799999999999,-1.4839663447022895,0.0505050505050505,ok
dprime_d3_fviii_binding,VWF_R1136Q,R1136Q,Negative_GeneBe,negative_only,D3,iptm,0.11206,0.12029,-0.0082299999999999,-1.4252748374744704,0.0606060606060606,ok
dprime_d3_fviii_binding,VWF_P812L,P812L,Type1|Type2N,positive_only,D_prime,iptm,0.11222,0.12029,-0.0080699999999999,-1.4044067460156913,0.0707070707070707,ok
dprime_d3_fviii_binding,VWF_C1130F,C1130F,Type1|Type2A,positive_only,D3,iptm,0.11275,0.12029,-0.0075399999999999,-1.3352811930584825,0.0808080808080808,ok
dprime_d3_fviii_binding,VWF_R816Q,R816Q,Type2N,positive_only,D_prime,iptm,0.11282,0.12029,-0.0074699999999999,-1.3261514030452664,0.0909090909090909,ok
dprime_d3_fviii_binding,VWF_C858W,C858W,Type1,positive_only,D_prime,iptm,0.11307,0.12029,-0.0072199999999999,-1.2935450101409227,0.101010101010101,ok
vwf73_adamts13_substrate,VWF_V1636M,V1636M,Negative_GeneBe,negative_only,A2,iptm,0.24809,0.10765,0.14044,1.81287035702378,1.0,ok
vwf73_adamts13_substrate,VWF_R1597W,R1597W,Type2A,positive_only,A2,iptm,0.24536,0.10765,0.13771,1.7538584006484823,0.9722222222222222,ok
vwf73_adamts13_substrate,VWF_R1597G,R1597G,Type2A,positive_only,A2,iptm,0.0921,0.10765,-0.0155499999999999,-1.5590252748379778,0.0277777777777777,ok
vwf73_adamts13_substrate,VWF_S1613P,S1613P,Type2A,positive_only,A2,iptm,0.09343,0.10765,-0.0142199999999999,-1.5302758601936024,0.0555555555555555,ok
vwf73_adamts13_substrate,VWF_V1625G,V1625G,Type2A,positive_only,A2,iptm,0.23251,0.10765,0.12486,1.476091499761095,0.9444444444444444,ok
vwf73_adamts13_substrate,VWF_R1668S,R1668S,Negative_GeneBe|Type1,negative_positive_overlap,A2,iptm,0.09639,0.10765,-0.0112599999999999,-1.4662922005339394,0.0833333333333333,ok
vwf73_adamts13_substrate,VWF_R1597P,R1597P,Type2A,positive_only,A2,iptm,0.09732,0.10765,-0.0103299999999999,-1.446189226384113,0.1111111111111111,ok
vwf73_adamts13_substrate,VWF_L1657I,L1657I,Type2A,positive_only,A2,iptm,0.09795,0.10765,-0.0097,-1.4325710826051985,0.1388888888888889,ok
vwf73_adamts13_substrate,VWF_R1641K,R1641K,Negative_GeneBe,negative_only,A2,iptm,0.10187,0.10765,-0.0057799999999999,-1.347835965758618,0.1666666666666666,ok
vwf73_adamts13_substrate,VWF_L1657H,L1657H,Type2A,positive_only,A2,iptm,0.22279,0.10765,0.1151399999999999,1.2659829957435536,0.9166666666666666,ok
vwf73_adamts13_substrate,VWF_R1597L,R1597L,Type2A,positive_only,A2,iptm,0.22176,0.10765,0.11411,1.2437184114700903,0.8888888888888888,ok
vwf73_adamts13_substrate,VWF_R1597Q,R1597Q,Type2A,positive_only,A2,iptm,0.10942,0.10765,0.00177,-1.184634401424005,0.1944444444444444,ok
vwf73_adamts13_substrate,VWF_V1665G,V1665G,Type2A,positive_only,A2,iptm,0.21501,0.10765,0.10736,1.0978097281245751,0.8611111111111112,ok
vwf73_adamts13_substrate,VWF_A1647D,A1647D,Type2A,positive_only,A2,iptm,0.20894,0.10765,0.1012899999999999,0.9665999936197932,0.8333333333333334,ok
vwf73_adamts13_substrate,VWF_E1638K,E1638K,Type2A,positive_only,A2,iptm,0.2066,0.10765,0.09895,0.916018316726682,0.8055555555555556,ok
vwf73_adamts13_substrate,VWF_N1635T,N1635T,Type1,positive_only,A2,iptm,0.12418,0.10765,0.01653,-0.8655807471751458,0.2222222222222222,ok
vwf73_adamts13_substrate,VWF_I1628N,I1628N,Type2A,positive_only,A2,iptm,0.20409,0.10765,0.09644,0.8617619026233865,0.7777777777777778,ok
vwf73_adamts13_substrate,VWF_P1648S,P1648S,Type2A,positive_only,A2,iptm,0.19924,0.10765,0.09159,0.7569238116269796,0.75,ok
vwf73_adamts13_substrate,VWF_V1665E,V1665E,Type2A,positive_only,A2,iptm,0.19794,0.10765,0.09029,0.7288228800196954,0.7222222222222222,ok
vwf73_adamts13_substrate,VWF_I1649N,I1649N,Type2A,positive_only,A2,iptm,0.13088,0.10765,0.02323,-0.7207528688914495,0.25,ok
