variant_id,aa_change,position,source_labels,inferred_domain,assay_key,clinical_axis,construct_role,vwf_range,ligand_keys,run_decision,expected_signal,interpretability,notes
VWF_V1409F,V1409F,1409,2M,A1,dprime_d3_fviii_binding,FVIII carrier function / Type 2N axis,D_prime-D3 plus FVIII light-chain fragment,764-1233,FVIII_LightChain,OUT_OF_SCOPE_FOR_MUTATION_POSITION,loss_of_binding_supports_2N,high,
VWF_V1409F,V1409F,1409,2M,A1,a1_gpiba_forced_binding,platelet GPIb alpha binding / Type 2B and 2M-A1 axis,A1 domain plus GPIb alpha extracellular fragment,1260-1479,GPIb_alpha,RUN,stronger_binding_can_support_2B; weaker_binding_can_support_2M_A1,medium,Forced complex; it does not test low-shear A1 opening.
VWF_V1409F,V1409F,1409,2M,A1,a1_heparan_sulfate_binding,A1 heparan-sulfate / charge-modulation axis,A1 domain plus heparan-sulfate mimetic peptide,1260-1479,Heparan_Sulfate_mimic,RUN,modulatory_evidence_for_A1_surface_charge,exploratory,
VWF_V1409F,V1409F,1409,2M,A1,a1_aim_autoinhibition_context,A1 autoinhibition and conformational exposure / Type 2B vs 2M-A1 axis,AIM-flanked A1 monomeric construct,1234-1493,,RUN,changed_AIM_A1_contacts_or_exposed_GPIb_surface,exploratory,This is a static proxy for AIM/open-closed behavior; it cannot simulate shear or conformational ensemble populations by itself.
VWF_V1409F,V1409F,1409,2M,A1,a2_folded_stability,A2 fold stability / Type 2A axis,folded A2 monomer,1480-1672,,OUT_OF_SCOPE_FOR_MUTATION_POSITION,destabilized_A2_can_support_2A_multimer_loss,medium,
VWF_V1409F,V1409F,1409,2M,A1,a2_adamts13_folded_complex,A2 ADAMTS13 docking / Type 2A axis,folded A2 plus ADAMTS13 spacer-domain fragment,1480-1672,ADAMTS13_Spacer,OUT_OF_SCOPE_FOR_MUTATION_POSITION,altered_ADAMTS13_docking_is_supportive_not_decisive,exploratory,ADAMTS13 cleavage is exposure-dependent; folded docking alone is not the full biology.
VWF_V1409F,V1409F,1409,2M,A1,vwf73_adamts13_substrate,unfolded A2 cleavage-substrate / Type 2A axis,VWF73 substrate peptide plus ADAMTS13 spacer-domain fragment,1596-1668,ADAMTS13_Spacer,OUT_OF_SCOPE_FOR_MUTATION_POSITION,altered_substrate_recognition_near_Y1605_M1606,medium,"Peptide-level proxy for the exposed cleavage substrate, not folded A2 mechanics."
VWF_V1409F,V1409F,1409,2M,A1,a3_collagen_binding,collagen I/III binding / Type 2M-A3 axis,A3 domain plus collagen triple-helix peptide,1673-1874,Collagen_I_THP,OUT_OF_SCOPE_FOR_MUTATION_POSITION,loss_of_collagen_binding_supports_2M_A3,high,
VWF_V1409F,V1409F,1409,2M,A1,c1_collagen_binding,collagen binding accessory C-domain axis,C1 domain plus collagen triple-helix peptide,2256-2324,Collagen_I_THP,OUT_OF_SCOPE_FOR_MUTATION_POSITION,loss_of_collagen_binding_supports_qualitative_platelet_adhesion_defect,exploratory,
VWF_V1409F,V1409F,1409,2M,A1,c2_collagen_binding,collagen binding accessory C-domain axis,C2 domain plus collagen triple-helix peptide,2325-2392,Collagen_I_THP,OUT_OF_SCOPE_FOR_MUTATION_POSITION,loss_of_collagen_binding_supports_qualitative_platelet_adhesion_defect,exploratory,
VWF_V1409F,V1409F,1409,2M,A1,c4_integrin_binding,platelet integrin alphaIIb beta3 / C4 RGD axis,C4 domain plus integrin beta3 headpiece proxy,2497-2577,Integrin_alphaIIb_beta3,OUT_OF_SCOPE_FOR_MUTATION_POSITION,altered_RGD_axis_supports_platelet_aggregation_defect,exploratory,
VWF_V1409F,V1409F,1409,2M,A1,d1d2_propeptide_context,"biosynthesis, propeptide processing, multimerization / Type 1 and 3 axis",D1-D2 propeptide monomeric context,23-763,,OUT_OF_SCOPE_FOR_MUTATION_POSITION,local_destabilization_can_support_secretion_or_multimerization_defect,medium,
VWF_V1409F,V1409F,1409,2M,A1,d4_assembly_context,secretion and multimer assembly / quantitative VWD axis,D4 monomeric context,1875-2255,,OUT_OF_SCOPE_FOR_MUTATION_POSITION,local_destabilization_can_support_quantitative_defect,medium,
VWF_V1409F,V1409F,1409,2M,A1,c_domain_assembly_context,"C-domain assembly, dimer packing, secretion / quantitative VWD axis",C1-C6 monomeric context,2256-2722,,OUT_OF_SCOPE_FOR_MUTATION_POSITION,local_destabilization_can_support_quantitative_or_multimer_defect,medium,
VWF_V1409F,V1409F,1409,2M,A1,ck_dimerization_context,C-terminal dimerization / Type 1 and 3 axis,CK domain monomeric context,2723-2813,,OUT_OF_SCOPE_FOR_MUTATION_POSITION,local_destabilization_can_support_dimerization_or_secretion_defect,medium,
VWF_P1413R,P1413R,1413,2M,A1,dprime_d3_fviii_binding,FVIII carrier function / Type 2N axis,D_prime-D3 plus FVIII light-chain fragment,764-1233,FVIII_LightChain,OUT_OF_SCOPE_FOR_MUTATION_POSITION,loss_of_binding_supports_2N,high,
VWF_P1413R,P1413R,1413,2M,A1,a1_gpiba_forced_binding,platelet GPIb alpha binding / Type 2B and 2M-A1 axis,A1 domain plus GPIb alpha extracellular fragment,1260-1479,GPIb_alpha,RUN,stronger_binding_can_support_2B; weaker_binding_can_support_2M_A1,medium,Forced complex; it does not test low-shear A1 opening.
VWF_P1413R,P1413R,1413,2M,A1,a1_heparan_sulfate_binding,A1 heparan-sulfate / charge-modulation axis,A1 domain plus heparan-sulfate mimetic peptide,1260-1479,Heparan_Sulfate_mimic,RUN,modulatory_evidence_for_A1_surface_charge,exploratory,
VWF_P1413R,P1413R,1413,2M,A1,a1_aim_autoinhibition_context,A1 autoinhibition and conformational exposure / Type 2B vs 2M-A1 axis,AIM-flanked A1 monomeric construct,1234-1493,,RUN,changed_AIM_A1_contacts_or_exposed_GPIb_surface,exploratory,This is a static proxy for AIM/open-closed behavior; it cannot simulate shear or conformational ensemble populations by itself.
VWF_P1413R,P1413R,1413,2M,A1,a2_folded_stability,A2 fold stability / Type 2A axis,folded A2 monomer,1480-1672,,OUT_OF_SCOPE_FOR_MUTATION_POSITION,destabilized_A2_can_support_2A_multimer_loss,medium,
VWF_P1413R,P1413R,1413,2M,A1,a2_adamts13_folded_complex,A2 ADAMTS13 docking / Type 2A axis,folded A2 plus ADAMTS13 spacer-domain fragment,1480-1672,ADAMTS13_Spacer,OUT_OF_SCOPE_FOR_MUTATION_POSITION,altered_ADAMTS13_docking_is_supportive_not_decisive,exploratory,ADAMTS13 cleavage is exposure-dependent; folded docking alone is not the full biology.
VWF_P1413R,P1413R,1413,2M,A1,vwf73_adamts13_substrate,unfolded A2 cleavage-substrate / Type 2A axis,VWF73 substrate peptide plus ADAMTS13 spacer-domain fragment,1596-1668,ADAMTS13_Spacer,OUT_OF_SCOPE_FOR_MUTATION_POSITION,altered_substrate_recognition_near_Y1605_M1606,medium,"Peptide-level proxy for the exposed cleavage substrate, not folded A2 mechanics."
VWF_P1413R,P1413R,1413,2M,A1,a3_collagen_binding,collagen I/III binding / Type 2M-A3 axis,A3 domain plus collagen triple-helix peptide,1673-1874,Collagen_I_THP,OUT_OF_SCOPE_FOR_MUTATION_POSITION,loss_of_collagen_binding_supports_2M_A3,high,
VWF_P1413R,P1413R,1413,2M,A1,c1_collagen_binding,collagen binding accessory C-domain axis,C1 domain plus collagen triple-helix peptide,2256-2324,Collagen_I_THP,OUT_OF_SCOPE_FOR_MUTATION_POSITION,loss_of_collagen_binding_supports_qualitative_platelet_adhesion_defect,exploratory,
VWF_P1413R,P1413R,1413,2M,A1,c2_collagen_binding,collagen binding accessory C-domain axis,C2 domain plus collagen triple-helix peptide,2325-2392,Collagen_I_THP,OUT_OF_SCOPE_FOR_MUTATION_POSITION,loss_of_collagen_binding_supports_qualitative_platelet_adhesion_defect,exploratory,
VWF_P1413R,P1413R,1413,2M,A1,c4_integrin_binding,platelet integrin alphaIIb beta3 / C4 RGD axis,C4 domain plus integrin beta3 headpiece proxy,2497-2577,Integrin_alphaIIb_beta3,OUT_OF_SCOPE_FOR_MUTATION_POSITION,altered_RGD_axis_supports_platelet_aggregation_defect,exploratory,
VWF_P1413R,P1413R,1413,2M,A1,d1d2_propeptide_context,"biosynthesis, propeptide processing, multimerization / Type 1 and 3 axis",D1-D2 propeptide monomeric context,23-763,,OUT_OF_SCOPE_FOR_MUTATION_POSITION,local_destabilization_can_support_secretion_or_multimerization_defect,medium,
VWF_P1413R,P1413R,1413,2M,A1,d4_assembly_context,secretion and multimer assembly / quantitative VWD axis,D4 monomeric context,1875-2255,,OUT_OF_SCOPE_FOR_MUTATION_POSITION,local_destabilization_can_support_quantitative_defect,medium,
VWF_P1413R,P1413R,1413,2M,A1,c_domain_assembly_context,"C-domain assembly, dimer packing, secretion / quantitative VWD axis",C1-C6 monomeric context,2256-2722,,OUT_OF_SCOPE_FOR_MUTATION_POSITION,local_destabilization_can_support_quantitative_or_multimer_defect,medium,
VWF_P1413R,P1413R,1413,2M,A1,ck_dimerization_context,C-terminal dimerization / Type 1 and 3 axis,CK domain monomeric context,2723-2813,,OUT_OF_SCOPE_FOR_MUTATION_POSITION,local_destabilization_can_support_dimerization_or_secretion_defect,medium,
VWF_I1416T,I1416T,1416,2M,A1,dprime_d3_fviii_binding,FVIII carrier function / Type 2N axis,D_prime-D3 plus FVIII light-chain fragment,764-1233,FVIII_LightChain,OUT_OF_SCOPE_FOR_MUTATION_POSITION,loss_of_binding_supports_2N,high,
VWF_I1416T,I1416T,1416,2M,A1,a1_gpiba_forced_binding,platelet GPIb alpha binding / Type 2B and 2M-A1 axis,A1 domain plus GPIb alpha extracellular fragment,1260-1479,GPIb_alpha,RUN,stronger_binding_can_support_2B; weaker_binding_can_support_2M_A1,medium,Forced complex; it does not test low-shear A1 opening.
VWF_I1416T,I1416T,1416,2M,A1,a1_heparan_sulfate_binding,A1 heparan-sulfate / charge-modulation axis,A1 domain plus heparan-sulfate mimetic peptide,1260-1479,Heparan_Sulfate_mimic,RUN,modulatory_evidence_for_A1_surface_charge,exploratory,
VWF_I1416T,I1416T,1416,2M,A1,a1_aim_autoinhibition_context,A1 autoinhibition and conformational exposure / Type 2B vs 2M-A1 axis,AIM-flanked A1 monomeric construct,1234-1493,,RUN,changed_AIM_A1_contacts_or_exposed_GPIb_surface,exploratory,This is a static proxy for AIM/open-closed behavior; it cannot simulate shear or conformational ensemble populations by itself.
VWF_I1416T,I1416T,1416,2M,A1,a2_folded_stability,A2 fold stability / Type 2A axis,folded A2 monomer,1480-1672,,OUT_OF_SCOPE_FOR_MUTATION_POSITION,destabilized_A2_can_support_2A_multimer_loss,medium,
VWF_I1416T,I1416T,1416,2M,A1,a2_adamts13_folded_complex,A2 ADAMTS13 docking / Type 2A axis,folded A2 plus ADAMTS13 spacer-domain fragment,1480-1672,ADAMTS13_Spacer,OUT_OF_SCOPE_FOR_MUTATION_POSITION,altered_ADAMTS13_docking_is_supportive_not_decisive,exploratory,ADAMTS13 cleavage is exposure-dependent; folded docking alone is not the full biology.
VWF_I1416T,I1416T,1416,2M,A1,vwf73_adamts13_substrate,unfolded A2 cleavage-substrate / Type 2A axis,VWF73 substrate peptide plus ADAMTS13 spacer-domain fragment,1596-1668,ADAMTS13_Spacer,OUT_OF_SCOPE_FOR_MUTATION_POSITION,altered_substrate_recognition_near_Y1605_M1606,medium,"Peptide-level proxy for the exposed cleavage substrate, not folded A2 mechanics."
VWF_I1416T,I1416T,1416,2M,A1,a3_collagen_binding,collagen I/III binding / Type 2M-A3 axis,A3 domain plus collagen triple-helix peptide,1673-1874,Collagen_I_THP,OUT_OF_SCOPE_FOR_MUTATION_POSITION,loss_of_collagen_binding_supports_2M_A3,high,
VWF_I1416T,I1416T,1416,2M,A1,c1_collagen_binding,collagen binding accessory C-domain axis,C1 domain plus collagen triple-helix peptide,2256-2324,Collagen_I_THP,OUT_OF_SCOPE_FOR_MUTATION_POSITION,loss_of_collagen_binding_supports_qualitative_platelet_adhesion_defect,exploratory,
VWF_I1416T,I1416T,1416,2M,A1,c2_collagen_binding,collagen binding accessory C-domain axis,C2 domain plus collagen triple-helix peptide,2325-2392,Collagen_I_THP,OUT_OF_SCOPE_FOR_MUTATION_POSITION,loss_of_collagen_binding_supports_qualitative_platelet_adhesion_defect,exploratory,
VWF_I1416T,I1416T,1416,2M,A1,c4_integrin_binding,platelet integrin alphaIIb beta3 / C4 RGD axis,C4 domain plus integrin beta3 headpiece proxy,2497-2577,Integrin_alphaIIb_beta3,OUT_OF_SCOPE_FOR_MUTATION_POSITION,altered_RGD_axis_supports_platelet_aggregation_defect,exploratory,
VWF_I1416T,I1416T,1416,2M,A1,d1d2_propeptide_context,"biosynthesis, propeptide processing, multimerization / Type 1 and 3 axis",D1-D2 propeptide monomeric context,23-763,,OUT_OF_SCOPE_FOR_MUTATION_POSITION,local_destabilization_can_support_secretion_or_multimerization_defect,medium,
VWF_I1416T,I1416T,1416,2M,A1,d4_assembly_context,secretion and multimer assembly / quantitative VWD axis,D4 monomeric context,1875-2255,,OUT_OF_SCOPE_FOR_MUTATION_POSITION,local_destabilization_can_support_quantitative_defect,medium,
VWF_I1416T,I1416T,1416,2M,A1,c_domain_assembly_context,"C-domain assembly, dimer packing, secretion / quantitative VWD axis",C1-C6 monomeric context,2256-2722,,OUT_OF_SCOPE_FOR_MUTATION_POSITION,local_destabilization_can_support_quantitative_or_multimer_defect,medium,
VWF_I1416T,I1416T,1416,2M,A1,ck_dimerization_context,C-terminal dimerization / Type 1 and 3 axis,CK domain monomeric context,2723-2813,,OUT_OF_SCOPE_FOR_MUTATION_POSITION,local_destabilization_can_support_dimerization_or_secretion_defect,medium,
VWF_I1425F,I1425F,1425,2M,A1,dprime_d3_fviii_binding,FVIII carrier function / Type 2N axis,D_prime-D3 plus FVIII light-chain fragment,764-1233,FVIII_LightChain,OUT_OF_SCOPE_FOR_MUTATION_POSITION,loss_of_binding_supports_2N,high,
VWF_I1425F,I1425F,1425,2M,A1,a1_gpiba_forced_binding,platelet GPIb alpha binding / Type 2B and 2M-A1 axis,A1 domain plus GPIb alpha extracellular fragment,1260-1479,GPIb_alpha,RUN,stronger_binding_can_support_2B; weaker_binding_can_support_2M_A1,medium,Forced complex; it does not test low-shear A1 opening.
VWF_I1425F,I1425F,1425,2M,A1,a1_heparan_sulfate_binding,A1 heparan-sulfate / charge-modulation axis,A1 domain plus heparan-sulfate mimetic peptide,1260-1479,Heparan_Sulfate_mimic,RUN,modulatory_evidence_for_A1_surface_charge,exploratory,
VWF_I1425F,I1425F,1425,2M,A1,a1_aim_autoinhibition_context,A1 autoinhibition and conformational exposure / Type 2B vs 2M-A1 axis,AIM-flanked A1 monomeric construct,1234-1493,,RUN,changed_AIM_A1_contacts_or_exposed_GPIb_surface,exploratory,This is a static proxy for AIM/open-closed behavior; it cannot simulate shear or conformational ensemble populations by itself.
VWF_I1425F,I1425F,1425,2M,A1,a2_folded_stability,A2 fold stability / Type 2A axis,folded A2 monomer,1480-1672,,OUT_OF_SCOPE_FOR_MUTATION_POSITION,destabilized_A2_can_support_2A_multimer_loss,medium,
VWF_I1425F,I1425F,1425,2M,A1,a2_adamts13_folded_complex,A2 ADAMTS13 docking / Type 2A axis,folded A2 plus ADAMTS13 spacer-domain fragment,1480-1672,ADAMTS13_Spacer,OUT_OF_SCOPE_FOR_MUTATION_POSITION,altered_ADAMTS13_docking_is_supportive_not_decisive,exploratory,ADAMTS13 cleavage is exposure-dependent; folded docking alone is not the full biology.
VWF_I1425F,I1425F,1425,2M,A1,vwf73_adamts13_substrate,unfolded A2 cleavage-substrate / Type 2A axis,VWF73 substrate peptide plus ADAMTS13 spacer-domain fragment,1596-1668,ADAMTS13_Spacer,OUT_OF_SCOPE_FOR_MUTATION_POSITION,altered_substrate_recognition_near_Y1605_M1606,medium,"Peptide-level proxy for the exposed cleavage substrate, not folded A2 mechanics."
VWF_I1425F,I1425F,1425,2M,A1,a3_collagen_binding,collagen I/III binding / Type 2M-A3 axis,A3 domain plus collagen triple-helix peptide,1673-1874,Collagen_I_THP,OUT_OF_SCOPE_FOR_MUTATION_POSITION,loss_of_collagen_binding_supports_2M_A3,high,
VWF_I1425F,I1425F,1425,2M,A1,c1_collagen_binding,collagen binding accessory C-domain axis,C1 domain plus collagen triple-helix peptide,2256-2324,Collagen_I_THP,OUT_OF_SCOPE_FOR_MUTATION_POSITION,loss_of_collagen_binding_supports_qualitative_platelet_adhesion_defect,exploratory,
VWF_I1425F,I1425F,1425,2M,A1,c2_collagen_binding,collagen binding accessory C-domain axis,C2 domain plus collagen triple-helix peptide,2325-2392,Collagen_I_THP,OUT_OF_SCOPE_FOR_MUTATION_POSITION,loss_of_collagen_binding_supports_qualitative_platelet_adhesion_defect,exploratory,
VWF_I1425F,I1425F,1425,2M,A1,c4_integrin_binding,platelet integrin alphaIIb beta3 / C4 RGD axis,C4 domain plus integrin beta3 headpiece proxy,2497-2577,Integrin_alphaIIb_beta3,OUT_OF_SCOPE_FOR_MUTATION_POSITION,altered_RGD_axis_supports_platelet_aggregation_defect,exploratory,
VWF_I1425F,I1425F,1425,2M,A1,d1d2_propeptide_context,"biosynthesis, propeptide processing, multimerization / Type 1 and 3 axis",D1-D2 propeptide monomeric context,23-763,,OUT_OF_SCOPE_FOR_MUTATION_POSITION,local_destabilization_can_support_secretion_or_multimerization_defect,medium,
VWF_I1425F,I1425F,1425,2M,A1,d4_assembly_context,secretion and multimer assembly / quantitative VWD axis,D4 monomeric context,1875-2255,,OUT_OF_SCOPE_FOR_MUTATION_POSITION,local_destabilization_can_support_quantitative_defect,medium,
VWF_I1425F,I1425F,1425,2M,A1,c_domain_assembly_context,"C-domain assembly, dimer packing, secretion / quantitative VWD axis",C1-C6 monomeric context,2256-2722,,OUT_OF_SCOPE_FOR_MUTATION_POSITION,local_destabilization_can_support_quantitative_or_multimer_defect,medium,
VWF_I1425F,I1425F,1425,2M,A1,ck_dimerization_context,C-terminal dimerization / Type 1 and 3 axis,CK domain monomeric context,2723-2813,,OUT_OF_SCOPE_FOR_MUTATION_POSITION,local_destabilization_can_support_dimerization_or_secretion_defect,medium,
VWF_R1426C,R1426C,1426,2M,A1,dprime_d3_fviii_binding,FVIII carrier function / Type 2N axis,D_prime-D3 plus FVIII light-chain fragment,764-1233,FVIII_LightChain,OUT_OF_SCOPE_FOR_MUTATION_POSITION,loss_of_binding_supports_2N,high,
VWF_R1426C,R1426C,1426,2M,A1,a1_gpiba_forced_binding,platelet GPIb alpha binding / Type 2B and 2M-A1 axis,A1 domain plus GPIb alpha extracellular fragment,1260-1479,GPIb_alpha,RUN,stronger_binding_can_support_2B; weaker_binding_can_support_2M_A1,medium,Forced complex; it does not test low-shear A1 opening.
VWF_R1426C,R1426C,1426,2M,A1,a1_heparan_sulfate_binding,A1 heparan-sulfate / charge-modulation axis,A1 domain plus heparan-sulfate mimetic peptide,1260-1479,Heparan_Sulfate_mimic,RUN,modulatory_evidence_for_A1_surface_charge,exploratory,
VWF_R1426C,R1426C,1426,2M,A1,a1_aim_autoinhibition_context,A1 autoinhibition and conformational exposure / Type 2B vs 2M-A1 axis,AIM-flanked A1 monomeric construct,1234-1493,,RUN,changed_AIM_A1_contacts_or_exposed_GPIb_surface,exploratory,This is a static proxy for AIM/open-closed behavior; it cannot simulate shear or conformational ensemble populations by itself.
VWF_R1426C,R1426C,1426,2M,A1,a2_folded_stability,A2 fold stability / Type 2A axis,folded A2 monomer,1480-1672,,OUT_OF_SCOPE_FOR_MUTATION_POSITION,destabilized_A2_can_support_2A_multimer_loss,medium,
VWF_R1426C,R1426C,1426,2M,A1,a2_adamts13_folded_complex,A2 ADAMTS13 docking / Type 2A axis,folded A2 plus ADAMTS13 spacer-domain fragment,1480-1672,ADAMTS13_Spacer,OUT_OF_SCOPE_FOR_MUTATION_POSITION,altered_ADAMTS13_docking_is_supportive_not_decisive,exploratory,ADAMTS13 cleavage is exposure-dependent; folded docking alone is not the full biology.
VWF_R1426C,R1426C,1426,2M,A1,vwf73_adamts13_substrate,unfolded A2 cleavage-substrate / Type 2A axis,VWF73 substrate peptide plus ADAMTS13 spacer-domain fragment,1596-1668,ADAMTS13_Spacer,OUT_OF_SCOPE_FOR_MUTATION_POSITION,altered_substrate_recognition_near_Y1605_M1606,medium,"Peptide-level proxy for the exposed cleavage substrate, not folded A2 mechanics."
VWF_R1426C,R1426C,1426,2M,A1,a3_collagen_binding,collagen I/III binding / Type 2M-A3 axis,A3 domain plus collagen triple-helix peptide,1673-1874,Collagen_I_THP,OUT_OF_SCOPE_FOR_MUTATION_POSITION,loss_of_collagen_binding_supports_2M_A3,high,
VWF_R1426C,R1426C,1426,2M,A1,c1_collagen_binding,collagen binding accessory C-domain axis,C1 domain plus collagen triple-helix peptide,2256-2324,Collagen_I_THP,OUT_OF_SCOPE_FOR_MUTATION_POSITION,loss_of_collagen_binding_supports_qualitative_platelet_adhesion_defect,exploratory,
VWF_R1426C,R1426C,1426,2M,A1,c2_collagen_binding,collagen binding accessory C-domain axis,C2 domain plus collagen triple-helix peptide,2325-2392,Collagen_I_THP,OUT_OF_SCOPE_FOR_MUTATION_POSITION,loss_of_collagen_binding_supports_qualitative_platelet_adhesion_defect,exploratory,
VWF_R1426C,R1426C,1426,2M,A1,c4_integrin_binding,platelet integrin alphaIIb beta3 / C4 RGD axis,C4 domain plus integrin beta3 headpiece proxy,2497-2577,Integrin_alphaIIb_beta3,OUT_OF_SCOPE_FOR_MUTATION_POSITION,altered_RGD_axis_supports_platelet_aggregation_defect,exploratory,
VWF_R1426C,R1426C,1426,2M,A1,d1d2_propeptide_context,"biosynthesis, propeptide processing, multimerization / Type 1 and 3 axis",D1-D2 propeptide monomeric context,23-763,,OUT_OF_SCOPE_FOR_MUTATION_POSITION,local_destabilization_can_support_secretion_or_multimerization_defect,medium,
VWF_R1426C,R1426C,1426,2M,A1,d4_assembly_context,secretion and multimer assembly / quantitative VWD axis,D4 monomeric context,1875-2255,,OUT_OF_SCOPE_FOR_MUTATION_POSITION,local_destabilization_can_support_quantitative_defect,medium,
VWF_R1426C,R1426C,1426,2M,A1,c_domain_assembly_context,"C-domain assembly, dimer packing, secretion / quantitative VWD axis",C1-C6 monomeric context,2256-2722,,OUT_OF_SCOPE_FOR_MUTATION_POSITION,local_destabilization_can_support_quantitative_or_multimer_defect,medium,
VWF_R1426C,R1426C,1426,2M,A1,ck_dimerization_context,C-terminal dimerization / Type 1 and 3 axis,CK domain monomeric context,2723-2813,,OUT_OF_SCOPE_FOR_MUTATION_POSITION,local_destabilization_can_support_dimerization_or_secretion_defect,medium,
VWF_L1696R,L1696R,1696,2M,A3,dprime_d3_fviii_binding,FVIII carrier function / Type 2N axis,D_prime-D3 plus FVIII light-chain fragment,764-1233,FVIII_LightChain,OUT_OF_SCOPE_FOR_MUTATION_POSITION,loss_of_binding_supports_2N,high,
VWF_L1696R,L1696R,1696,2M,A3,a1_gpiba_forced_binding,platelet GPIb alpha binding / Type 2B and 2M-A1 axis,A1 domain plus GPIb alpha extracellular fragment,1260-1479,GPIb_alpha,OUT_OF_SCOPE_FOR_MUTATION_POSITION,stronger_binding_can_support_2B; weaker_binding_can_support_2M_A1,medium,Forced complex; it does not test low-shear A1 opening.
VWF_L1696R,L1696R,1696,2M,A3,a1_heparan_sulfate_binding,A1 heparan-sulfate / charge-modulation axis,A1 domain plus heparan-sulfate mimetic peptide,1260-1479,Heparan_Sulfate_mimic,OUT_OF_SCOPE_FOR_MUTATION_POSITION,modulatory_evidence_for_A1_surface_charge,exploratory,
VWF_L1696R,L1696R,1696,2M,A3,a1_aim_autoinhibition_context,A1 autoinhibition and conformational exposure / Type 2B vs 2M-A1 axis,AIM-flanked A1 monomeric construct,1234-1493,,OUT_OF_SCOPE_FOR_MUTATION_POSITION,changed_AIM_A1_contacts_or_exposed_GPIb_surface,exploratory,This is a static proxy for AIM/open-closed behavior; it cannot simulate shear or conformational ensemble populations by itself.
VWF_L1696R,L1696R,1696,2M,A3,a2_folded_stability,A2 fold stability / Type 2A axis,folded A2 monomer,1480-1672,,OUT_OF_SCOPE_FOR_MUTATION_POSITION,destabilized_A2_can_support_2A_multimer_loss,medium,
VWF_L1696R,L1696R,1696,2M,A3,a2_adamts13_folded_complex,A2 ADAMTS13 docking / Type 2A axis,folded A2 plus ADAMTS13 spacer-domain fragment,1480-1672,ADAMTS13_Spacer,OUT_OF_SCOPE_FOR_MUTATION_POSITION,altered_ADAMTS13_docking_is_supportive_not_decisive,exploratory,ADAMTS13 cleavage is exposure-dependent; folded docking alone is not the full biology.
VWF_L1696R,L1696R,1696,2M,A3,vwf73_adamts13_substrate,unfolded A2 cleavage-substrate / Type 2A axis,VWF73 substrate peptide plus ADAMTS13 spacer-domain fragment,1596-1668,ADAMTS13_Spacer,OUT_OF_SCOPE_FOR_MUTATION_POSITION,altered_substrate_recognition_near_Y1605_M1606,medium,"Peptide-level proxy for the exposed cleavage substrate, not folded A2 mechanics."
VWF_L1696R,L1696R,1696,2M,A3,a3_collagen_binding,collagen I/III binding / Type 2M-A3 axis,A3 domain plus collagen triple-helix peptide,1673-1874,Collagen_I_THP,RUN,loss_of_collagen_binding_supports_2M_A3,high,
VWF_L1696R,L1696R,1696,2M,A3,c1_collagen_binding,collagen binding accessory C-domain axis,C1 domain plus collagen triple-helix peptide,2256-2324,Collagen_I_THP,OUT_OF_SCOPE_FOR_MUTATION_POSITION,loss_of_collagen_binding_supports_qualitative_platelet_adhesion_defect,exploratory,
VWF_L1696R,L1696R,1696,2M,A3,c2_collagen_binding,collagen binding accessory C-domain axis,C2 domain plus collagen triple-helix peptide,2325-2392,Collagen_I_THP,OUT_OF_SCOPE_FOR_MUTATION_POSITION,loss_of_collagen_binding_supports_qualitative_platelet_adhesion_defect,exploratory,
VWF_L1696R,L1696R,1696,2M,A3,c4_integrin_binding,platelet integrin alphaIIb beta3 / C4 RGD axis,C4 domain plus integrin beta3 headpiece proxy,2497-2577,Integrin_alphaIIb_beta3,OUT_OF_SCOPE_FOR_MUTATION_POSITION,altered_RGD_axis_supports_platelet_aggregation_defect,exploratory,
VWF_L1696R,L1696R,1696,2M,A3,d1d2_propeptide_context,"biosynthesis, propeptide processing, multimerization / Type 1 and 3 axis",D1-D2 propeptide monomeric context,23-763,,OUT_OF_SCOPE_FOR_MUTATION_POSITION,local_destabilization_can_support_secretion_or_multimerization_defect,medium,
VWF_L1696R,L1696R,1696,2M,A3,d4_assembly_context,secretion and multimer assembly / quantitative VWD axis,D4 monomeric context,1875-2255,,OUT_OF_SCOPE_FOR_MUTATION_POSITION,local_destabilization_can_support_quantitative_defect,medium,
VWF_L1696R,L1696R,1696,2M,A3,c_domain_assembly_context,"C-domain assembly, dimer packing, secretion / quantitative VWD axis",C1-C6 monomeric context,2256-2722,,OUT_OF_SCOPE_FOR_MUTATION_POSITION,local_destabilization_can_support_quantitative_or_multimer_defect,medium,
VWF_L1696R,L1696R,1696,2M,A3,ck_dimerization_context,C-terminal dimerization / Type 1 and 3 axis,CK domain monomeric context,2723-2813,,OUT_OF_SCOPE_FOR_MUTATION_POSITION,local_destabilization_can_support_dimerization_or_secretion_defect,medium,
VWF_S1699F,S1699F,1699,2M,A3,dprime_d3_fviii_binding,FVIII carrier function / Type 2N axis,D_prime-D3 plus FVIII light-chain fragment,764-1233,FVIII_LightChain,OUT_OF_SCOPE_FOR_MUTATION_POSITION,loss_of_binding_supports_2N,high,
VWF_S1699F,S1699F,1699,2M,A3,a1_gpiba_forced_binding,platelet GPIb alpha binding / Type 2B and 2M-A1 axis,A1 domain plus GPIb alpha extracellular fragment,1260-1479,GPIb_alpha,OUT_OF_SCOPE_FOR_MUTATION_POSITION,stronger_binding_can_support_2B; weaker_binding_can_support_2M_A1,medium,Forced complex; it does not test low-shear A1 opening.
VWF_S1699F,S1699F,1699,2M,A3,a1_heparan_sulfate_binding,A1 heparan-sulfate / charge-modulation axis,A1 domain plus heparan-sulfate mimetic peptide,1260-1479,Heparan_Sulfate_mimic,OUT_OF_SCOPE_FOR_MUTATION_POSITION,modulatory_evidence_for_A1_surface_charge,exploratory,
VWF_S1699F,S1699F,1699,2M,A3,a1_aim_autoinhibition_context,A1 autoinhibition and conformational exposure / Type 2B vs 2M-A1 axis,AIM-flanked A1 monomeric construct,1234-1493,,OUT_OF_SCOPE_FOR_MUTATION_POSITION,changed_AIM_A1_contacts_or_exposed_GPIb_surface,exploratory,This is a static proxy for AIM/open-closed behavior; it cannot simulate shear or conformational ensemble populations by itself.
VWF_S1699F,S1699F,1699,2M,A3,a2_folded_stability,A2 fold stability / Type 2A axis,folded A2 monomer,1480-1672,,OUT_OF_SCOPE_FOR_MUTATION_POSITION,destabilized_A2_can_support_2A_multimer_loss,medium,
VWF_S1699F,S1699F,1699,2M,A3,a2_adamts13_folded_complex,A2 ADAMTS13 docking / Type 2A axis,folded A2 plus ADAMTS13 spacer-domain fragment,1480-1672,ADAMTS13_Spacer,OUT_OF_SCOPE_FOR_MUTATION_POSITION,altered_ADAMTS13_docking_is_supportive_not_decisive,exploratory,ADAMTS13 cleavage is exposure-dependent; folded docking alone is not the full biology.
VWF_S1699F,S1699F,1699,2M,A3,vwf73_adamts13_substrate,unfolded A2 cleavage-substrate / Type 2A axis,VWF73 substrate peptide plus ADAMTS13 spacer-domain fragment,1596-1668,ADAMTS13_Spacer,OUT_OF_SCOPE_FOR_MUTATION_POSITION,altered_substrate_recognition_near_Y1605_M1606,medium,"Peptide-level proxy for the exposed cleavage substrate, not folded A2 mechanics."
VWF_S1699F,S1699F,1699,2M,A3,a3_collagen_binding,collagen I/III binding / Type 2M-A3 axis,A3 domain plus collagen triple-helix peptide,1673-1874,Collagen_I_THP,RUN,loss_of_collagen_binding_supports_2M_A3,high,
VWF_S1699F,S1699F,1699,2M,A3,c1_collagen_binding,collagen binding accessory C-domain axis,C1 domain plus collagen triple-helix peptide,2256-2324,Collagen_I_THP,OUT_OF_SCOPE_FOR_MUTATION_POSITION,loss_of_collagen_binding_supports_qualitative_platelet_adhesion_defect,exploratory,
VWF_S1699F,S1699F,1699,2M,A3,c2_collagen_binding,collagen binding accessory C-domain axis,C2 domain plus collagen triple-helix peptide,2325-2392,Collagen_I_THP,OUT_OF_SCOPE_FOR_MUTATION_POSITION,loss_of_collagen_binding_supports_qualitative_platelet_adhesion_defect,exploratory,
VWF_S1699F,S1699F,1699,2M,A3,c4_integrin_binding,platelet integrin alphaIIb beta3 / C4 RGD axis,C4 domain plus integrin beta3 headpiece proxy,2497-2577,Integrin_alphaIIb_beta3,OUT_OF_SCOPE_FOR_MUTATION_POSITION,altered_RGD_axis_supports_platelet_aggregation_defect,exploratory,
VWF_S1699F,S1699F,1699,2M,A3,d1d2_propeptide_context,"biosynthesis, propeptide processing, multimerization / Type 1 and 3 axis",D1-D2 propeptide monomeric context,23-763,,OUT_OF_SCOPE_FOR_MUTATION_POSITION,local_destabilization_can_support_secretion_or_multimerization_defect,medium,
VWF_S1699F,S1699F,1699,2M,A3,d4_assembly_context,secretion and multimer assembly / quantitative VWD axis,D4 monomeric context,1875-2255,,OUT_OF_SCOPE_FOR_MUTATION_POSITION,local_destabilization_can_support_quantitative_defect,medium,
VWF_S1699F,S1699F,1699,2M,A3,c_domain_assembly_context,"C-domain assembly, dimer packing, secretion / quantitative VWD axis",C1-C6 monomeric context,2256-2722,,OUT_OF_SCOPE_FOR_MUTATION_POSITION,local_destabilization_can_support_quantitative_or_multimer_defect,medium,
VWF_S1699F,S1699F,1699,2M,A3,ck_dimerization_context,C-terminal dimerization / Type 1 and 3 axis,CK domain monomeric context,2723-2813,,OUT_OF_SCOPE_FOR_MUTATION_POSITION,local_destabilization_can_support_dimerization_or_secretion_defect,medium,
VWF_V1730G,V1730G,1730,2M,A3,dprime_d3_fviii_binding,FVIII carrier function / Type 2N axis,D_prime-D3 plus FVIII light-chain fragment,764-1233,FVIII_LightChain,OUT_OF_SCOPE_FOR_MUTATION_POSITION,loss_of_binding_supports_2N,high,
VWF_V1730G,V1730G,1730,2M,A3,a1_gpiba_forced_binding,platelet GPIb alpha binding / Type 2B and 2M-A1 axis,A1 domain plus GPIb alpha extracellular fragment,1260-1479,GPIb_alpha,OUT_OF_SCOPE_FOR_MUTATION_POSITION,stronger_binding_can_support_2B; weaker_binding_can_support_2M_A1,medium,Forced complex; it does not test low-shear A1 opening.
VWF_V1730G,V1730G,1730,2M,A3,a1_heparan_sulfate_binding,A1 heparan-sulfate / charge-modulation axis,A1 domain plus heparan-sulfate mimetic peptide,1260-1479,Heparan_Sulfate_mimic,OUT_OF_SCOPE_FOR_MUTATION_POSITION,modulatory_evidence_for_A1_surface_charge,exploratory,
VWF_V1730G,V1730G,1730,2M,A3,a1_aim_autoinhibition_context,A1 autoinhibition and conformational exposure / Type 2B vs 2M-A1 axis,AIM-flanked A1 monomeric construct,1234-1493,,OUT_OF_SCOPE_FOR_MUTATION_POSITION,changed_AIM_A1_contacts_or_exposed_GPIb_surface,exploratory,This is a static proxy for AIM/open-closed behavior; it cannot simulate shear or conformational ensemble populations by itself.
VWF_V1730G,V1730G,1730,2M,A3,a2_folded_stability,A2 fold stability / Type 2A axis,folded A2 monomer,1480-1672,,OUT_OF_SCOPE_FOR_MUTATION_POSITION,destabilized_A2_can_support_2A_multimer_loss,medium,
VWF_V1730G,V1730G,1730,2M,A3,a2_adamts13_folded_complex,A2 ADAMTS13 docking / Type 2A axis,folded A2 plus ADAMTS13 spacer-domain fragment,1480-1672,ADAMTS13_Spacer,OUT_OF_SCOPE_FOR_MUTATION_POSITION,altered_ADAMTS13_docking_is_supportive_not_decisive,exploratory,ADAMTS13 cleavage is exposure-dependent; folded docking alone is not the full biology.
VWF_V1730G,V1730G,1730,2M,A3,vwf73_adamts13_substrate,unfolded A2 cleavage-substrate / Type 2A axis,VWF73 substrate peptide plus ADAMTS13 spacer-domain fragment,1596-1668,ADAMTS13_Spacer,OUT_OF_SCOPE_FOR_MUTATION_POSITION,altered_substrate_recognition_near_Y1605_M1606,medium,"Peptide-level proxy for the exposed cleavage substrate, not folded A2 mechanics."
VWF_V1730G,V1730G,1730,2M,A3,a3_collagen_binding,collagen I/III binding / Type 2M-A3 axis,A3 domain plus collagen triple-helix peptide,1673-1874,Collagen_I_THP,RUN,loss_of_collagen_binding_supports_2M_A3,high,
VWF_V1730G,V1730G,1730,2M,A3,c1_collagen_binding,collagen binding accessory C-domain axis,C1 domain plus collagen triple-helix peptide,2256-2324,Collagen_I_THP,OUT_OF_SCOPE_FOR_MUTATION_POSITION,loss_of_collagen_binding_supports_qualitative_platelet_adhesion_defect,exploratory,
VWF_V1730G,V1730G,1730,2M,A3,c2_collagen_binding,collagen binding accessory C-domain axis,C2 domain plus collagen triple-helix peptide,2325-2392,Collagen_I_THP,OUT_OF_SCOPE_FOR_MUTATION_POSITION,loss_of_collagen_binding_supports_qualitative_platelet_adhesion_defect,exploratory,
VWF_V1730G,V1730G,1730,2M,A3,c4_integrin_binding,platelet integrin alphaIIb beta3 / C4 RGD axis,C4 domain plus integrin beta3 headpiece proxy,2497-2577,Integrin_alphaIIb_beta3,OUT_OF_SCOPE_FOR_MUTATION_POSITION,altered_RGD_axis_supports_platelet_aggregation_defect,exploratory,
VWF_V1730G,V1730G,1730,2M,A3,d1d2_propeptide_context,"biosynthesis, propeptide processing, multimerization / Type 1 and 3 axis",D1-D2 propeptide monomeric context,23-763,,OUT_OF_SCOPE_FOR_MUTATION_POSITION,local_destabilization_can_support_secretion_or_multimerization_defect,medium,
VWF_V1730G,V1730G,1730,2M,A3,d4_assembly_context,secretion and multimer assembly / quantitative VWD axis,D4 monomeric context,1875-2255,,OUT_OF_SCOPE_FOR_MUTATION_POSITION,local_destabilization_can_support_quantitative_defect,medium,
VWF_V1730G,V1730G,1730,2M,A3,c_domain_assembly_context,"C-domain assembly, dimer packing, secretion / quantitative VWD axis",C1-C6 monomeric context,2256-2722,,OUT_OF_SCOPE_FOR_MUTATION_POSITION,local_destabilization_can_support_quantitative_or_multimer_defect,medium,
VWF_V1730G,V1730G,1730,2M,A3,ck_dimerization_context,C-terminal dimerization / Type 1 and 3 axis,CK domain monomeric context,2723-2813,,OUT_OF_SCOPE_FOR_MUTATION_POSITION,local_destabilization_can_support_dimerization_or_secretion_defect,medium,
VWF_S1731T,S1731T,1731,2M,A3,dprime_d3_fviii_binding,FVIII carrier function / Type 2N axis,D_prime-D3 plus FVIII light-chain fragment,764-1233,FVIII_LightChain,OUT_OF_SCOPE_FOR_MUTATION_POSITION,loss_of_binding_supports_2N,high,
VWF_S1731T,S1731T,1731,2M,A3,a1_gpiba_forced_binding,platelet GPIb alpha binding / Type 2B and 2M-A1 axis,A1 domain plus GPIb alpha extracellular fragment,1260-1479,GPIb_alpha,OUT_OF_SCOPE_FOR_MUTATION_POSITION,stronger_binding_can_support_2B; weaker_binding_can_support_2M_A1,medium,Forced complex; it does not test low-shear A1 opening.
VWF_S1731T,S1731T,1731,2M,A3,a1_heparan_sulfate_binding,A1 heparan-sulfate / charge-modulation axis,A1 domain plus heparan-sulfate mimetic peptide,1260-1479,Heparan_Sulfate_mimic,OUT_OF_SCOPE_FOR_MUTATION_POSITION,modulatory_evidence_for_A1_surface_charge,exploratory,
VWF_S1731T,S1731T,1731,2M,A3,a1_aim_autoinhibition_context,A1 autoinhibition and conformational exposure / Type 2B vs 2M-A1 axis,AIM-flanked A1 monomeric construct,1234-1493,,OUT_OF_SCOPE_FOR_MUTATION_POSITION,changed_AIM_A1_contacts_or_exposed_GPIb_surface,exploratory,This is a static proxy for AIM/open-closed behavior; it cannot simulate shear or conformational ensemble populations by itself.
VWF_S1731T,S1731T,1731,2M,A3,a2_folded_stability,A2 fold stability / Type 2A axis,folded A2 monomer,1480-1672,,OUT_OF_SCOPE_FOR_MUTATION_POSITION,destabilized_A2_can_support_2A_multimer_loss,medium,
VWF_S1731T,S1731T,1731,2M,A3,a2_adamts13_folded_complex,A2 ADAMTS13 docking / Type 2A axis,folded A2 plus ADAMTS13 spacer-domain fragment,1480-1672,ADAMTS13_Spacer,OUT_OF_SCOPE_FOR_MUTATION_POSITION,altered_ADAMTS13_docking_is_supportive_not_decisive,exploratory,ADAMTS13 cleavage is exposure-dependent; folded docking alone is not the full biology.
VWF_S1731T,S1731T,1731,2M,A3,vwf73_adamts13_substrate,unfolded A2 cleavage-substrate / Type 2A axis,VWF73 substrate peptide plus ADAMTS13 spacer-domain fragment,1596-1668,ADAMTS13_Spacer,OUT_OF_SCOPE_FOR_MUTATION_POSITION,altered_substrate_recognition_near_Y1605_M1606,medium,"Peptide-level proxy for the exposed cleavage substrate, not folded A2 mechanics."
VWF_S1731T,S1731T,1731,2M,A3,a3_collagen_binding,collagen I/III binding / Type 2M-A3 axis,A3 domain plus collagen triple-helix peptide,1673-1874,Collagen_I_THP,RUN,loss_of_collagen_binding_supports_2M_A3,high,
VWF_S1731T,S1731T,1731,2M,A3,c1_collagen_binding,collagen binding accessory C-domain axis,C1 domain plus collagen triple-helix peptide,2256-2324,Collagen_I_THP,OUT_OF_SCOPE_FOR_MUTATION_POSITION,loss_of_collagen_binding_supports_qualitative_platelet_adhesion_defect,exploratory,
VWF_S1731T,S1731T,1731,2M,A3,c2_collagen_binding,collagen binding accessory C-domain axis,C2 domain plus collagen triple-helix peptide,2325-2392,Collagen_I_THP,OUT_OF_SCOPE_FOR_MUTATION_POSITION,loss_of_collagen_binding_supports_qualitative_platelet_adhesion_defect,exploratory,
VWF_S1731T,S1731T,1731,2M,A3,c4_integrin_binding,platelet integrin alphaIIb beta3 / C4 RGD axis,C4 domain plus integrin beta3 headpiece proxy,2497-2577,Integrin_alphaIIb_beta3,OUT_OF_SCOPE_FOR_MUTATION_POSITION,altered_RGD_axis_supports_platelet_aggregation_defect,exploratory,
VWF_S1731T,S1731T,1731,2M,A3,d1d2_propeptide_context,"biosynthesis, propeptide processing, multimerization / Type 1 and 3 axis",D1-D2 propeptide monomeric context,23-763,,OUT_OF_SCOPE_FOR_MUTATION_POSITION,local_destabilization_can_support_secretion_or_multimerization_defect,medium,
VWF_S1731T,S1731T,1731,2M,A3,d4_assembly_context,secretion and multimer assembly / quantitative VWD axis,D4 monomeric context,1875-2255,,OUT_OF_SCOPE_FOR_MUTATION_POSITION,local_destabilization_can_support_quantitative_defect,medium,
VWF_S1731T,S1731T,1731,2M,A3,c_domain_assembly_context,"C-domain assembly, dimer packing, secretion / quantitative VWD axis",C1-C6 monomeric context,2256-2722,,OUT_OF_SCOPE_FOR_MUTATION_POSITION,local_destabilization_can_support_quantitative_or_multimer_defect,medium,
VWF_S1731T,S1731T,1731,2M,A3,ck_dimerization_context,C-terminal dimerization / Type 1 and 3 axis,CK domain monomeric context,2723-2813,,OUT_OF_SCOPE_FOR_MUTATION_POSITION,local_destabilization_can_support_dimerization_or_secretion_defect,medium,
VWF_L1733P,L1733P,1733,2M,A3,dprime_d3_fviii_binding,FVIII carrier function / Type 2N axis,D_prime-D3 plus FVIII light-chain fragment,764-1233,FVIII_LightChain,OUT_OF_SCOPE_FOR_MUTATION_POSITION,loss_of_binding_supports_2N,high,
VWF_L1733P,L1733P,1733,2M,A3,a1_gpiba_forced_binding,platelet GPIb alpha binding / Type 2B and 2M-A1 axis,A1 domain plus GPIb alpha extracellular fragment,1260-1479,GPIb_alpha,OUT_OF_SCOPE_FOR_MUTATION_POSITION,stronger_binding_can_support_2B; weaker_binding_can_support_2M_A1,medium,Forced complex; it does not test low-shear A1 opening.
VWF_L1733P,L1733P,1733,2M,A3,a1_heparan_sulfate_binding,A1 heparan-sulfate / charge-modulation axis,A1 domain plus heparan-sulfate mimetic peptide,1260-1479,Heparan_Sulfate_mimic,OUT_OF_SCOPE_FOR_MUTATION_POSITION,modulatory_evidence_for_A1_surface_charge,exploratory,
VWF_L1733P,L1733P,1733,2M,A3,a1_aim_autoinhibition_context,A1 autoinhibition and conformational exposure / Type 2B vs 2M-A1 axis,AIM-flanked A1 monomeric construct,1234-1493,,OUT_OF_SCOPE_FOR_MUTATION_POSITION,changed_AIM_A1_contacts_or_exposed_GPIb_surface,exploratory,This is a static proxy for AIM/open-closed behavior; it cannot simulate shear or conformational ensemble populations by itself.
VWF_L1733P,L1733P,1733,2M,A3,a2_folded_stability,A2 fold stability / Type 2A axis,folded A2 monomer,1480-1672,,OUT_OF_SCOPE_FOR_MUTATION_POSITION,destabilized_A2_can_support_2A_multimer_loss,medium,
VWF_L1733P,L1733P,1733,2M,A3,a2_adamts13_folded_complex,A2 ADAMTS13 docking / Type 2A axis,folded A2 plus ADAMTS13 spacer-domain fragment,1480-1672,ADAMTS13_Spacer,OUT_OF_SCOPE_FOR_MUTATION_POSITION,altered_ADAMTS13_docking_is_supportive_not_decisive,exploratory,ADAMTS13 cleavage is exposure-dependent; folded docking alone is not the full biology.
VWF_L1733P,L1733P,1733,2M,A3,vwf73_adamts13_substrate,unfolded A2 cleavage-substrate / Type 2A axis,VWF73 substrate peptide plus ADAMTS13 spacer-domain fragment,1596-1668,ADAMTS13_Spacer,OUT_OF_SCOPE_FOR_MUTATION_POSITION,altered_substrate_recognition_near_Y1605_M1606,medium,"Peptide-level proxy for the exposed cleavage substrate, not folded A2 mechanics."
VWF_L1733P,L1733P,1733,2M,A3,a3_collagen_binding,collagen I/III binding / Type 2M-A3 axis,A3 domain plus collagen triple-helix peptide,1673-1874,Collagen_I_THP,RUN,loss_of_collagen_binding_supports_2M_A3,high,
VWF_L1733P,L1733P,1733,2M,A3,c1_collagen_binding,collagen binding accessory C-domain axis,C1 domain plus collagen triple-helix peptide,2256-2324,Collagen_I_THP,OUT_OF_SCOPE_FOR_MUTATION_POSITION,loss_of_collagen_binding_supports_qualitative_platelet_adhesion_defect,exploratory,
VWF_L1733P,L1733P,1733,2M,A3,c2_collagen_binding,collagen binding accessory C-domain axis,C2 domain plus collagen triple-helix peptide,2325-2392,Collagen_I_THP,OUT_OF_SCOPE_FOR_MUTATION_POSITION,loss_of_collagen_binding_supports_qualitative_platelet_adhesion_defect,exploratory,
VWF_L1733P,L1733P,1733,2M,A3,c4_integrin_binding,platelet integrin alphaIIb beta3 / C4 RGD axis,C4 domain plus integrin beta3 headpiece proxy,2497-2577,Integrin_alphaIIb_beta3,OUT_OF_SCOPE_FOR_MUTATION_POSITION,altered_RGD_axis_supports_platelet_aggregation_defect,exploratory,
VWF_L1733P,L1733P,1733,2M,A3,d1d2_propeptide_context,"biosynthesis, propeptide processing, multimerization / Type 1 and 3 axis",D1-D2 propeptide monomeric context,23-763,,OUT_OF_SCOPE_FOR_MUTATION_POSITION,local_destabilization_can_support_secretion_or_multimerization_defect,medium,
VWF_L1733P,L1733P,1733,2M,A3,d4_assembly_context,secretion and multimer assembly / quantitative VWD axis,D4 monomeric context,1875-2255,,OUT_OF_SCOPE_FOR_MUTATION_POSITION,local_destabilization_can_support_quantitative_defect,medium,
VWF_L1733P,L1733P,1733,2M,A3,c_domain_assembly_context,"C-domain assembly, dimer packing, secretion / quantitative VWD axis",C1-C6 monomeric context,2256-2722,,OUT_OF_SCOPE_FOR_MUTATION_POSITION,local_destabilization_can_support_quantitative_or_multimer_defect,medium,
VWF_L1733P,L1733P,1733,2M,A3,ck_dimerization_context,C-terminal dimerization / Type 1 and 3 axis,CK domain monomeric context,2723-2813,,OUT_OF_SCOPE_FOR_MUTATION_POSITION,local_destabilization_can_support_dimerization_or_secretion_defect,medium,
VWF_Y1735D,Y1735D,1735,2M,A3,dprime_d3_fviii_binding,FVIII carrier function / Type 2N axis,D_prime-D3 plus FVIII light-chain fragment,764-1233,FVIII_LightChain,OUT_OF_SCOPE_FOR_MUTATION_POSITION,loss_of_binding_supports_2N,high,
VWF_Y1735D,Y1735D,1735,2M,A3,a1_gpiba_forced_binding,platelet GPIb alpha binding / Type 2B and 2M-A1 axis,A1 domain plus GPIb alpha extracellular fragment,1260-1479,GPIb_alpha,OUT_OF_SCOPE_FOR_MUTATION_POSITION,stronger_binding_can_support_2B; weaker_binding_can_support_2M_A1,medium,Forced complex; it does not test low-shear A1 opening.
VWF_Y1735D,Y1735D,1735,2M,A3,a1_heparan_sulfate_binding,A1 heparan-sulfate / charge-modulation axis,A1 domain plus heparan-sulfate mimetic peptide,1260-1479,Heparan_Sulfate_mimic,OUT_OF_SCOPE_FOR_MUTATION_POSITION,modulatory_evidence_for_A1_surface_charge,exploratory,
VWF_Y1735D,Y1735D,1735,2M,A3,a1_aim_autoinhibition_context,A1 autoinhibition and conformational exposure / Type 2B vs 2M-A1 axis,AIM-flanked A1 monomeric construct,1234-1493,,OUT_OF_SCOPE_FOR_MUTATION_POSITION,changed_AIM_A1_contacts_or_exposed_GPIb_surface,exploratory,This is a static proxy for AIM/open-closed behavior; it cannot simulate shear or conformational ensemble populations by itself.
VWF_Y1735D,Y1735D,1735,2M,A3,a2_folded_stability,A2 fold stability / Type 2A axis,folded A2 monomer,1480-1672,,OUT_OF_SCOPE_FOR_MUTATION_POSITION,destabilized_A2_can_support_2A_multimer_loss,medium,
VWF_Y1735D,Y1735D,1735,2M,A3,a2_adamts13_folded_complex,A2 ADAMTS13 docking / Type 2A axis,folded A2 plus ADAMTS13 spacer-domain fragment,1480-1672,ADAMTS13_Spacer,OUT_OF_SCOPE_FOR_MUTATION_POSITION,altered_ADAMTS13_docking_is_supportive_not_decisive,exploratory,ADAMTS13 cleavage is exposure-dependent; folded docking alone is not the full biology.
VWF_Y1735D,Y1735D,1735,2M,A3,vwf73_adamts13_substrate,unfolded A2 cleavage-substrate / Type 2A axis,VWF73 substrate peptide plus ADAMTS13 spacer-domain fragment,1596-1668,ADAMTS13_Spacer,OUT_OF_SCOPE_FOR_MUTATION_POSITION,altered_substrate_recognition_near_Y1605_M1606,medium,"Peptide-level proxy for the exposed cleavage substrate, not folded A2 mechanics."
VWF_Y1735D,Y1735D,1735,2M,A3,a3_collagen_binding,collagen I/III binding / Type 2M-A3 axis,A3 domain plus collagen triple-helix peptide,1673-1874,Collagen_I_THP,RUN,loss_of_collagen_binding_supports_2M_A3,high,
VWF_Y1735D,Y1735D,1735,2M,A3,c1_collagen_binding,collagen binding accessory C-domain axis,C1 domain plus collagen triple-helix peptide,2256-2324,Collagen_I_THP,OUT_OF_SCOPE_FOR_MUTATION_POSITION,loss_of_collagen_binding_supports_qualitative_platelet_adhesion_defect,exploratory,
VWF_Y1735D,Y1735D,1735,2M,A3,c2_collagen_binding,collagen binding accessory C-domain axis,C2 domain plus collagen triple-helix peptide,2325-2392,Collagen_I_THP,OUT_OF_SCOPE_FOR_MUTATION_POSITION,loss_of_collagen_binding_supports_qualitative_platelet_adhesion_defect,exploratory,
VWF_Y1735D,Y1735D,1735,2M,A3,c4_integrin_binding,platelet integrin alphaIIb beta3 / C4 RGD axis,C4 domain plus integrin beta3 headpiece proxy,2497-2577,Integrin_alphaIIb_beta3,OUT_OF_SCOPE_FOR_MUTATION_POSITION,altered_RGD_axis_supports_platelet_aggregation_defect,exploratory,
VWF_Y1735D,Y1735D,1735,2M,A3,d1d2_propeptide_context,"biosynthesis, propeptide processing, multimerization / Type 1 and 3 axis",D1-D2 propeptide monomeric context,23-763,,OUT_OF_SCOPE_FOR_MUTATION_POSITION,local_destabilization_can_support_secretion_or_multimerization_defect,medium,
VWF_Y1735D,Y1735D,1735,2M,A3,d4_assembly_context,secretion and multimer assembly / quantitative VWD axis,D4 monomeric context,1875-2255,,OUT_OF_SCOPE_FOR_MUTATION_POSITION,local_destabilization_can_support_quantitative_defect,medium,
VWF_Y1735D,Y1735D,1735,2M,A3,c_domain_assembly_context,"C-domain assembly, dimer packing, secretion / quantitative VWD axis",C1-C6 monomeric context,2256-2722,,OUT_OF_SCOPE_FOR_MUTATION_POSITION,local_destabilization_can_support_quantitative_or_multimer_defect,medium,
VWF_Y1735D,Y1735D,1735,2M,A3,ck_dimerization_context,C-terminal dimerization / Type 1 and 3 axis,CK domain monomeric context,2723-2813,,OUT_OF_SCOPE_FOR_MUTATION_POSITION,local_destabilization_can_support_dimerization_or_secretion_defect,medium,
VWF_W1745C,W1745C,1745,2M,A3,dprime_d3_fviii_binding,FVIII carrier function / Type 2N axis,D_prime-D3 plus FVIII light-chain fragment,764-1233,FVIII_LightChain,OUT_OF_SCOPE_FOR_MUTATION_POSITION,loss_of_binding_supports_2N,high,
VWF_W1745C,W1745C,1745,2M,A3,a1_gpiba_forced_binding,platelet GPIb alpha binding / Type 2B and 2M-A1 axis,A1 domain plus GPIb alpha extracellular fragment,1260-1479,GPIb_alpha,OUT_OF_SCOPE_FOR_MUTATION_POSITION,stronger_binding_can_support_2B; weaker_binding_can_support_2M_A1,medium,Forced complex; it does not test low-shear A1 opening.
VWF_W1745C,W1745C,1745,2M,A3,a1_heparan_sulfate_binding,A1 heparan-sulfate / charge-modulation axis,A1 domain plus heparan-sulfate mimetic peptide,1260-1479,Heparan_Sulfate_mimic,OUT_OF_SCOPE_FOR_MUTATION_POSITION,modulatory_evidence_for_A1_surface_charge,exploratory,
VWF_W1745C,W1745C,1745,2M,A3,a1_aim_autoinhibition_context,A1 autoinhibition and conformational exposure / Type 2B vs 2M-A1 axis,AIM-flanked A1 monomeric construct,1234-1493,,OUT_OF_SCOPE_FOR_MUTATION_POSITION,changed_AIM_A1_contacts_or_exposed_GPIb_surface,exploratory,This is a static proxy for AIM/open-closed behavior; it cannot simulate shear or conformational ensemble populations by itself.
VWF_W1745C,W1745C,1745,2M,A3,a2_folded_stability,A2 fold stability / Type 2A axis,folded A2 monomer,1480-1672,,OUT_OF_SCOPE_FOR_MUTATION_POSITION,destabilized_A2_can_support_2A_multimer_loss,medium,
VWF_W1745C,W1745C,1745,2M,A3,a2_adamts13_folded_complex,A2 ADAMTS13 docking / Type 2A axis,folded A2 plus ADAMTS13 spacer-domain fragment,1480-1672,ADAMTS13_Spacer,OUT_OF_SCOPE_FOR_MUTATION_POSITION,altered_ADAMTS13_docking_is_supportive_not_decisive,exploratory,ADAMTS13 cleavage is exposure-dependent; folded docking alone is not the full biology.
VWF_W1745C,W1745C,1745,2M,A3,vwf73_adamts13_substrate,unfolded A2 cleavage-substrate / Type 2A axis,VWF73 substrate peptide plus ADAMTS13 spacer-domain fragment,1596-1668,ADAMTS13_Spacer,OUT_OF_SCOPE_FOR_MUTATION_POSITION,altered_substrate_recognition_near_Y1605_M1606,medium,"Peptide-level proxy for the exposed cleavage substrate, not folded A2 mechanics."
VWF_W1745C,W1745C,1745,2M,A3,a3_collagen_binding,collagen I/III binding / Type 2M-A3 axis,A3 domain plus collagen triple-helix peptide,1673-1874,Collagen_I_THP,RUN,loss_of_collagen_binding_supports_2M_A3,high,
VWF_W1745C,W1745C,1745,2M,A3,c1_collagen_binding,collagen binding accessory C-domain axis,C1 domain plus collagen triple-helix peptide,2256-2324,Collagen_I_THP,OUT_OF_SCOPE_FOR_MUTATION_POSITION,loss_of_collagen_binding_supports_qualitative_platelet_adhesion_defect,exploratory,
VWF_W1745C,W1745C,1745,2M,A3,c2_collagen_binding,collagen binding accessory C-domain axis,C2 domain plus collagen triple-helix peptide,2325-2392,Collagen_I_THP,OUT_OF_SCOPE_FOR_MUTATION_POSITION,loss_of_collagen_binding_supports_qualitative_platelet_adhesion_defect,exploratory,
VWF_W1745C,W1745C,1745,2M,A3,c4_integrin_binding,platelet integrin alphaIIb beta3 / C4 RGD axis,C4 domain plus integrin beta3 headpiece proxy,2497-2577,Integrin_alphaIIb_beta3,OUT_OF_SCOPE_FOR_MUTATION_POSITION,altered_RGD_axis_supports_platelet_aggregation_defect,exploratory,
VWF_W1745C,W1745C,1745,2M,A3,d1d2_propeptide_context,"biosynthesis, propeptide processing, multimerization / Type 1 and 3 axis",D1-D2 propeptide monomeric context,23-763,,OUT_OF_SCOPE_FOR_MUTATION_POSITION,local_destabilization_can_support_secretion_or_multimerization_defect,medium,
VWF_W1745C,W1745C,1745,2M,A3,d4_assembly_context,secretion and multimer assembly / quantitative VWD axis,D4 monomeric context,1875-2255,,OUT_OF_SCOPE_FOR_MUTATION_POSITION,local_destabilization_can_support_quantitative_defect,medium,
VWF_W1745C,W1745C,1745,2M,A3,c_domain_assembly_context,"C-domain assembly, dimer packing, secretion / quantitative VWD axis",C1-C6 monomeric context,2256-2722,,OUT_OF_SCOPE_FOR_MUTATION_POSITION,local_destabilization_can_support_quantitative_or_multimer_defect,medium,
VWF_W1745C,W1745C,1745,2M,A3,ck_dimerization_context,C-terminal dimerization / Type 1 and 3 axis,CK domain monomeric context,2723-2813,,OUT_OF_SCOPE_FOR_MUTATION_POSITION,local_destabilization_can_support_dimerization_or_secretion_defect,medium,
VWF_M1761K,M1761K,1761,2M,A3,dprime_d3_fviii_binding,FVIII carrier function / Type 2N axis,D_prime-D3 plus FVIII light-chain fragment,764-1233,FVIII_LightChain,OUT_OF_SCOPE_FOR_MUTATION_POSITION,loss_of_binding_supports_2N,high,
VWF_M1761K,M1761K,1761,2M,A3,a1_gpiba_forced_binding,platelet GPIb alpha binding / Type 2B and 2M-A1 axis,A1 domain plus GPIb alpha extracellular fragment,1260-1479,GPIb_alpha,OUT_OF_SCOPE_FOR_MUTATION_POSITION,stronger_binding_can_support_2B; weaker_binding_can_support_2M_A1,medium,Forced complex; it does not test low-shear A1 opening.
VWF_M1761K,M1761K,1761,2M,A3,a1_heparan_sulfate_binding,A1 heparan-sulfate / charge-modulation axis,A1 domain plus heparan-sulfate mimetic peptide,1260-1479,Heparan_Sulfate_mimic,OUT_OF_SCOPE_FOR_MUTATION_POSITION,modulatory_evidence_for_A1_surface_charge,exploratory,
VWF_M1761K,M1761K,1761,2M,A3,a1_aim_autoinhibition_context,A1 autoinhibition and conformational exposure / Type 2B vs 2M-A1 axis,AIM-flanked A1 monomeric construct,1234-1493,,OUT_OF_SCOPE_FOR_MUTATION_POSITION,changed_AIM_A1_contacts_or_exposed_GPIb_surface,exploratory,This is a static proxy for AIM/open-closed behavior; it cannot simulate shear or conformational ensemble populations by itself.
VWF_M1761K,M1761K,1761,2M,A3,a2_folded_stability,A2 fold stability / Type 2A axis,folded A2 monomer,1480-1672,,OUT_OF_SCOPE_FOR_MUTATION_POSITION,destabilized_A2_can_support_2A_multimer_loss,medium,
VWF_M1761K,M1761K,1761,2M,A3,a2_adamts13_folded_complex,A2 ADAMTS13 docking / Type 2A axis,folded A2 plus ADAMTS13 spacer-domain fragment,1480-1672,ADAMTS13_Spacer,OUT_OF_SCOPE_FOR_MUTATION_POSITION,altered_ADAMTS13_docking_is_supportive_not_decisive,exploratory,ADAMTS13 cleavage is exposure-dependent; folded docking alone is not the full biology.
VWF_M1761K,M1761K,1761,2M,A3,vwf73_adamts13_substrate,unfolded A2 cleavage-substrate / Type 2A axis,VWF73 substrate peptide plus ADAMTS13 spacer-domain fragment,1596-1668,ADAMTS13_Spacer,OUT_OF_SCOPE_FOR_MUTATION_POSITION,altered_substrate_recognition_near_Y1605_M1606,medium,"Peptide-level proxy for the exposed cleavage substrate, not folded A2 mechanics."
VWF_M1761K,M1761K,1761,2M,A3,a3_collagen_binding,collagen I/III binding / Type 2M-A3 axis,A3 domain plus collagen triple-helix peptide,1673-1874,Collagen_I_THP,RUN,loss_of_collagen_binding_supports_2M_A3,high,
VWF_M1761K,M1761K,1761,2M,A3,c1_collagen_binding,collagen binding accessory C-domain axis,C1 domain plus collagen triple-helix peptide,2256-2324,Collagen_I_THP,OUT_OF_SCOPE_FOR_MUTATION_POSITION,loss_of_collagen_binding_supports_qualitative_platelet_adhesion_defect,exploratory,
VWF_M1761K,M1761K,1761,2M,A3,c2_collagen_binding,collagen binding accessory C-domain axis,C2 domain plus collagen triple-helix peptide,2325-2392,Collagen_I_THP,OUT_OF_SCOPE_FOR_MUTATION_POSITION,loss_of_collagen_binding_supports_qualitative_platelet_adhesion_defect,exploratory,
VWF_M1761K,M1761K,1761,2M,A3,c4_integrin_binding,platelet integrin alphaIIb beta3 / C4 RGD axis,C4 domain plus integrin beta3 headpiece proxy,2497-2577,Integrin_alphaIIb_beta3,OUT_OF_SCOPE_FOR_MUTATION_POSITION,altered_RGD_axis_supports_platelet_aggregation_defect,exploratory,
VWF_M1761K,M1761K,1761,2M,A3,d1d2_propeptide_context,"biosynthesis, propeptide processing, multimerization / Type 1 and 3 axis",D1-D2 propeptide monomeric context,23-763,,OUT_OF_SCOPE_FOR_MUTATION_POSITION,local_destabilization_can_support_secretion_or_multimerization_defect,medium,
VWF_M1761K,M1761K,1761,2M,A3,d4_assembly_context,secretion and multimer assembly / quantitative VWD axis,D4 monomeric context,1875-2255,,OUT_OF_SCOPE_FOR_MUTATION_POSITION,local_destabilization_can_support_quantitative_defect,medium,
VWF_M1761K,M1761K,1761,2M,A3,c_domain_assembly_context,"C-domain assembly, dimer packing, secretion / quantitative VWD axis",C1-C6 monomeric context,2256-2722,,OUT_OF_SCOPE_FOR_MUTATION_POSITION,local_destabilization_can_support_quantitative_or_multimer_defect,medium,
VWF_M1761K,M1761K,1761,2M,A3,ck_dimerization_context,C-terminal dimerization / Type 1 and 3 axis,CK domain monomeric context,2723-2813,,OUT_OF_SCOPE_FOR_MUTATION_POSITION,local_destabilization_can_support_dimerization_or_secretion_defect,medium,
VWF_S1783A,S1783A,1783,2M,A3,dprime_d3_fviii_binding,FVIII carrier function / Type 2N axis,D_prime-D3 plus FVIII light-chain fragment,764-1233,FVIII_LightChain,OUT_OF_SCOPE_FOR_MUTATION_POSITION,loss_of_binding_supports_2N,high,
VWF_S1783A,S1783A,1783,2M,A3,a1_gpiba_forced_binding,platelet GPIb alpha binding / Type 2B and 2M-A1 axis,A1 domain plus GPIb alpha extracellular fragment,1260-1479,GPIb_alpha,OUT_OF_SCOPE_FOR_MUTATION_POSITION,stronger_binding_can_support_2B; weaker_binding_can_support_2M_A1,medium,Forced complex; it does not test low-shear A1 opening.
VWF_S1783A,S1783A,1783,2M,A3,a1_heparan_sulfate_binding,A1 heparan-sulfate / charge-modulation axis,A1 domain plus heparan-sulfate mimetic peptide,1260-1479,Heparan_Sulfate_mimic,OUT_OF_SCOPE_FOR_MUTATION_POSITION,modulatory_evidence_for_A1_surface_charge,exploratory,
VWF_S1783A,S1783A,1783,2M,A3,a1_aim_autoinhibition_context,A1 autoinhibition and conformational exposure / Type 2B vs 2M-A1 axis,AIM-flanked A1 monomeric construct,1234-1493,,OUT_OF_SCOPE_FOR_MUTATION_POSITION,changed_AIM_A1_contacts_or_exposed_GPIb_surface,exploratory,This is a static proxy for AIM/open-closed behavior; it cannot simulate shear or conformational ensemble populations by itself.
VWF_S1783A,S1783A,1783,2M,A3,a2_folded_stability,A2 fold stability / Type 2A axis,folded A2 monomer,1480-1672,,OUT_OF_SCOPE_FOR_MUTATION_POSITION,destabilized_A2_can_support_2A_multimer_loss,medium,
VWF_S1783A,S1783A,1783,2M,A3,a2_adamts13_folded_complex,A2 ADAMTS13 docking / Type 2A axis,folded A2 plus ADAMTS13 spacer-domain fragment,1480-1672,ADAMTS13_Spacer,OUT_OF_SCOPE_FOR_MUTATION_POSITION,altered_ADAMTS13_docking_is_supportive_not_decisive,exploratory,ADAMTS13 cleavage is exposure-dependent; folded docking alone is not the full biology.
VWF_S1783A,S1783A,1783,2M,A3,vwf73_adamts13_substrate,unfolded A2 cleavage-substrate / Type 2A axis,VWF73 substrate peptide plus ADAMTS13 spacer-domain fragment,1596-1668,ADAMTS13_Spacer,OUT_OF_SCOPE_FOR_MUTATION_POSITION,altered_substrate_recognition_near_Y1605_M1606,medium,"Peptide-level proxy for the exposed cleavage substrate, not folded A2 mechanics."
VWF_S1783A,S1783A,1783,2M,A3,a3_collagen_binding,collagen I/III binding / Type 2M-A3 axis,A3 domain plus collagen triple-helix peptide,1673-1874,Collagen_I_THP,RUN,loss_of_collagen_binding_supports_2M_A3,high,
VWF_S1783A,S1783A,1783,2M,A3,c1_collagen_binding,collagen binding accessory C-domain axis,C1 domain plus collagen triple-helix peptide,2256-2324,Collagen_I_THP,OUT_OF_SCOPE_FOR_MUTATION_POSITION,loss_of_collagen_binding_supports_qualitative_platelet_adhesion_defect,exploratory,
VWF_S1783A,S1783A,1783,2M,A3,c2_collagen_binding,collagen binding accessory C-domain axis,C2 domain plus collagen triple-helix peptide,2325-2392,Collagen_I_THP,OUT_OF_SCOPE_FOR_MUTATION_POSITION,loss_of_collagen_binding_supports_qualitative_platelet_adhesion_defect,exploratory,
VWF_S1783A,S1783A,1783,2M,A3,c4_integrin_binding,platelet integrin alphaIIb beta3 / C4 RGD axis,C4 domain plus integrin beta3 headpiece proxy,2497-2577,Integrin_alphaIIb_beta3,OUT_OF_SCOPE_FOR_MUTATION_POSITION,altered_RGD_axis_supports_platelet_aggregation_defect,exploratory,
VWF_S1783A,S1783A,1783,2M,A3,d1d2_propeptide_context,"biosynthesis, propeptide processing, multimerization / Type 1 and 3 axis",D1-D2 propeptide monomeric context,23-763,,OUT_OF_SCOPE_FOR_MUTATION_POSITION,local_destabilization_can_support_secretion_or_multimerization_defect,medium,
VWF_S1783A,S1783A,1783,2M,A3,d4_assembly_context,secretion and multimer assembly / quantitative VWD axis,D4 monomeric context,1875-2255,,OUT_OF_SCOPE_FOR_MUTATION_POSITION,local_destabilization_can_support_quantitative_defect,medium,
VWF_S1783A,S1783A,1783,2M,A3,c_domain_assembly_context,"C-domain assembly, dimer packing, secretion / quantitative VWD axis",C1-C6 monomeric context,2256-2722,,OUT_OF_SCOPE_FOR_MUTATION_POSITION,local_destabilization_can_support_quantitative_or_multimer_defect,medium,
VWF_S1783A,S1783A,1783,2M,A3,ck_dimerization_context,C-terminal dimerization / Type 1 and 3 axis,CK domain monomeric context,2723-2813,,OUT_OF_SCOPE_FOR_MUTATION_POSITION,local_destabilization_can_support_dimerization_or_secretion_defect,medium,
VWF_H1786D,H1786D,1786,2M,A3,dprime_d3_fviii_binding,FVIII carrier function / Type 2N axis,D_prime-D3 plus FVIII light-chain fragment,764-1233,FVIII_LightChain,OUT_OF_SCOPE_FOR_MUTATION_POSITION,loss_of_binding_supports_2N,high,
VWF_H1786D,H1786D,1786,2M,A3,a1_gpiba_forced_binding,platelet GPIb alpha binding / Type 2B and 2M-A1 axis,A1 domain plus GPIb alpha extracellular fragment,1260-1479,GPIb_alpha,OUT_OF_SCOPE_FOR_MUTATION_POSITION,stronger_binding_can_support_2B; weaker_binding_can_support_2M_A1,medium,Forced complex; it does not test low-shear A1 opening.
VWF_H1786D,H1786D,1786,2M,A3,a1_heparan_sulfate_binding,A1 heparan-sulfate / charge-modulation axis,A1 domain plus heparan-sulfate mimetic peptide,1260-1479,Heparan_Sulfate_mimic,OUT_OF_SCOPE_FOR_MUTATION_POSITION,modulatory_evidence_for_A1_surface_charge,exploratory,
VWF_H1786D,H1786D,1786,2M,A3,a1_aim_autoinhibition_context,A1 autoinhibition and conformational exposure / Type 2B vs 2M-A1 axis,AIM-flanked A1 monomeric construct,1234-1493,,OUT_OF_SCOPE_FOR_MUTATION_POSITION,changed_AIM_A1_contacts_or_exposed_GPIb_surface,exploratory,This is a static proxy for AIM/open-closed behavior; it cannot simulate shear or conformational ensemble populations by itself.
VWF_H1786D,H1786D,1786,2M,A3,a2_folded_stability,A2 fold stability / Type 2A axis,folded A2 monomer,1480-1672,,OUT_OF_SCOPE_FOR_MUTATION_POSITION,destabilized_A2_can_support_2A_multimer_loss,medium,
VWF_H1786D,H1786D,1786,2M,A3,a2_adamts13_folded_complex,A2 ADAMTS13 docking / Type 2A axis,folded A2 plus ADAMTS13 spacer-domain fragment,1480-1672,ADAMTS13_Spacer,OUT_OF_SCOPE_FOR_MUTATION_POSITION,altered_ADAMTS13_docking_is_supportive_not_decisive,exploratory,ADAMTS13 cleavage is exposure-dependent; folded docking alone is not the full biology.
VWF_H1786D,H1786D,1786,2M,A3,vwf73_adamts13_substrate,unfolded A2 cleavage-substrate / Type 2A axis,VWF73 substrate peptide plus ADAMTS13 spacer-domain fragment,1596-1668,ADAMTS13_Spacer,OUT_OF_SCOPE_FOR_MUTATION_POSITION,altered_substrate_recognition_near_Y1605_M1606,medium,"Peptide-level proxy for the exposed cleavage substrate, not folded A2 mechanics."
VWF_H1786D,H1786D,1786,2M,A3,a3_collagen_binding,collagen I/III binding / Type 2M-A3 axis,A3 domain plus collagen triple-helix peptide,1673-1874,Collagen_I_THP,RUN,loss_of_collagen_binding_supports_2M_A3,high,
VWF_H1786D,H1786D,1786,2M,A3,c1_collagen_binding,collagen binding accessory C-domain axis,C1 domain plus collagen triple-helix peptide,2256-2324,Collagen_I_THP,OUT_OF_SCOPE_FOR_MUTATION_POSITION,loss_of_collagen_binding_supports_qualitative_platelet_adhesion_defect,exploratory,
VWF_H1786D,H1786D,1786,2M,A3,c2_collagen_binding,collagen binding accessory C-domain axis,C2 domain plus collagen triple-helix peptide,2325-2392,Collagen_I_THP,OUT_OF_SCOPE_FOR_MUTATION_POSITION,loss_of_collagen_binding_supports_qualitative_platelet_adhesion_defect,exploratory,
VWF_H1786D,H1786D,1786,2M,A3,c4_integrin_binding,platelet integrin alphaIIb beta3 / C4 RGD axis,C4 domain plus integrin beta3 headpiece proxy,2497-2577,Integrin_alphaIIb_beta3,OUT_OF_SCOPE_FOR_MUTATION_POSITION,altered_RGD_axis_supports_platelet_aggregation_defect,exploratory,
VWF_H1786D,H1786D,1786,2M,A3,d1d2_propeptide_context,"biosynthesis, propeptide processing, multimerization / Type 1 and 3 axis",D1-D2 propeptide monomeric context,23-763,,OUT_OF_SCOPE_FOR_MUTATION_POSITION,local_destabilization_can_support_secretion_or_multimerization_defect,medium,
VWF_H1786D,H1786D,1786,2M,A3,d4_assembly_context,secretion and multimer assembly / quantitative VWD axis,D4 monomeric context,1875-2255,,OUT_OF_SCOPE_FOR_MUTATION_POSITION,local_destabilization_can_support_quantitative_defect,medium,
VWF_H1786D,H1786D,1786,2M,A3,c_domain_assembly_context,"C-domain assembly, dimer packing, secretion / quantitative VWD axis",C1-C6 monomeric context,2256-2722,,OUT_OF_SCOPE_FOR_MUTATION_POSITION,local_destabilization_can_support_quantitative_or_multimer_defect,medium,
VWF_H1786D,H1786D,1786,2M,A3,ck_dimerization_context,C-terminal dimerization / Type 1 and 3 axis,CK domain monomeric context,2723-2813,,OUT_OF_SCOPE_FOR_MUTATION_POSITION,local_destabilization_can_support_dimerization_or_secretion_defect,medium,
VWF_V1822E,V1822E,1822,2M,A3,dprime_d3_fviii_binding,FVIII carrier function / Type 2N axis,D_prime-D3 plus FVIII light-chain fragment,764-1233,FVIII_LightChain,OUT_OF_SCOPE_FOR_MUTATION_POSITION,loss_of_binding_supports_2N,high,
VWF_V1822E,V1822E,1822,2M,A3,a1_gpiba_forced_binding,platelet GPIb alpha binding / Type 2B and 2M-A1 axis,A1 domain plus GPIb alpha extracellular fragment,1260-1479,GPIb_alpha,OUT_OF_SCOPE_FOR_MUTATION_POSITION,stronger_binding_can_support_2B; weaker_binding_can_support_2M_A1,medium,Forced complex; it does not test low-shear A1 opening.
VWF_V1822E,V1822E,1822,2M,A3,a1_heparan_sulfate_binding,A1 heparan-sulfate / charge-modulation axis,A1 domain plus heparan-sulfate mimetic peptide,1260-1479,Heparan_Sulfate_mimic,OUT_OF_SCOPE_FOR_MUTATION_POSITION,modulatory_evidence_for_A1_surface_charge,exploratory,
VWF_V1822E,V1822E,1822,2M,A3,a1_aim_autoinhibition_context,A1 autoinhibition and conformational exposure / Type 2B vs 2M-A1 axis,AIM-flanked A1 monomeric construct,1234-1493,,OUT_OF_SCOPE_FOR_MUTATION_POSITION,changed_AIM_A1_contacts_or_exposed_GPIb_surface,exploratory,This is a static proxy for AIM/open-closed behavior; it cannot simulate shear or conformational ensemble populations by itself.
VWF_V1822E,V1822E,1822,2M,A3,a2_folded_stability,A2 fold stability / Type 2A axis,folded A2 monomer,1480-1672,,OUT_OF_SCOPE_FOR_MUTATION_POSITION,destabilized_A2_can_support_2A_multimer_loss,medium,
VWF_V1822E,V1822E,1822,2M,A3,a2_adamts13_folded_complex,A2 ADAMTS13 docking / Type 2A axis,folded A2 plus ADAMTS13 spacer-domain fragment,1480-1672,ADAMTS13_Spacer,OUT_OF_SCOPE_FOR_MUTATION_POSITION,altered_ADAMTS13_docking_is_supportive_not_decisive,exploratory,ADAMTS13 cleavage is exposure-dependent; folded docking alone is not the full biology.
VWF_V1822E,V1822E,1822,2M,A3,vwf73_adamts13_substrate,unfolded A2 cleavage-substrate / Type 2A axis,VWF73 substrate peptide plus ADAMTS13 spacer-domain fragment,1596-1668,ADAMTS13_Spacer,OUT_OF_SCOPE_FOR_MUTATION_POSITION,altered_substrate_recognition_near_Y1605_M1606,medium,"Peptide-level proxy for the exposed cleavage substrate, not folded A2 mechanics."
VWF_V1822E,V1822E,1822,2M,A3,a3_collagen_binding,collagen I/III binding / Type 2M-A3 axis,A3 domain plus collagen triple-helix peptide,1673-1874,Collagen_I_THP,RUN,loss_of_collagen_binding_supports_2M_A3,high,
VWF_V1822E,V1822E,1822,2M,A3,c1_collagen_binding,collagen binding accessory C-domain axis,C1 domain plus collagen triple-helix peptide,2256-2324,Collagen_I_THP,OUT_OF_SCOPE_FOR_MUTATION_POSITION,loss_of_collagen_binding_supports_qualitative_platelet_adhesion_defect,exploratory,
VWF_V1822E,V1822E,1822,2M,A3,c2_collagen_binding,collagen binding accessory C-domain axis,C2 domain plus collagen triple-helix peptide,2325-2392,Collagen_I_THP,OUT_OF_SCOPE_FOR_MUTATION_POSITION,loss_of_collagen_binding_supports_qualitative_platelet_adhesion_defect,exploratory,
VWF_V1822E,V1822E,1822,2M,A3,c4_integrin_binding,platelet integrin alphaIIb beta3 / C4 RGD axis,C4 domain plus integrin beta3 headpiece proxy,2497-2577,Integrin_alphaIIb_beta3,OUT_OF_SCOPE_FOR_MUTATION_POSITION,altered_RGD_axis_supports_platelet_aggregation_defect,exploratory,
VWF_V1822E,V1822E,1822,2M,A3,d1d2_propeptide_context,"biosynthesis, propeptide processing, multimerization / Type 1 and 3 axis",D1-D2 propeptide monomeric context,23-763,,OUT_OF_SCOPE_FOR_MUTATION_POSITION,local_destabilization_can_support_secretion_or_multimerization_defect,medium,
VWF_V1822E,V1822E,1822,2M,A3,d4_assembly_context,secretion and multimer assembly / quantitative VWD axis,D4 monomeric context,1875-2255,,OUT_OF_SCOPE_FOR_MUTATION_POSITION,local_destabilization_can_support_quantitative_defect,medium,
VWF_V1822E,V1822E,1822,2M,A3,c_domain_assembly_context,"C-domain assembly, dimer packing, secretion / quantitative VWD axis",C1-C6 monomeric context,2256-2722,,OUT_OF_SCOPE_FOR_MUTATION_POSITION,local_destabilization_can_support_quantitative_or_multimer_defect,medium,
VWF_V1822E,V1822E,1822,2M,A3,ck_dimerization_context,C-terminal dimerization / Type 1 and 3 axis,CK domain monomeric context,2723-2813,,OUT_OF_SCOPE_FOR_MUTATION_POSITION,local_destabilization_can_support_dimerization_or_secretion_defect,medium,
