job_name,yaml_path,variant_id,aa_change,position,wt_aa,mut_aa,source_labels,inferred_domain,assay_key,clinical_axis,construct_role,vwf_range,ligand_keys,n_chains,run_decision,expected_signal,interpretability,notes
VWF_WT__dprime_d3_fviii_binding,yamls/VWF_WT__dprime_d3_fviii_binding.yaml,VWF_WT,,,,,WT,,dprime_d3_fviii_binding,FVIII carrier function / Type 2N axis,D_prime-D3 plus FVIII light-chain fragment,764-1233,FVIII_LightChain,2,WT_BASELINE,loss_of_binding_supports_2N,high,
VWF_WT__a1_gpiba_forced_binding,yamls/VWF_WT__a1_gpiba_forced_binding.yaml,VWF_WT,,,,,WT,,a1_gpiba_forced_binding,platelet GPIb alpha binding / Type 2B and 2M-A1 axis,A1 domain plus GPIb alpha extracellular fragment,1260-1479,GPIb_alpha,2,WT_BASELINE,stronger_binding_can_support_2B; weaker_binding_can_support_2M_A1,medium,Forced complex; it does not test low-shear A1 opening.
VWF_WT__a1_heparan_sulfate_binding,yamls/VWF_WT__a1_heparan_sulfate_binding.yaml,VWF_WT,,,,,WT,,a1_heparan_sulfate_binding,A1 heparan-sulfate / charge-modulation axis,A1 domain plus heparan-sulfate mimetic peptide,1260-1479,Heparan_Sulfate_mimic,2,WT_BASELINE,modulatory_evidence_for_A1_surface_charge,exploratory,
VWF_WT__a1_aim_autoinhibition_context,yamls/VWF_WT__a1_aim_autoinhibition_context.yaml,VWF_WT,,,,,WT,,a1_aim_autoinhibition_context,A1 autoinhibition and conformational exposure / Type 2B vs 2M-A1 axis,AIM-flanked A1 monomeric construct,1234-1493,,1,WT_BASELINE,changed_AIM_A1_contacts_or_exposed_GPIb_surface,exploratory,This is a static proxy for AIM/open-closed behavior; it cannot simulate shear or conformational ensemble populations by itself.
VWF_WT__a2_folded_stability,yamls/VWF_WT__a2_folded_stability.yaml,VWF_WT,,,,,WT,,a2_folded_stability,A2 fold stability / Type 2A axis,folded A2 monomer,1480-1672,,1,WT_BASELINE,destabilized_A2_can_support_2A_multimer_loss,medium,
VWF_WT__a2_adamts13_folded_complex,yamls/VWF_WT__a2_adamts13_folded_complex.yaml,VWF_WT,,,,,WT,,a2_adamts13_folded_complex,A2 ADAMTS13 docking / Type 2A axis,folded A2 plus ADAMTS13 spacer-domain fragment,1480-1672,ADAMTS13_Spacer,2,WT_BASELINE,altered_ADAMTS13_docking_is_supportive_not_decisive,exploratory,ADAMTS13 cleavage is exposure-dependent; folded docking alone is not the full biology.
VWF_WT__vwf73_adamts13_substrate,yamls/VWF_WT__vwf73_adamts13_substrate.yaml,VWF_WT,,,,,WT,,vwf73_adamts13_substrate,unfolded A2 cleavage-substrate / Type 2A axis,VWF73 substrate peptide plus ADAMTS13 spacer-domain fragment,1596-1668,ADAMTS13_Spacer,2,WT_BASELINE,altered_substrate_recognition_near_Y1605_M1606,medium,"Peptide-level proxy for the exposed cleavage substrate, not folded A2 mechanics."
VWF_WT__a3_collagen_binding,yamls/VWF_WT__a3_collagen_binding.yaml,VWF_WT,,,,,WT,,a3_collagen_binding,collagen I/III binding / Type 2M-A3 axis,A3 domain plus collagen triple-helix peptide,1673-1874,Collagen_I_THP,4,WT_BASELINE,loss_of_collagen_binding_supports_2M_A3,high,
VWF_WT__c1_collagen_binding,yamls/VWF_WT__c1_collagen_binding.yaml,VWF_WT,,,,,WT,,c1_collagen_binding,collagen binding accessory C-domain axis,C1 domain plus collagen triple-helix peptide,2256-2324,Collagen_I_THP,4,WT_BASELINE,loss_of_collagen_binding_supports_qualitative_platelet_adhesion_defect,exploratory,
VWF_WT__c2_collagen_binding,yamls/VWF_WT__c2_collagen_binding.yaml,VWF_WT,,,,,WT,,c2_collagen_binding,collagen binding accessory C-domain axis,C2 domain plus collagen triple-helix peptide,2325-2392,Collagen_I_THP,4,WT_BASELINE,loss_of_collagen_binding_supports_qualitative_platelet_adhesion_defect,exploratory,
VWF_WT__c4_integrin_binding,yamls/VWF_WT__c4_integrin_binding.yaml,VWF_WT,,,,,WT,,c4_integrin_binding,platelet integrin alphaIIb beta3 / C4 RGD axis,C4 domain plus integrin beta3 headpiece proxy,2497-2577,Integrin_alphaIIb_beta3,2,WT_BASELINE,altered_RGD_axis_supports_platelet_aggregation_defect,exploratory,
VWF_WT__d1d2_propeptide_context,yamls/VWF_WT__d1d2_propeptide_context.yaml,VWF_WT,,,,,WT,,d1d2_propeptide_context,"biosynthesis, propeptide processing, multimerization / Type 1 and 3 axis",D1-D2 propeptide monomeric context,23-763,,1,WT_BASELINE,local_destabilization_can_support_secretion_or_multimerization_defect,medium,
VWF_WT__d4_assembly_context,yamls/VWF_WT__d4_assembly_context.yaml,VWF_WT,,,,,WT,,d4_assembly_context,secretion and multimer assembly / quantitative VWD axis,D4 monomeric context,1875-2255,,1,WT_BASELINE,local_destabilization_can_support_quantitative_defect,medium,
VWF_WT__c_domain_assembly_context,yamls/VWF_WT__c_domain_assembly_context.yaml,VWF_WT,,,,,WT,,c_domain_assembly_context,"C-domain assembly, dimer packing, secretion / quantitative VWD axis",C1-C6 monomeric context,2256-2722,,1,WT_BASELINE,local_destabilization_can_support_quantitative_or_multimer_defect,medium,
VWF_WT__ck_dimerization_context,yamls/VWF_WT__ck_dimerization_context.yaml,VWF_WT,,,,,WT,,ck_dimerization_context,C-terminal dimerization / Type 1 and 3 axis,CK domain monomeric context,2723-2813,,1,WT_BASELINE,local_destabilization_can_support_dimerization_or_secretion_defect,medium,
VWF_V1409F__a1_gpiba_forced_binding,yamls/VWF_V1409F__a1_gpiba_forced_binding.yaml,VWF_V1409F,V1409F,1409,V,F,2M,A1,a1_gpiba_forced_binding,platelet GPIb alpha binding / Type 2B and 2M-A1 axis,A1 domain plus GPIb alpha extracellular fragment,1260-1479,GPIb_alpha,2,RUN,stronger_binding_can_support_2B; weaker_binding_can_support_2M_A1,medium,Forced complex; it does not test low-shear A1 opening.
VWF_V1409F__a1_heparan_sulfate_binding,yamls/VWF_V1409F__a1_heparan_sulfate_binding.yaml,VWF_V1409F,V1409F,1409,V,F,2M,A1,a1_heparan_sulfate_binding,A1 heparan-sulfate / charge-modulation axis,A1 domain plus heparan-sulfate mimetic peptide,1260-1479,Heparan_Sulfate_mimic,2,RUN,modulatory_evidence_for_A1_surface_charge,exploratory,
VWF_V1409F__a1_aim_autoinhibition_context,yamls/VWF_V1409F__a1_aim_autoinhibition_context.yaml,VWF_V1409F,V1409F,1409,V,F,2M,A1,a1_aim_autoinhibition_context,A1 autoinhibition and conformational exposure / Type 2B vs 2M-A1 axis,AIM-flanked A1 monomeric construct,1234-1493,,1,RUN,changed_AIM_A1_contacts_or_exposed_GPIb_surface,exploratory,This is a static proxy for AIM/open-closed behavior; it cannot simulate shear or conformational ensemble populations by itself.
VWF_P1413R__a1_gpiba_forced_binding,yamls/VWF_P1413R__a1_gpiba_forced_binding.yaml,VWF_P1413R,P1413R,1413,P,R,2M,A1,a1_gpiba_forced_binding,platelet GPIb alpha binding / Type 2B and 2M-A1 axis,A1 domain plus GPIb alpha extracellular fragment,1260-1479,GPIb_alpha,2,RUN,stronger_binding_can_support_2B; weaker_binding_can_support_2M_A1,medium,Forced complex; it does not test low-shear A1 opening.
VWF_P1413R__a1_heparan_sulfate_binding,yamls/VWF_P1413R__a1_heparan_sulfate_binding.yaml,VWF_P1413R,P1413R,1413,P,R,2M,A1,a1_heparan_sulfate_binding,A1 heparan-sulfate / charge-modulation axis,A1 domain plus heparan-sulfate mimetic peptide,1260-1479,Heparan_Sulfate_mimic,2,RUN,modulatory_evidence_for_A1_surface_charge,exploratory,
VWF_P1413R__a1_aim_autoinhibition_context,yamls/VWF_P1413R__a1_aim_autoinhibition_context.yaml,VWF_P1413R,P1413R,1413,P,R,2M,A1,a1_aim_autoinhibition_context,A1 autoinhibition and conformational exposure / Type 2B vs 2M-A1 axis,AIM-flanked A1 monomeric construct,1234-1493,,1,RUN,changed_AIM_A1_contacts_or_exposed_GPIb_surface,exploratory,This is a static proxy for AIM/open-closed behavior; it cannot simulate shear or conformational ensemble populations by itself.
VWF_I1416T__a1_gpiba_forced_binding,yamls/VWF_I1416T__a1_gpiba_forced_binding.yaml,VWF_I1416T,I1416T,1416,I,T,2M,A1,a1_gpiba_forced_binding,platelet GPIb alpha binding / Type 2B and 2M-A1 axis,A1 domain plus GPIb alpha extracellular fragment,1260-1479,GPIb_alpha,2,RUN,stronger_binding_can_support_2B; weaker_binding_can_support_2M_A1,medium,Forced complex; it does not test low-shear A1 opening.
VWF_I1416T__a1_heparan_sulfate_binding,yamls/VWF_I1416T__a1_heparan_sulfate_binding.yaml,VWF_I1416T,I1416T,1416,I,T,2M,A1,a1_heparan_sulfate_binding,A1 heparan-sulfate / charge-modulation axis,A1 domain plus heparan-sulfate mimetic peptide,1260-1479,Heparan_Sulfate_mimic,2,RUN,modulatory_evidence_for_A1_surface_charge,exploratory,
VWF_I1416T__a1_aim_autoinhibition_context,yamls/VWF_I1416T__a1_aim_autoinhibition_context.yaml,VWF_I1416T,I1416T,1416,I,T,2M,A1,a1_aim_autoinhibition_context,A1 autoinhibition and conformational exposure / Type 2B vs 2M-A1 axis,AIM-flanked A1 monomeric construct,1234-1493,,1,RUN,changed_AIM_A1_contacts_or_exposed_GPIb_surface,exploratory,This is a static proxy for AIM/open-closed behavior; it cannot simulate shear or conformational ensemble populations by itself.
VWF_I1425F__a1_gpiba_forced_binding,yamls/VWF_I1425F__a1_gpiba_forced_binding.yaml,VWF_I1425F,I1425F,1425,I,F,2M,A1,a1_gpiba_forced_binding,platelet GPIb alpha binding / Type 2B and 2M-A1 axis,A1 domain plus GPIb alpha extracellular fragment,1260-1479,GPIb_alpha,2,RUN,stronger_binding_can_support_2B; weaker_binding_can_support_2M_A1,medium,Forced complex; it does not test low-shear A1 opening.
VWF_I1425F__a1_heparan_sulfate_binding,yamls/VWF_I1425F__a1_heparan_sulfate_binding.yaml,VWF_I1425F,I1425F,1425,I,F,2M,A1,a1_heparan_sulfate_binding,A1 heparan-sulfate / charge-modulation axis,A1 domain plus heparan-sulfate mimetic peptide,1260-1479,Heparan_Sulfate_mimic,2,RUN,modulatory_evidence_for_A1_surface_charge,exploratory,
VWF_I1425F__a1_aim_autoinhibition_context,yamls/VWF_I1425F__a1_aim_autoinhibition_context.yaml,VWF_I1425F,I1425F,1425,I,F,2M,A1,a1_aim_autoinhibition_context,A1 autoinhibition and conformational exposure / Type 2B vs 2M-A1 axis,AIM-flanked A1 monomeric construct,1234-1493,,1,RUN,changed_AIM_A1_contacts_or_exposed_GPIb_surface,exploratory,This is a static proxy for AIM/open-closed behavior; it cannot simulate shear or conformational ensemble populations by itself.
VWF_R1426C__a1_gpiba_forced_binding,yamls/VWF_R1426C__a1_gpiba_forced_binding.yaml,VWF_R1426C,R1426C,1426,R,C,2M,A1,a1_gpiba_forced_binding,platelet GPIb alpha binding / Type 2B and 2M-A1 axis,A1 domain plus GPIb alpha extracellular fragment,1260-1479,GPIb_alpha,2,RUN,stronger_binding_can_support_2B; weaker_binding_can_support_2M_A1,medium,Forced complex; it does not test low-shear A1 opening.
VWF_R1426C__a1_heparan_sulfate_binding,yamls/VWF_R1426C__a1_heparan_sulfate_binding.yaml,VWF_R1426C,R1426C,1426,R,C,2M,A1,a1_heparan_sulfate_binding,A1 heparan-sulfate / charge-modulation axis,A1 domain plus heparan-sulfate mimetic peptide,1260-1479,Heparan_Sulfate_mimic,2,RUN,modulatory_evidence_for_A1_surface_charge,exploratory,
VWF_R1426C__a1_aim_autoinhibition_context,yamls/VWF_R1426C__a1_aim_autoinhibition_context.yaml,VWF_R1426C,R1426C,1426,R,C,2M,A1,a1_aim_autoinhibition_context,A1 autoinhibition and conformational exposure / Type 2B vs 2M-A1 axis,AIM-flanked A1 monomeric construct,1234-1493,,1,RUN,changed_AIM_A1_contacts_or_exposed_GPIb_surface,exploratory,This is a static proxy for AIM/open-closed behavior; it cannot simulate shear or conformational ensemble populations by itself.
VWF_L1696R__a3_collagen_binding,yamls/VWF_L1696R__a3_collagen_binding.yaml,VWF_L1696R,L1696R,1696,L,R,2M,A3,a3_collagen_binding,collagen I/III binding / Type 2M-A3 axis,A3 domain plus collagen triple-helix peptide,1673-1874,Collagen_I_THP,4,RUN,loss_of_collagen_binding_supports_2M_A3,high,
VWF_S1699F__a3_collagen_binding,yamls/VWF_S1699F__a3_collagen_binding.yaml,VWF_S1699F,S1699F,1699,S,F,2M,A3,a3_collagen_binding,collagen I/III binding / Type 2M-A3 axis,A3 domain plus collagen triple-helix peptide,1673-1874,Collagen_I_THP,4,RUN,loss_of_collagen_binding_supports_2M_A3,high,
VWF_V1730G__a3_collagen_binding,yamls/VWF_V1730G__a3_collagen_binding.yaml,VWF_V1730G,V1730G,1730,V,G,2M,A3,a3_collagen_binding,collagen I/III binding / Type 2M-A3 axis,A3 domain plus collagen triple-helix peptide,1673-1874,Collagen_I_THP,4,RUN,loss_of_collagen_binding_supports_2M_A3,high,
VWF_S1731T__a3_collagen_binding,yamls/VWF_S1731T__a3_collagen_binding.yaml,VWF_S1731T,S1731T,1731,S,T,2M,A3,a3_collagen_binding,collagen I/III binding / Type 2M-A3 axis,A3 domain plus collagen triple-helix peptide,1673-1874,Collagen_I_THP,4,RUN,loss_of_collagen_binding_supports_2M_A3,high,
VWF_L1733P__a3_collagen_binding,yamls/VWF_L1733P__a3_collagen_binding.yaml,VWF_L1733P,L1733P,1733,L,P,2M,A3,a3_collagen_binding,collagen I/III binding / Type 2M-A3 axis,A3 domain plus collagen triple-helix peptide,1673-1874,Collagen_I_THP,4,RUN,loss_of_collagen_binding_supports_2M_A3,high,
VWF_Y1735D__a3_collagen_binding,yamls/VWF_Y1735D__a3_collagen_binding.yaml,VWF_Y1735D,Y1735D,1735,Y,D,2M,A3,a3_collagen_binding,collagen I/III binding / Type 2M-A3 axis,A3 domain plus collagen triple-helix peptide,1673-1874,Collagen_I_THP,4,RUN,loss_of_collagen_binding_supports_2M_A3,high,
VWF_W1745C__a3_collagen_binding,yamls/VWF_W1745C__a3_collagen_binding.yaml,VWF_W1745C,W1745C,1745,W,C,2M,A3,a3_collagen_binding,collagen I/III binding / Type 2M-A3 axis,A3 domain plus collagen triple-helix peptide,1673-1874,Collagen_I_THP,4,RUN,loss_of_collagen_binding_supports_2M_A3,high,
VWF_M1761K__a3_collagen_binding,yamls/VWF_M1761K__a3_collagen_binding.yaml,VWF_M1761K,M1761K,1761,M,K,2M,A3,a3_collagen_binding,collagen I/III binding / Type 2M-A3 axis,A3 domain plus collagen triple-helix peptide,1673-1874,Collagen_I_THP,4,RUN,loss_of_collagen_binding_supports_2M_A3,high,
VWF_S1783A__a3_collagen_binding,yamls/VWF_S1783A__a3_collagen_binding.yaml,VWF_S1783A,S1783A,1783,S,A,2M,A3,a3_collagen_binding,collagen I/III binding / Type 2M-A3 axis,A3 domain plus collagen triple-helix peptide,1673-1874,Collagen_I_THP,4,RUN,loss_of_collagen_binding_supports_2M_A3,high,
VWF_H1786D__a3_collagen_binding,yamls/VWF_H1786D__a3_collagen_binding.yaml,VWF_H1786D,H1786D,1786,H,D,2M,A3,a3_collagen_binding,collagen I/III binding / Type 2M-A3 axis,A3 domain plus collagen triple-helix peptide,1673-1874,Collagen_I_THP,4,RUN,loss_of_collagen_binding_supports_2M_A3,high,
VWF_V1822E__a3_collagen_binding,yamls/VWF_V1822E__a3_collagen_binding.yaml,VWF_V1822E,V1822E,1822,V,E,2M,A3,a3_collagen_binding,collagen I/III binding / Type 2M-A3 axis,A3 domain plus collagen triple-helix peptide,1673-1874,Collagen_I_THP,4,RUN,loss_of_collagen_binding_supports_2M_A3,high,
